03005b00	arm	sub_3005B00
03005cd8	thumb	nullsub_38
03005cda	thumb	sub_3005CDA
03005cf0	thumb	sub_3005CF0
03005d24	thumb	sub_3005D24
03005d78	thumb	sub_3005D78
03005d98	thumb	nullsub_24
03005da0	thumb	sub_3005DA0
03005dd4	thumb	_SetInterruptCallback
03005dec	thumb	sub_3005DEC
03005e02	thumb	sub_3005E02
03005e18	thumb	sub_3005E18
03005e2c	thumb	sub_3005E2C
03005e60	thumb	sub_3005E60
03005e6a	thumb	sub_3005E6A
03005e80	thumb	iCopyBackgroundTiles
03005eba	thumb	sub_3005EBA
03005ef0	thumb	sub_3005EF0
03005f34	thumb	sub_3005F34
03005f56	thumb	sub_3005F56
03005f78	thumb	sub_3005F78
03006028	thumb	sub_3006028
03006108	thumb	sub_3006108
030061a8	thumb	sub_30061A8
030061c8	thumb	sub_30061C8
030061e8	thumb	sub_30061E8
0300631c	thumb	sub_300631C
0300638c	thumb	sub_300638C
03006404	thumb	sub_3006404
03006428	thumb	sub_3006428
03006440	thumb	sub_3006440
03006594	thumb	sub_3006594
03006730	thumb	sub_3006730
03006792	thumb	sub_3006792
03006814	thumb	copyTo_iObjectAttr3001D70_3006814
030068e8	thumb	sub_30068E8
03006920	thumb	sub_3006920
030069a8	thumb	sub_30069A8
03006a5e	thumb	sub_3006A5E
03006b94	thumb	sub_3006B94
03006c18	thumb	sub_3006C18
03006c38	thumb	sub_3006C38
03006c3c	thumb	sub_3006C3C
03006c72	thumb	sub_3006C72
03006c8e	thumb	sub_3006C8E
03006ca8	thumb	sub_3006CA8
03006cd0	thumb	sub_3006CD0
03006da4	thumb	sub_3006DA4
03006dc8	thumb	sub_3006DC8
03006e1c	thumb	sub_3006E1C
03006e7c	thumb	sub_3006E7C
03006e98	thumb	sub_3006E98
03006f20	thumb	sub_3006F20
03006f24	thumb	sub_3006F24
03006f42	thumb	sub_3006F42
03006f48	thumb	sub_3006F48
03006f5c	thumb	sub_3006F5C
03006f70	thumb	sub_3006F70
03006f74	thumb	sub_3006F74
03006f8c	thumb	sub_3006F8C
03007038	thumb	sub_3007038
030070b4	thumb	sub_30070B4
03007218	thumb	sub_3007218
03007432	thumb	getPrimaryElementWeaknessMultipler_3007432
03007460	thumb	sub_3007460
030074a2	thumb	applyElecOnBubbleMultipler_30074a2
030074ba	thumb	sub_30074BA
030074e2	thumb	getSecondaryElementWeaknessMultipler_30074e2
03007550	thumb	_object_removeCollisionData
030075fc	thumb	sub_30075FC
03007650	thumb	sub_3007650
0300766c	thumb	applyHeatOnGrassDamage_300766c
03007692	thumb	sub_3007692
03007708	thumb	sub_3007708
0300777c	thumb	sub_300777C
03007828	thumb	sub_3007828
03007868	thumb	sub_3007868
03007880	thumb	sub_3007880
030078c8	thumb	sub_30078C8
030078e0	thumb	_object_updatePanelParameters
03007958	thumb	_object_getPanelDataOffset
03007978	thumb	sub_3007978
030079a4	thumb	_object_setPanelType
08000000	arm	GameEntryPoint
080001c4	arm	start_clearMemory
080001d8	arm	start_copyMemory
0800023c	thumb	start_800023C
0800024c	thumb	SetInterruptCallback
0800025c	thumb	start_dead_800025C
08000268	thumb	start_dead_8000268
0800027c	thumb	start_800027C
08000288	thumb	start_8000288
0800029c	thumb	start_800029C
080002a8	thumb	start_80002A8
080002bc	thumb	main_
080003a0	thumb	main_awaitFrame
080003d0	thumb	main_pollGeneralLCDStatus_STAT_LYC_
080003e4	thumb	main_static_80003E4
08000454	thumb	main_static_8000454
080004a4	thumb	main_initToolkitAndOtherSubsystems
08000570	thumb	main_static_8000570
080005ac	thumb	call_m4aSoundMain
080005c4	thumb	call_m4a_2_814F00C
080005cc	thumb	PlaySoundEffect
080005d4	thumb	PlayMusic
080005f2	thumb	sub_80005F2
0800060a	thumb	sub_800060A
0800061e	thumb	m4a_800061E
08000630	thumb	sub_8000630
08000642	thumb	sub_8000642
0800065a	thumb	sub_800065A
08000672	thumb	sound_8000672
0800068a	thumb	sound_800068A
080006a2	thumb	sound_80006A2
08000784	thumb	musicGameState_8000784
080007a0	thumb	sub_80007A0
080007b2	thumb	zeroFill_80007B2
080007be	thumb	sub_80007BE
08000808	thumb	sound_8000808
08000822	thumb	sub_8000822
080008b4	thumb	ZeroFillByByte
080008c0	thumb	ZeroFillByHalfword
080008e0	thumb	ZeroFillByWord
08000900	thumb	ZeroFillByEightWords
08000920	thumb	CopyBytes
0800092a	thumb	CopyHalfwords
0800093c	thumb	CopyWords
08000950	thumb	CopyByEightWords
08000964	thumb	ByteFill
0800096c	thumb	HalfwordFill
0800098c	thumb	WordFill
080009ac	thumb	FillByEightWords
080009cc	thumb	sub_80009CC
080009fc	thumb	sub_80009FC
08000a3c	thumb	clearWord_e200AC1C
08000a44	thumb	ProcessGFXTransferQueue
08000ab8	thumb	QueueUnk00GFXTransfer
08000abc	thumb	QueueByteAlignedGFXTransfer
08000ac0	thumb	QueueHwordAlignedGFXTransfer
08000ac4	thumb	QueueWordAlignedGFXTransfer
08000ac8	thumb	QueueEightWordAlignedGFXTransfer
08000b18	thumb	sub_8000B18
08000b30	thumb	decompAndCopyData
08000b8e	thumb	QueueGFXTransfersInList
08000bec	thumb	sub_8000BEC
08000c00	thumb	sub_8000C00
08000c5c	thumb	sub_8000C5C
08000c72	thumb	sub_8000C72
08000ca6	thumb	sub_8000CA6
08000cda	thumb	sub_8000CDA
08000d12	thumb	sub_8000D12
08000d4a	thumb	sub_8000D4A
08000d5e	thumb	sub_8000D5E
08000d84	thumb	sub_8000D84
08000de0	thumb	sub_8000DE0
08000e10	thumb	CapIncrementGameTimeFrames
08000e28	thumb	sub_8000E28
08000e30	thumb	sub_8000E30
08000e3a	thumb	sub_8000E3A
08000e90	thumb	sub_8000E90
08000eb6	thumb	sub_8000EB6
08000ee4	thumb	GetTitleScreenIconCount
08000f86	thumb	sub_8000F86
08000fac	thumb	sub_8000FAC
08000fe6	thumb	sub_8000FE6
08001002	thumb	sub_8001002
08001014	thumb	sub_8001014
08001040	thumb	sub_8001040
0800107a	thumb	updatePlayerGameState_800107A
08001092	thumb	sub_8001092
080010a4	thumb	sub_80010A4
080010b6	thumb	GetCurPETNavi
080010be	thumb	SetCurPETNavi
080010c6	thumb	writeCurPETNaviToS2001c04_Unk07_80010c6
080010d4	thumb	sub_80010D4
080010ec	thumb	sub_80010EC
0800110a	thumb	sub_800110A
08001154	thumb	sub_8001154
08001158	thumb	sub_8001158
08001172	thumb	sub_8001172
0800117c	thumb	calcAngle_800117C
0800118a	thumb	sub_800118A
080011a0	thumb	sub_80011A0
080011c0	thumb	sub_80011C0
080011d6	thumb	sub_80011D6
080011f0	thumb	sub_80011F0
0800120e	thumb	sub_800120E
08001288	thumb	sub_8001288
080012c6	thumb	sub_80012C6
08001330	thumb	sub_8001330
08001382	thumb	sub_8001382
0800138e	thumb	sub_800138E
0800139a	thumb	sub_800139A
080013a2	thumb	sub_80013A2
080013aa	thumb	sub_80013AA
080014d4	thumb	sub_80014D4
080014ec	thumb	copyWords_80014EC
08001514	thumb	SeedRNG2
0800151c	thumb	GetRNG2
08001532	thumb	GetPositiveSignedRNG2
0800154c	thumb	GetRNG1
08001562	thumb	GetPositiveSignedRNG1
0800157c	thumb	dead_rng_800157C
080015b4	thumb	sub_80015B4
080015d0	thumb	copyToVRAMAndClear_iBGTileIdBlocks_Ptr
080015fc	thumb	sub_80015FC
08001708	thumb	map_8001708
0800172c	thumb	render_800172C
08001778	thumb	SetRenderInfoLCDControl
08001780	thumb	GetRenderInfoLCDControl
08001788	thumb	renderInfo_8001788
080017a0	thumb	renderInfo_80017A0
080017aa	thumb	zeroFillVRAM
080017e0	thumb	ZeroFill_byte_3001960
080017ec	thumb	main_zeroFill_80017EC
08001808	thumb	copyPalletesToIWRAM_8001808
08001820	thumb	zeroFill_e2009740
0800182e	thumb	zeroFill_e200F3A0
0800183c	thumb	ZeroFillGFX30025c0
08001850	thumb	copyMemory_8001850
0800187c	thumb	sub_800187C
08001890	thumb	sub_8001890
080018c2	thumb	CopyBackgroundTiles
080018d0	thumb	call_sub_3005EBA
080018e0	thumb	sub_80018E0
08001930	thumb	sub_8001930
0800195c	thumb	SetBGScrollCallbacks
08001974	thumb	SetDummyBGScrollCallbacks
08001994	thumb	CallBGScrollCallback0
080019a0	thumb	CallBGScrollCallback1
080019b0	thumb	nullsub_35
080019b2	thumb	nullsub_36
080019b4	thumb	BGScrollCB_BG1Diagonal3to2Scroll
080019d0	thumb	BGScrollCB_BG3Diagonal3to2Scroll
080019ec	thumb	BGScrollCB_BG1UpScroll
080019fe	thumb	BGScrollCB_BG3UpScroll
08001a10	thumb	BGScrollCB_BG1DownScroll
08001a22	thumb	BGScrollCB_BG3DownScroll
08001a34	thumb	BGScrollCB_BG1SlowRightScroll
08001a46	thumb	BGScrollCB_BG3SlowRightScroll
08001a58	thumb	BGScrollCB_BG1FastLeftScroll
08001a6a	thumb	BGScrollCB_BG3FastLeftScroll
08001a7c	thumb	BGScrollCB_BG1AccelToVeryFastDownScroll
08001ab4	thumb	nullsub_39
08001afc	thumb	zeroFill_e20094C0
08001b0c	thumb	sub_8001B0C
08001b1c	thumb	LoadGFXAnim
08001b6c	thumb	TerminateGFXAnim
08001b84	thumb	IsGFXAnimActive
08001b94	thumb	ProcessGFXAnims
08001c44	thumb	sub_8001C44
08001c52	thumb	sub_8001C52
08001c94	thumb	sub_8001C94
08001cfc	thumb	sub_8001CFC
08001d64	thumb	sub_8001D64
08001d86	thumb	sub_8001D86
08001eae	thumb	sub_8001EAE
08001ed0	thumb	sub_8001ED0
08002000	thumb	sub_8002000
08002042	thumb	sub_8002042
0800218c	thumb	sub_800218C
080021ce	thumb	sub_80021CE
08002310	thumb	sub_8002310
0800232a	thumb	sub_800232A
08002338	thumb	sub_8002338
08002354	thumb	LoadGFXAnims
08002368	thumb	zeroFill_e20097A0
08002378	thumb	sub_8002378
0800239a	thumb	Terminate_ePalette20097a0_Transform
080023a8	thumb	sub_80023A8
080023b8	thumb	sub_80023B8
080023c6	thumb	sub_80023C6
080023e0	thumb	getPalleteAndTransition_80023E0
08002468	thumb	Initialize_eStruct200a6a0
08002484	thumb	run_eStruct200a6a0_Callback_8002484
080024a2	thumb	zeroFill_80024A2
080024ae	thumb	sub_80024AE
080024c0	thumb	Is_eStruct200a6a0_Initialized
080024cc	thumb	sub_80024CC
0800260c	thumb	sub_800260C
08002650	thumb	copyPalletesToIWRAM_8002650
08002668	thumb	sub_8002668
08002694	thumb	sub_8002694
080026a4	thumb	sprite_loadAnimationData
080026b6	thumb	sprite_80026B6
080026c4	thumb	sprite_update
080026d6	thumb	sprite_chatbox_80026D6
080026e4	thumb	sprite_load
0800272c	thumb	sprite_initialize
0800275a	thumb	spriteLoadMugshot_800275A
08002770	thumb	initGuiSprite_8002770
0800279c	thumb	sub_800279C
080027b4	thumb	sub_80027B4
080027c4	thumb	sub_80027C4
080027d4	thumb	sub_80027D4
080027e4	thumb	sub_80027E4
080027f4	thumb	sub_80027F4
08002818	thumb	sub_8002818
0800286c	thumb	sub_800286C
08002874	thumb	sub_8002874
0800289c	thumb	sprite_resetObjVars_800289C
080028c0	thumb	sub_80028C0
080028d4	thumb	initUncompSpriteState_80028d4
08002906	thumb	uncompSprite_8002906
08002986	thumb	sub_8002986
080029a8	thumb	sub_80029A8
08002a64	thumb	sub_8002A64
08002ade	thumb	sub_8002ADE
08002b30	thumb	sprite_decompress
08002bcc	thumb	sub_8002BCC
08002bea	thumb	sub_8002BEA
08002c24	thumb	sprite_setScaleParameters
08002c52	thumb	sprite_setObjWindowMode
08002c68	thumb	sprite_disableObjWindowMode
08002c7a	thumb	sprite_setAlpha_8002c7a
08002c7e	thumb	sprite_setAlpha
08002cb6	thumb	sub_8002CB6
08002cce	thumb	sprite_disableAlpha
08002ce0	thumb	sprite_getMosaicScalingParameters
08002cf6	thumb	sub_8002CF6
08002d06	thumb	sub_8002D06
08002d14	thumb	sprite_makeScalable
08002d20	thumb	sub_8002D20
08002d52	thumb	sprite_makeUnscalable
08002d80	thumb	sprite_setPalette
08002d8c	thumb	sprite_getPalette
08002d98	thumb	sprite_setAnimationAlt
08002da4	thumb	sprite_setAnimation
08002db0	thumb	sprite_forceWhitePalette
08002dc8	thumb	sprite_getFinalPalette
08002dd8	thumb	sprite_clearFinalPalette
08002dea	thumb	sprite_getFrameParameters
08002e04	thumb	sub_8002E04
08002e14	thumb	sub_8002E14
08002e2a	thumb	sub_8002E2A
08002e3c	thumb	sprite_hasShadow
08002e52	thumb	sprite_removeShadow
08002e68	thumb	sub_8002E68
08002e7e	thumb	sub_8002E7E
08002eac	thumb	sub_8002EAC
08002ebe	thumb	sub_8002EBE
08002ed0	thumb	sprite_setColorShader
08002edc	thumb	sprite_getColorShader
08002ee8	thumb	sprite_zeroColorShader
08002ef6	thumb	sprite_setMosaicSize
08002f2c	thumb	sprite_clearMosaic
08002f3e	thumb	sub_8002F3E
08002f5c	thumb	sprite_setFlip
08002f7e	thumb	sprite_getFlip
08002f90	thumb	sprite_noShadow
08002fa6	thumb	sprite_setUnk0x2c
08002fb2	thumb	sprite_getUnk0x2c
08002fbe	thumb	sub_8002FBE
08002fd4	thumb	sub_8002FD4
08002fec	thumb	sub_8002FEC
08002ff8	thumb	sub_8002FF8
08003006	thumb	sprite_setField0x3Bit5
08003018	thumb	sub_8003018
0800302a	thumb	sub_800302A
0800304a	thumb	sub_800304A
08003060	thumb	sub_8003060
0800306c	thumb	sub_800306C
0800307c	thumb	sprite_setCoordinates
0800308a	thumb	sprite_addCoordinates
080030a8	thumb	sprite_getCoordinates
080030ba	thumb	sub_80030BA
0800318c	thumb	sub_800318C
080031ac	thumb	RunBattleObjectLogic
08003278	thumb	SpawnBattleObjectCommon
08003320	thumb	object_spawnType1
0800333c	thumb	sub_800333C
08003358	thumb	object_spawnType3
08003374	thumb	sub_8003374
08003390	thumb	sub_8003390
080033ac	thumb	object_spawnType4
080033c8	thumb	sub_80033C8
080033e4	thumb	sub_80033E4
08003400	thumb	sub_8003400
08003428	thumb	UpdateBattleObjectLinkedList
08003440	thumb	sub_8003440
08003458	thumb	object_freeMemory
08003490	thumb	InitializeStructsOfObjectType
08003534	thumb	InitializeOWPlayerObjectStruct
0800353e	thumb	InitializeT1BattleObjectStructs
08003548	thumb	InitializeT3BattleObjectStructs
08003552	thumb	InitializeT4BattleObjectStructs
0800355c	thumb	InitializeOverworldNPCObjectStructs
08003566	thumb	InitializeOverworldMapObjectStructs
08003570	thumb	SpawnObjectsFromList
080035a2	thumb	FreeAllObjectsOfSpecifiedTypes
0800362c	thumb	sub_800362C
08003694	thumb	sub_8003694
0800371a	thumb	object_Clear3RAMBytes_800371A
0800372a	thumb	object_800372A
0800378c	thumb	sub_800378C
080037ac	thumb	createOWObjectInteractionArea_80037ac
080037f4	thumb	checkOWObjectInteractions_80037f4
08003894	thumb	checkOWObjectInteractionAreasOverlap_8003894
08003908	thumb	Clear_eStruct2000780
08003914	thumb	initScenarioEffect_8003914
08003940	thumb	endScenarioEffectMaybe_8003940
08003962	thumb	sub_8003962
0800397a	thumb	sub_800397A
08003984	thumb	sub_8003984
0800399a	thumb	sub_800399A
080039aa	thumb	sub_80039AA
080039cc	thumb	Is_eScenarioEffectState2000780_Initialized
080039d4	thumb	sub_80039D4
08003a58	thumb	sub_8003A58
08003a64	thumb	initMinigameEffect_8003a64
08003a90	thumb	endMinigameEffectMaybe_8003a90
08003ab2	thumb	zeroFill_8003AB2
08003aca	thumb	sub_8003ACA
08003ad4	thumb	sub_8003AD4
08003aea	thumb	sub_8003AEA
08003afa	thumb	sub_8003AFA
08003b1c	thumb	Is_eStruct2001010_Initialized
08003b24	thumb	sub_8003B24
08003b4c	thumb	SpawnOWPlayerObject
08003b86	thumb	FreeOWPlayerObject
08003ba2	thumb	sub_8003BA2
08003bf4	thumb	sub_8003BF4
08003c70	thumb	sub_8003C70
08003c7a	thumb	sub_8003C7A
08003e18	thumb	sub_8003E18
08003e98	thumb	sub_8003E98
08004218	thumb	sub_8004218
08004298	thumb	sub_8004298
080042a6	thumb	sub_80042A6
08004510	thumb	sub_8004510
08004590	thumb	sub_8004590
0800459a	thumb	dead_800459A
080045c0	thumb	SpawnOverworldNPCObject
08004602	thumb	FreeOverworldNPCObject
0800461e	thumb	npc_800461E
0800467c	thumb	sub_800467C
080046f8	thumb	sub_80046F8
08004702	thumb	sub_8004702
080047e0	thumb	SpawnOverworldMapObject
08004822	thumb	sub_8004822
08004864	thumb	sub_8004864
080048b2	thumb	FreeOverworldMapObject
080048d2	thumb	sub_80048D2
08004934	thumb	sub_8004934
080049b0	thumb	sub_80049B0
080049ba	thumb	sub_80049BA
080049e0	thumb	sub_80049E0
080049f8	thumb	sub_80049F8
080049fc	thumb	sub_80049FC
08004b28	thumb	sub_8004B28
08004b72	thumb	sub_8004B72
08004bc8	thumb	sub_8004BC8
08004bfc	thumb	sub_8004BFC
08004c62	thumb	sub_8004C62
08004c90	thumb	sub_8004C90
08004cae	thumb	sub_8004CAE
08004cbe	thumb	sub_8004CBE
08004ccc	thumb	sub_8004CCC
08004d48	thumb	sub_8004D48
08004df0	thumb	reqBBS_init_8004DF0
080050ec	thumb	cbGameState_80050EC
08005148	thumb	EnterMap
08005268	thumb	gamestate_8005268
080052d8	thumb	battle_80052D8
0800531c	thumb	sub_800531C
08005360	thumb	sub_8005360
0800536e	thumb	sub_800536E
080053e4	thumb	sub_80053E4
08005462	thumb	sub_8005462
08005524	thumb	sub_8005524
0800555a	thumb	sub_800555A
080055ce	thumb	sub_80055CE
08005642	thumb	sub_8005642
080056b8	thumb	sub_80056B8
0800572c	thumb	sub_800572C
080057a0	thumb	sub_80057A0
08005814	thumb	sub_8005814
0800585a	thumb	sub_800585A
080058d0	thumb	sub_80058D0
0800596c	thumb	sub_800596C
08005990	thumb	sub_8005990
080059b4	thumb	sub_80059B4
080059d0	thumb	sub_80059D0
080059ec	thumb	sub_80059EC
08005a00	thumb	sub_8005A00
08005a0c	thumb	sub_8005A0C
08005a28	thumb	sub_8005A28
08005a50	thumb	sub_8005A50
08005a8c	thumb	sub_8005A8C
08005af4	thumb	sub_8005AF4
08005b6a	thumb	sub_8005B6A
08005b6e	thumb	sub_8005B6E
08005bc8	thumb	gameState_8005BC8
08005c04	thumb	sub_8005C04
08005ce8	thumb	subsystem_launchBBS
08005d08	thumb	subsystem_launchReqBBS
08005d28	thumb	subsystem_launchShop
08005d48	thumb	subsystem_launchChipTrader
08005d88	thumb	sub_8005D88
08005dbe	thumb	sub_8005DBE
08005df0	thumb	dead_8005DF0
08005e22	thumb	dead_8005E22
08005e54	thumb	dead_8005E54
08005e86	thumb	sub_8005E86
08005ea2	thumb	sub_8005EA2
08005ec0	thumb	subsystem_launchMail
08005eec	thumb	sub_8005EEC
08005f00	thumb	warp_setSubsystemIndexTo0x10AndOthers_8005f00
08005f14	thumb	warp_setSubsystemIndexTo0x14AndOthers_8005f14
08005f28	thumb	sub_8005F28
08005f32	thumb	warp_8005f32
08005f40	thumb	sub_8005F40
08005f6c	thumb	sub_8005F6C
08005f78	thumb	sub_8005F78
08005f84	thumb	sub_8005F84
08006270	thumb	SetScreenFade
080062c8	thumb	screenFade_80062C8
080062d0	thumb	sub_80062D0
080062d6	thumb	sub_80062D6
080062ec	thumb	sub_80062EC
080062f8	thumb	IsScreenFadeActive
080062fc	thumb	isScreenFadeActive_80062FC
0800630a	thumb	subsystem_triggerTransition_800630A
08006330	thumb	sub_8006330
0800634c	thumb	sub_800634C
08006366	thumb	sub_8006366
080063c0	thumb	sub_80063C0
08006414	thumb	sub_8006414
08006444	thumb	sub_8006444
0800647c	thumb	sub_800647C
080064be	thumb	sub_80064BE
08006518	thumb	sub_8006518
08006580	thumb	sub_8006580
080068e0	thumb	sub_80068E0
080068e8	thumb	sub_80068E8
080068ec	thumb	sub_80068EC
08006910	thumb	sub_8006910
08006920	thumb	sub_8006920
08006990	thumb	sub_8006990
08006a5c	thumb	sub_8006A5C
08006a6c	thumb	sub_8006A6C
08006b3a	thumb	sub_8006B3A
08006b94	thumb	sub_8006B94
08006bc0	thumb	SetPrimaryToolkitPointers
08006c18	thumb	SetPrimaryToolkitPointersWrapper
08006c22	thumb	RandomizeExtraToolkitPointers
08006c6c	thumb	SetExtraToolkitPointers
08006d00	thumb	encryption_8006d00
08006dec	thumb	sub_8006DEC
08006df6	thumb	encryption_8006df6
08006e0e	thumb	encryption_save_memSetFlags_8006E0E
08006e26	thumb	encryption_8006e26
08006e3c	thumb	encryption_8006e3c
08006e50	thumb	encryption_navicustMaybe_8006e50
08006e70	thumb	encryption_8006e70
08006e84	thumb	encryption_8006e84
08006ea4	thumb	sub_8006EA4
08006ee8	thumb	sub_8006EE8
08006f1e	thumb	sub_8006F1E
08006f54	thumb	encryption_zenny_8006f54
08006f78	thumb	encryption_zenny_8006f78
08006fac	thumb	encryption_bugfrags_8006fac
08006fd0	thumb	encryption_bugfrags_8006fd0
08007004	thumb	encryption_8007004
0800701c	thumb	encryption_800701c
08007036	thumb	encryption_8007036
08007068	thumb	encryption_8007068
0800708c	thumb	encryption_800708c
080070bc	thumb	encryption_80070bc
080070e6	thumb	encryption_80070e6
0800710a	thumb	encryption_800710a
0800718c	thumb	sub_800718C
08007194	thumb	get_flags32_20093A4
0800719a	thumb	set_flags32_20093A4
080071a4	thumb	clear_flags32_20093A4
080071ae	thumb	assign_flags32_20093A4
080071b4	thumb	reset_flags32_20093A4
080071d4	thumb	sub_80071D4
08007338	thumb	sub_8007338
08007358	thumb	sub_8007358
08007368	thumb	sub_8007368
080073cc	thumb	sub_80073CC
080073e2	thumb	sub_80073E2
08007424	thumb	sub_8007424
08007450	thumb	sub_8007450
0800748a	thumb	sub_800748A
080074c4	thumb	nullsub_40
080074c6	thumb	nullsub_41
080074c8	thumb	sub_80074C8
080074de	thumb	sub_80074DE
080074fa	thumb	sub_80074FA
0800751c	thumb	sub_800751C
0800753c	thumb	sub_800753C
080075ca	thumb	sub_80075CA
08007628	thumb	sub_8007628
0800768c	thumb	dead_800768C
08007696	thumb	dead_8007696
080076a0	thumb	sub_80076A0
08007778	thumb	sub_8007778
080077b4	thumb	sub_80077B4
080077d2	thumb	sub_80077D2
08007800	thumb	battle_8007800
08007850	thumb	sub_8007850
0800794c	thumb	sub_800794C
08007978	thumb	sub_8007978
0800799c	thumb	sub_800799C
080079a8	thumb	sub_80079A8
080079d0	thumb	sub_80079D0
080079f0	thumb	sub_80079F0
08007a0c	thumb	sub_8007A0C
08007a44	thumb	battle_8007A44
08007b80	thumb	sub_8007B80
08007b9c	thumb	sub_8007B9C
08007bd0	thumb	sub_8007BD0
08007bf0	thumb	sub_8007BF0
08007c14	thumb	sub_8007C14
08007c50	thumb	sub_8007C50
08007ca0	thumb	sub_8007CA0
08007e62	thumb	sub_8007E62
08007eb8	thumb	sub_8007EB8
08007f14	thumb	sub_8007F14
08007f2c	thumb	sub_8007F2C
08007f4e	thumb	sub_8007F4E
08007fa4	thumb	sub_8007FA4
08007fd2	thumb	sub_8007FD2
0800801c	thumb	sub_800801C
08008064	thumb	sub_8008064
080080d2	thumb	sub_80080D2
080081a4	thumb	sub_80081A4
0800825a	thumb	sub_800825A
080082dc	thumb	sub_80082DC
0800834a	thumb	sub_800834A
08008364	thumb	sub_8008364
0800838a	thumb	sub_800838A
080083e4	thumb	sub_80083E4
0800840c	thumb	sub_800840C
08008452	thumb	sub_8008452
08008492	thumb	sub_8008492
080084c0	thumb	sub_80084C0
080084f0	thumb	sub_80084F0
08008528	thumb	sub_8008528
0800855e	thumb	sub_800855E
080085fe	thumb	sub_80085FE
08008622	thumb	sub_8008622
08008664	thumb	sub_8008664
08008688	thumb	sub_8008688
080086f8	thumb	sub_80086F8
08008716	thumb	sub_8008716
0800873a	thumb	sub_800873A
08008764	thumb	sub_8008764
080087d8	thumb	sub_80087D8
08008840	thumb	sub_8008840
08008864	thumb	sub_8008864
08008894	thumb	sub_8008894
080088b2	thumb	sub_80088B2
080088d6	thumb	sub_80088D6
08008900	thumb	sub_8008900
08008928	thumb	sub_8008928
08008950	thumb	sub_8008950
0800898c	thumb	sub_800898C
080089cc	thumb	sub_80089CC
08008a7c	thumb	sub_8008A7C
08008aa0	thumb	sub_8008AA0
08008b10	thumb	sub_8008B10
08008b2e	thumb	sub_8008B2E
08008b52	thumb	sub_8008B52
08008b7c	thumb	sub_8008B7C
08008bf0	thumb	sub_8008BF0
08008c58	thumb	sub_8008C58
08008c7c	thumb	sub_8008C7C
08008cac	thumb	sub_8008CAC
08008cca	thumb	sub_8008CCA
08008cee	thumb	sub_8008CEE
08008d18	thumb	sub_8008D18
08008d40	thumb	sub_8008D40
08008d60	thumb	sub_8008D60
08008d9c	thumb	sub_8008D9C
08008ddc	thumb	sub_8008DDC
08008e7c	thumb	sub_8008E7C
08008ea0	thumb	sub_8008EA0
08008f10	thumb	sub_8008F10
08008f2e	thumb	sub_8008F2E
08008f52	thumb	sub_8008F52
08008f7c	thumb	sub_8008F7C
08008ff0	thumb	sub_8008FF0
08009058	thumb	sub_8009058
0800907c	thumb	sub_800907C
080090ac	thumb	sub_80090AC
080090ca	thumb	sub_80090CA
080090ee	thumb	sub_80090EE
08009118	thumb	sub_8009118
08009140	thumb	sub_8009140
08009158	thumb	sub_8009158
080091f0	thumb	sub_80091F0
0800927c	thumb	sub_800927C
080092a0	thumb	sub_80092A0
080092c0	thumb	sub_80092C0
080092f0	thumb	sub_80092F0
08009314	thumb	sub_8009314
08009338	thumb	sub_8009338
0800938a	thumb	sub_800938A
0800945c	thumb	sub_800945C
08009478	thumb	sub_8009478
080094b6	thumb	sub_80094B6
080094da	thumb	sub_80094DA
0800951e	thumb	sub_800951E
08009552	thumb	sub_8009552
08009594	thumb	sub_8009594
080095c8	thumb	sub_80095C8
0800961c	thumb	sub_800961C
08009658	thumb	sub_8009658
080096e0	thumb	sub_80096E0
08009704	thumb	sub_8009704
08009720	thumb	sub_8009720
08009734	thumb	sub_8009734
08009754	thumb	sub_8009754
08009784	thumb	sub_8009784
080097a8	thumb	sub_80097A8
080097cc	thumb	sub_80097CC
0800980e	thumb	sub_800980E
080098bc	thumb	sub_80098BC
080098d8	thumb	sub_80098D8
08009916	thumb	sub_8009916
0800993a	thumb	sub_800993A
08009966	thumb	sub_8009966
080099a4	thumb	sub_80099A4
080099e0	thumb	sub_80099E0
08009a68	thumb	sub_8009A68
08009a88	thumb	sub_8009A88
08009aa8	thumb	sub_8009AA8
08009ad8	thumb	sub_8009AD8
08009afc	thumb	sub_8009AFC
08009b20	thumb	sub_8009B20
08009bac	thumb	sub_8009BAC
08009bc8	thumb	sub_8009BC8
08009c06	thumb	sub_8009C06
08009c2a	thumb	sub_8009C2A
08009c56	thumb	sub_8009C56
08009c94	thumb	sub_8009C94
08009cd0	thumb	sub_8009CD0
08009d58	thumb	sub_8009D58
08009d78	thumb	sub_8009D78
08009d98	thumb	sub_8009D98
08009dc8	thumb	sub_8009DC8
08009dec	thumb	sub_8009DEC
08009e10	thumb	sub_8009E10
08009e2c	thumb	RunTextScriptDustManUndernetTut_8009E2C
08009e40	thumb	sub_8009E40
08009e56	thumb	sub_8009E56
08009ee2	thumb	sub_8009EE2
08009efc	thumb	sub_8009EFC
08009f3a	thumb	sub_8009F3A
08009f5e	thumb	sub_8009F5E
08009f8a	thumb	sub_8009F8A
08009fcc	thumb	sub_8009FCC
08009ff8	thumb	sub_8009FF8
0800a01c	thumb	sub_800A01C
0800a028	thumb	PauseBattle
0800a032	thumb	UnpauseBattle
0800a03c	thumb	battle_isPaused
0800a046	thumb	sub_800A046
0800a07c	thumb	sub_800A07C
0800a098	thumb	battle_isTimeStop
0800a0a4	thumb	battle_isTimeStopPauseOrBattleFlags0x20_800a0a4
0800a0c6	thumb	sub_800A0C6
0800a0d6	thumb	sub_800A0D6
0800a0f4	thumb	sub_800A0F4
0800a104	thumb	sub_800A104
0800a11c	thumb	sub_800A11C
0800a142	thumb	sub_800A142
0800a152	thumb	sub_800A152
0800a18e	thumb	battle_isBattleOver
0800a1aa	thumb	sub_800A1AA
0800a1d0	thumb	sub_800A1D0
0800a21c	thumb	sub_800A21C
0800a244	thumb	sub_800A244
0800a29a	thumb	sub_800A29A
0800a2d0	thumb	sub_800A2D0
0800a2d8	thumb	battle_setFlags
0800a2e4	thumb	battle_clearFlags
0800a2f0	thumb	battle_getFlags
0800a2f8	thumb	sub_800A2F8
0800a318	thumb	sub_800A318
0800a3e4	thumb	sub_800A3E4
0800a4e0	thumb	sub_800A4E0
0800a506	thumb	sub_800A506
0800a540	thumb	sub_800A540
0800a570	thumb	sub_800A570
0800a672	thumb	sub_800A672
0800a6a6	thumb	sub_800A6A6
0800a6d8	thumb	sub_800A6D8
0800a704	thumb	sub_800A704
0800a70c	thumb	sub_800A70C
0800a714	thumb	sub_800A714
0800a71e	thumb	getBattleSettingsFromList0
0800a728	thumb	getBattleSettingsFromList1
0800a732	thumb	isSameSubsystem_800A732
0800a754	thumb	sub_800A754
0800a772	thumb	sub_800A772
0800a79c	thumb	sub_800A79C
0800a7a6	thumb	sub_800A7A6
0800a7d0	thumb	IsCurSubsystemInUse
0800a7e2	thumb	sub_800A7E2
0800a7ea	thumb	sub_800A7EA
0800a80c	thumb	sub_800A80C
0800a832	thumb	sub_800A832
0800a840	thumb	setTwoStructs_800A840
0800a84e	thumb	sub_800A84E
0800a856	thumb	sub_800A856
0800a86e	thumb	sub_800A86E
0800a892	thumb	sub_800A892
0800a8b2	thumb	sub_800A8B2
0800a8d4	thumb	sub_800A8D4
0800a8f8	thumb	sub_800A8F8
0800a908	thumb	sub_800A908
0800a954	thumb	sub_800A954
0800a964	thumb	sub_800A964
0800a97a	thumb	sub_800A97A
0800a998	thumb	sub_800A998
0800a9ca	thumb	sub_800A9CA
0800a9d6	thumb	sub_800A9D6
0800a9e2	thumb	sub_800A9E2
0800a9ec	thumb	battle_networkInvert
0800a9f6	thumb	battle_clearEnemyFadeinList
0800aa06	thumb	sub_800AA06
0800aa1a	thumb	sub_800AA1A
0800aa40	thumb	sub_800AA40
0800aa64	thumb	sub_800AA64
0800aa92	thumb	sub_800AA92
0800aaae	thumb	sub_800AAAE
0800aabc	thumb	sub_800AABC
0800aad6	thumb	sub_800AAD6
0800aae8	thumb	sub_800AAE8
0800aaf2	thumb	sub_800AAF2
0800aafc	thumb	sub_800AAFC
0800ab22	thumb	sub_800AB22
0800ab2e	thumb	sub_800AB2E
0800ab3a	thumb	sub_800AB3A
0800ab46	thumb	sub_800AB46
0800ab5c	thumb	sub_800AB5C
0800ab70	thumb	sub_800AB70
0800ab7c	thumb	sub_800AB7C
0800abc6	thumb	sub_800ABC6
0800ac20	thumb	sub_800AC20
0800ae0c	thumb	sub_800AE0C
0800ae44	thumb	sub_800AE44
0800ae54	thumb	sub_800AE54
0800ae90	thumb	sub_800AE90
0800aee8	thumb	chip_800AEE8
0800af34	thumb	sub_800AF34
0800af50	thumb	sub_800AF50
0800af84	thumb	sub_800AF84
0800afba	thumb	sub_800AFBA
0800b022	thumb	sub_800B022
0800b090	thumb	sub_800B090
0800b110	thumb	sub_800B110
0800b144	thumb	sub_800B144
0800b2d8	thumb	battle_copyStructsIncludingBattleStats_800b2d8
0800b3a2	thumb	sub_800B3A2
0800b3d8	thumb	sub_800B3D8
0800b428	thumb	sub_800B428
0800b444	thumb	sub_800B444
0800b460	thumb	sub_800B460
0800b46c	thumb	sub_800B46C
0800b484	thumb	sub_800B484
0800b49e	thumb	sub_800B49E
0800b4b2	thumb	sub_800B4B2
0800b4ce	thumb	sub_800B4CE
0800b50e	thumb	sub_800B50E
0800b548	thumb	sub_800B548
0800b694	thumb	sub_800B694
0800b6aa	thumb	eStruct200A008_setBattleResult
0800b6b0	thumb	eStruct200A008_getBattleResult
0800b6b6	thumb	eStruct200A008_setUnk00
0800b6bc	thumb	eStruct200A008_getUnk00
0800b6c2	thumb	eStruct200A008_setUnk02
0800b6c8	thumb	eStruct200A008_getUnk02
0800b6ce	thumb	eStruct200A008_setUnk04
0800b6d4	thumb	eStruct200A008_getUnk04
0800b6da	thumb	eStruct200A008_setUnk06
0800b6e0	thumb	eStruct200A008_getUnk06
0800b6e6	thumb	eStruct200A008_setUnk03
0800b6ec	thumb	eStruct200A008_getUnk03
0800b6f2	thumb	sub_800B6F2
0800b734	thumb	sub_800B734
0800b75a	thumb	sub_800B75A
0800b762	thumb	sub_800B762
0800b79a	thumb	sub_800B79A
0800b7d0	thumb	sub_800B7D0
0800b7e8	thumb	sub_800B7E8
0800b800	thumb	sub_800B800
0800b80c	thumb	nullsub_2
0800b80e	thumb	sub_800B80E
0800b884	thumb	sub_800B884
0800b892	thumb	sub_800B892
0800b89c	thumb	sub_800B89C
0800b8ac	thumb	sub_800B8AC
0800b8c2	thumb	sub_800B8C2
0800b8d8	thumb	sub_800B8D8
0800b8ee	thumb	sub_800B8EE
0800b916	thumb	object_timefreezeBegin
0800b94c	thumb	object_dimScreen
0800b97e	thumb	sub_800B97E
0800b9b0	thumb	object_drawChipName
0800ba8a	thumb	sub_800BA8A
0800bba8	thumb	sub_800BBA8
0800bc88	thumb	object_undimScreen
0800bcc0	thumb	sub_800BCC0
0800bcf6	thumb	sub_800BCF6
0800bd34	thumb	object_timefreezeEnd
0800bdb2	thumb	sub_800BDB2
0800bdd0	thumb	sub_800BDD0
0800be0c	thumb	sub_800BE0C
0800be2c	thumb	sub_800BE2C
0800beda	thumb	sub_800BEDA
0800bf16	thumb	sub_800BF16
0800bf5c	thumb	sub_800BF5C
0800bf66	thumb	sub_800BF66
0800bf88	thumb	sub_800BF88
0800bfc4	thumb	sub_800BFC4
0800c01c	thumb	sub_800C01C
0800c0ba	thumb	sub_800C0BA
0800c100	thumb	sub_800C100
0800c138	thumb	sub_800C138
0800c192	thumb	sub_800C192
0800c380	thumb	sub_800C380
0800c488	thumb	sub_800C488
0800c4bc	thumb	sub_800C4BC
0800c5e0	thumb	sub_800C5E0
0800c67c	thumb	sub_800C67C
0800c6d6	thumb	sub_800C6D6
0800c6e0	thumb	sub_800C6E0
0800c6f0	thumb	sub_800C6F0
0800c746	thumb	sub_800C746
0800c81e	thumb	sub_800C81E
0800c84a	thumb	sub_800C84A
0800c878	thumb	sub_800C878
0800c8c2	thumb	sub_800C8C2
0800c8f0	thumb	sub_800C8F0
0800c8f8	thumb	object_getPanelParameters
0800c90a	thumb	object_getPanelDataOffset
0800c918	thumb	sub_800C918
0800c928	thumb	object_updatePanelParameters
0800c938	thumb	object_crackPanel
0800c998	thumb	object_crackPanelDup1
0800c9f8	thumb	object_breakPanel
0800ca34	thumb	object_breakPanel_dup1
0800ca8c	thumb	object_breakPanel_dup2
0800cae8	thumb	object_breakPanel_dup3
0800cb44	thumb	object_breakPanelLoud
0800cba0	thumb	object_panel_setPoison
0800cbd8	thumb	object_highlightPanel
0800cbee	thumb	object_highlightPanelBlue
0800cc0a	thumb	object_setPanelType
0800cc14	thumb	object_setPanelAlliance
0800cc36	thumb	object_setPanelAllianceTimerLong
0800cc44	thumb	object_setPanelAllianceTimerShort
0800cc52	thumb	object_setPanelTypeBlink
0800cc66	thumb	object_isCurrentPanelValid
0800cc72	thumb	object_isValidPanel
0800cc86	thumb	object_checkPanelParameters
0800cca6	thumb	object_isCurrentPanelSolid
0800ccb2	thumb	object_isPanelSolid
0800ccbe	thumb	object_highlightCurrentCollisionPanels
0800ccd4	thumb	object_highlightPanelRegion
0800cd20	thumb	object_highlightPanelRegionBlue
0800cdb4	thumb	object_dead_getPanelsTypeAllianceCount
0800ce04	thumb	object_dead_getPanelsTypeCount
0800ce32	thumb	object_hidePanel
0800ce42	thumb	object_showPanel
0800ce64	thumb	object_getPanelsExceptCurrentFiltered
0800cea0	thumb	object_getPanelsFiltered
0800ced0	thumb	object_getRandomPanelFromCurrentColumn
0800cf14	thumb	object_getPanelsInColumnIgnoreRowFiltered
0800cf42	thumb	object_getPanelsInRowIgnoreColumnFiltered
0800cf70	thumb	object_getPanelsIgnoreRowFiltered
0800cfa6	thumb	object_getPanelsIgnoreColumnFiltered
0800cfdc	thumb	object_getPanelsInColumnFiltered
0800d012	thumb	object_getPanelsInRowFiltered
0800d048	thumb	object_getEnemyPlayerPanelY
0800d06a	thumb	object_getEnemyPlayerPanels
0800d086	thumb	object_getClosestPanelMatchingRowFiltered
0800d0bc	thumb	object_getFirstPanelInDirectionFiltered
0800d0dc	thumb	object_getFirstPanelInDirectionWithinDistanceFiltered
0800d100	thumb	object_getFirstPanelInDirectionFilteredDup1
0800d120	thumb	sub_800D120
0800d15a	thumb	sub_800D15A
0800d190	thumb	sub_800D190
0800d1f0	thumb	sub_800D1F0
0800d270	thumb	sub_800D270
0800d300	thumb	sub_800D300
0800d3a6	thumb	sub_800D3A6
0800d3fe	thumb	object_getPanelRegion
0800d45c	thumb	sub_800D45C
0800d4ac	thumb	sub_800D4AC
0800d4c2	thumb	object_getEdgePanelMatchingRow
0800d4d0	thumb	sub_800D4D0
0800d53c	thumb	sub_800D53C
0800d58c	thumb	sub_800D58C
0800d5ba	thumb	sub_800D5BA
0800d5f0	thumb	sub_800D5F0
0800d618	thumb	sub_800D618
0800d636	thumb	sub_800D636
0800d668	thumb	sub_800D668
0800d6cc	thumb	sub_800D6CC
0800d700	thumb	sub_800D700
0800e24c	thumb	sub_800E24C
0800e258	thumb	sub_800E258
0800e276	thumb	object_getCoordinatesForPanels
0800e29c	thumb	object_setCoordinatesFromPanels
0800e2ac	thumb	object_setPanelsFromCoordinates
0800e2c0	thumb	object_getEnemyDirection
0800e2c2	thumb	object_getAllianceDirection
0800e2ca	thumb	object_getFrontDirection
0800e2ce	thumb	object_getFlipDirection
0800e2d8	thumb	object_subtractHP
0800e2ec	thumb	object_addHP
0800e2fc	thumb	sub_800E2FC
0800e360	thumb	sub_800E360
0800e3be	thumb	sub_800E3BE
0800e3de	thumb	object_calculateFinalDamage1
0800e420	thumb	object_calculateFinalDamage2
0800e456	thumb	object_getFlip
0800e45e	thumb	sub_800E45E
0800e468	thumb	sub_800E468
0800e498	thumb	sub_800E498
0800e4c0	thumb	sub_800E4C0
0800e4c8	thumb	sub_800E4C8
0800e500	thumb	sub_800E500
0800e548	thumb	sub_800E548
0800e5ac	thumb	sub_800E5AC
0800e5e2	thumb	object_canMove
0800e5fc	thumb	sub_800E5FC
0800e618	thumb	sub_800E618
0800e680	thumb	sub_800E680
0800e6e8	thumb	sub_800E6E8
0800e708	thumb	sub_800E708
0800e730	thumb	sub_800E730
0800e994	thumb	sub_800E994
0800e9dc	thumb	object_setCounterTime
0800e9fa	thumb	sub_800E9FA
0800ea0e	thumb	sub_800EA0E
0800ea22	thumb	sub_800EA22
0800ea4e	thumb	sub_800EA4E
0800ea90	thumb	sub_800EA90
0800eaba	thumb	sub_800EABA
0800eac4	thumb	sub_800EAC4
0800eada	thumb	sub_800EADA
0800eaf6	thumb	sub_800EAF6
0800eafa	thumb	object_setInvulnerableTime
0800eb08	thumb	sub_800EB08
0800eb18	thumb	sub_800EB18
0800eb26	thumb	sub_800EB26
0800eb4e	thumb	sub_800EB4E
0800eb6c	thumb	sub_800EB6C
0800eb9e	thumb	object_spawnHiteffect
0800ebd4	thumb	object_getEnemyByNameRange
0800ec08	thumb	sub_800EC08
0800ec3c	thumb	sub_800EC3C
0800ec48	thumb	sub_800EC48
0800ec56	thumb	sub_800EC56
0800ec66	thumb	sub_800EC66
0800ec80	thumb	sub_800EC80
0800ed00	thumb	sub_800ED00
0800ed2c	thumb	object_createAIData
0800ed80	thumb	sub_800ED80
0800ed90	thumb	sub_800ED90
0800edd0	thumb	sub_800EDD0
0800ee26	thumb	sub_800EE26
0800ee98	thumb	sub_800EE98
0800ef02	thumb	sub_800EF02
0800ef34	thumb	sub_800EF34
0800f09e	thumb	sub_800F09E
0800f1dc	thumb	sub_800F1DC
0800f214	thumb	enemy_getStruct1
0800f23c	thumb	enemy_getStruct2
0800f26c	thumb	sub_800F26C
0800f29c	thumb	sub_800F29C
0800f2aa	thumb	sub_800F2AA
0800f2b4	thumb	nullsub_3
0800f2b6	thumb	object_setAnimation
0800f2c6	thumb	sub_800F2C6
0800f2f0	thumb	sub_800F2F0
0800f2fc	thumb	sub_800F2FC
0800f318	thumb	sub_800F318
0800f322	thumb	sub_800F322
0800f334	thumb	sub_800F334
0800f35c	thumb	sub_800F35C
0800f378	thumb	sub_800F378
0800f394	thumb	sub_800F394
0800f3b0	thumb	sub_800F3B0
0800f3cc	thumb	sub_800F3CC
0800f3e8	thumb	sub_800F3E8
0800f404	thumb	sub_800F404
0800f420	thumb	sub_800F420
0800f436	thumb	sub_800F436
0800f46c	thumb	sub_800F46C
0800f486	thumb	sub_800F486
0800f49e	thumb	sub_800F49E
0800f4a8	thumb	sub_800F4A8
0800f4b2	thumb	sub_800F4B2
0800f4e4	thumb	sub_800F4E4
0800f50c	thumb	sub_800F50C
0800f534	thumb	sub_800F534
0800f55c	thumb	sub_800F55C
0800f598	thumb	sub_800F598
0800f614	thumb	setFieldBattleObject_800F614
0800f656	thumb	sub_800F656
0800f672	thumb	sub_800F672
0800f6ac	thumb	sub_800F6AC
0800f6c6	thumb	sub_800F6C6
0800f768	thumb	sub_800F768
0800f7d4	thumb	sub_800F7D4
0800f806	thumb	sub_800F806
0800f884	thumb	sub_800F884
0800f898	thumb	sub_800F898
0800f8b0	thumb	sub_800F8B0
0800f8ce	thumb	sub_800F8CE
0800f90e	thumb	sub_800F90E
0800f964	thumb	sub_800F964
0800f998	thumb	sub_800F998
0800f9de	thumb	sub_800F9DE
0800fa20	thumb	sub_800FA20
0800fa54	thumb	sub_800FA54
0800faac	thumb	sub_800FAAC
0800fae0	thumb	sub_800FAE0
0800faf6	thumb	sub_800FAF6
0800fb54	thumb	sub_800FB54
0800fc30	thumb	sub_800FC30
0800fc7c	thumb	sub_800FC7C
0800fc9e	thumb	sub_800FC9E
0800fce4	thumb	sub_800FCE4
0800fcfc	thumb	sub_800FCFC
0800fd0a	thumb	sub_800FD0A
0800fd44	thumb	sub_800FD44
0800fd64	thumb	sub_800FD64
0800fdb6	thumb	object_setDefaultCounterTime
0800fdc0	thumb	sub_800FDC0
0800fdea	thumb	sub_800FDEA
0800fe12	thumb	sub_800FE12
0800fe28	thumb	sub_800FE28
0800fe36	thumb	sub_800FE36
0800fe52	thumb	sub_800FE52
0800feec	thumb	sub_800FEEC
0800ff5e	thumb	sub_800FF5E
0800ffaa	thumb	sub_800FFAA
0800ffe4	thumb	SetAIData_Unk_44_Flag
0800ffee	thumb	ClearAIData_Unk_44_Flag
0800fff8	thumb	sub_800FFF8
0800fffe	thumb	GetAIData_Unk_44_Flag
08010004	thumb	sub_8010004
08010018	thumb	sub_8010018
08010022	thumb	sub_8010022
0801002c	thumb	sub_801002C
080100ec	thumb	sub_80100EC
0801010c	thumb	sub_801010C
0801011a	thumb	sub_801011A
0801012c	thumb	sub_801012C
08010162	thumb	sub_8010162
08010198	thumb	sub_8010198
080101ae	thumb	sub_80101AE
080101c4	thumb	sub_80101C4
080101d4	thumb	sub_80101D4
080101f8	thumb	sub_80101F8
08010230	thumb	sub_8010230
0801026a	thumb	sub_801026A
080102ac	thumb	sub_80102AC
08010300	thumb	sub_8010300
08010312	thumb	sub_8010312
0801031c	thumb	sub_801031C
08010326	thumb	sub_8010326
0801032c	thumb	sub_801032C
08010332	thumb	sub_8010332
08010368	thumb	sub_8010368
080103a8	thumb	sub_80103A8
080103bc	thumb	sub_80103BC
080103ec	thumb	sub_80103EC
080103f8	thumb	sub_80103F8
08010460	thumb	sub_8010460
08010474	thumb	sub_8010474
08010488	thumb	sub_8010488
080104e0	thumb	sub_80104E0
0801050c	thumb	sub_801050C
08010548	thumb	sub_8010548
0801055e	thumb	sub_801055E
0801056a	thumb	sub_801056A
080105f2	thumb	sub_80105F2
08010660	thumb	sub_8010660
080106c0	thumb	sub_80106C0
08010740	thumb	sub_8010740
080107c0	thumb	sub_80107C0
080107d4	thumb	sub_80107D4
08010820	thumb	sub_8010820
0801086c	thumb	sub_801086C
080108fc	thumb	sub_80108FC
0801092c	thumb	sub_801092C
08010940	thumb	sub_8010940
080109a4	thumb	sub_80109A4
08010a90	thumb	sub_8010A90
08010ae4	thumb	sub_8010AE4
08010b78	thumb	sub_8010B78
08010bd0	thumb	sub_8010BD0
08010bf0	thumb	sub_8010BF0
08010c06	thumb	sub_8010C06
08010c50	thumb	sub_8010C50
08010c76	thumb	sub_8010C76
08010ce0	thumb	sub_8010CE0
08010d04	thumb	sub_8010D04
08010d18	thumb	sub_8010D18
08010d20	thumb	sub_8010D20
08010d58	thumb	sub_8010D58
08010d98	thumb	sub_8010D98
08010da2	thumb	sub_8010DA2
08010dac	thumb	sub_8010DAC
08010db6	thumb	sub_8010DB6
08010dc0	thumb	sub_8010DC0
08010dd0	thumb	sub_8010DD0
08010dda	thumb	sub_8010DDA
08010df6	thumb	sub_8010DF6
08010f68	thumb	nullsub_42
08010f6a	thumb	sub_8010F6A
08010f7a	thumb	sub_8010F7A
08010f86	thumb	sub_8010F86
08010f96	thumb	sub_8010F96
08010fac	thumb	sub_8010FAC
08010fc2	thumb	sub_8010FC2
08010fd8	thumb	sub_8010FD8
08011004	thumb	sub_8011004
08011020	thumb	sub_8011020
0801102a	thumb	sub_801102A
08011044	thumb	sub_8011044
080111b8	thumb	sub_80111B8
080111ca	thumb	sub_80111CA
080111dc	thumb	sub_80111DC
080111ee	thumb	sub_80111EE
08011200	thumb	sub_8011200
08011212	thumb	sub_8011212
08011224	thumb	sub_8011224
08011236	thumb	sub_8011236
08011256	thumb	sub_8011256
08011268	thumb	sub_8011268
080112e0	thumb	sub_80112E0
080112ea	thumb	sub_80112EA
080112f4	thumb	sub_80112F4
080112fe	thumb	sub_80112FE
08011308	thumb	sub_8011308
08011312	thumb	sub_8011312
0801131c	thumb	sub_801131C
08011326	thumb	sub_8011326
08011330	thumb	sub_8011330
0801133a	thumb	sub_801133A
08011344	thumb	sub_8011344
08011352	thumb	sub_8011352
08011356	thumb	sub_8011356
0801135a	thumb	sub_801135A
0801135e	thumb	sub_801135E
08011362	thumb	sub_8011362
08011366	thumb	sub_8011366
08011384	thumb	sub_8011384
080113fc	thumb	sub_80113FC
0801140e	thumb	sub_801140E
08011420	thumb	sub_8011420
08011438	thumb	sub_8011438
08011450	thumb	sub_8011450
080114d4	thumb	nullsub_43
08011504	thumb	sub_8011504
0801155a	thumb	sub_801155A
0801156a	thumb	sub_801156A
080115ce	thumb	sub_80115CE
0801162a	thumb	object_applyDamage
0801164c	thumb	sub_801164C
08011680	thumb	object_setAttack0
08011684	thumb	object_setAttack1
08011688	thumb	object_setAttack2
0801168c	thumb	object_setAttack3
08011690	thumb	object_setAttack4
08011694	thumb	object_setAttack5
080116ae	thumb	sub_80116AE
080116d8	thumb	sub_80116D8
080116f6	thumb	sub_80116F6
08011714	thumb	object_exitAttackState
0801171c	thumb	sub_801171C
08011764	thumb	sub_8011764
0801177a	thumb	sub_801177A
08011790	thumb	sub_8011790
080117a4	thumb	sub_80117A4
080117ba	thumb	sub_80117BA
08011a24	thumb	nullsub_44
08011a26	thumb	sub_8011A26
08011a7e	thumb	sub_8011A7E
08011ada	thumb	sub_8011ADA
08011af2	thumb	sub_8011AF2
08011b4a	thumb	sub_8011B4A
08011ba2	thumb	sub_8011BA2
08011bd0	thumb	sub_8011BD0
08011be8	thumb	sub_8011BE8
08011c00	thumb	sub_8011C00
08011c18	thumb	sub_8011C18
08011c38	thumb	sub_8011C38
08011c5e	thumb	sub_8011C5E
08011c88	thumb	sub_8011C88
08011ca8	thumb	sub_8011CA8
08011cb4	thumb	sub_8011CB4
08011cd6	thumb	sub_8011CD6
08011cf8	thumb	sub_8011CF8
08011d20	thumb	sub_8011D20
08011d38	thumb	sub_8011D38
08011d54	thumb	sub_8011D54
08011d74	thumb	sub_8011D74
08011d9c	thumb	sub_8011D9C
08011dbc	thumb	sub_8011DBC
08011ddc	thumb	sub_8011DDC
08011dfc	thumb	sub_8011DFC
08011e1c	thumb	sub_8011E1C
08011e40	thumb	sub_8011E40
08011e78	thumb	sub_8011E78
08011eac	thumb	sub_8011EAC
08011ed0	thumb	sub_8011ED0
08011ef0	thumb	sub_8011EF0
08011f10	thumb	sub_8011F10
08011f44	thumb	sub_8011F44
08011f64	thumb	sub_8011F64
08011f84	thumb	sub_8011F84
08011f8c	thumb	sub_8011F8C
08011fce	thumb	sub_8011FCE
08012018	thumb	sub_8012018
08012044	thumb	sub_8012044
0801206e	thumb	sub_801206E
0801208a	thumb	sub_801208A
080120a6	thumb	sub_80120A6
080120cc	thumb	sub_80120CC
080120d6	thumb	sub_80120D6
080120fe	thumb	sub_80120FE
08012124	thumb	sub_8012124
08012144	thumb	sub_8012144
0801216e	thumb	sub_801216E
08012194	thumb	sub_8012194
080121bc	thumb	sub_80121BC
080121dc	thumb	sub_80121DC
080121f8	thumb	sub_80121F8
08012210	thumb	sub_8012210
08012228	thumb	sub_8012228
08012240	thumb	sub_8012240
08012258	thumb	sub_8012258
08012278	thumb	sub_8012278
08012292	thumb	sub_8012292
080122aa	thumb	sub_80122AA
080122c2	thumb	sub_80122C2
080122da	thumb	sub_80122DA
080122f2	thumb	sub_80122F2
0801230c	thumb	sub_801230C
08012326	thumb	sub_8012326
0801233c	thumb	sub_801233C
08012346	thumb	sub_8012346
08012350	thumb	sub_8012350
0801235a	thumb	sub_801235A
08012364	thumb	sub_8012364
0801236e	thumb	sub_801236E
08012378	thumb	sub_8012378
08012382	thumb	sub_8012382
0801238c	thumb	sub_801238C
08012396	thumb	sub_8012396
080123a0	thumb	sub_80123A0
080123aa	thumb	sub_80123AA
080123c8	thumb	sub_80123C8
080123d2	thumb	sub_80123D2
080123dc	thumb	sub_80123DC
080123e6	thumb	sub_80123E6
080123f0	thumb	sub_80123F0
080123fa	thumb	sub_80123FA
08012404	thumb	sub_8012404
0801240e	thumb	sub_801240E
08012418	thumb	sub_8012418
08012422	thumb	sub_8012422
0801242c	thumb	sub_801242C
08012436	thumb	sub_8012436
08012440	thumb	sub_8012440
0801244a	thumb	sub_801244A
0801245a	thumb	sub_801245A
08012464	thumb	sub_8012464
08012484	thumb	sub_8012484
0801248e	thumb	sub_801248E
08012498	thumb	sub_8012498
080124b8	thumb	sub_80124B8
080124c2	thumb	sub_80124C2
080124cc	thumb	sub_80124CC
080124d6	thumb	sub_80124D6
080124e0	thumb	sub_80124E0
080124ea	thumb	sub_80124EA
080124f4	thumb	sub_80124F4
080124fe	thumb	sub_80124FE
0801251c	thumb	sub_801251C
08012526	thumb	sub_8012526
08012536	thumb	sub_8012536
08012540	thumb	sub_8012540
0801254a	thumb	sub_801254A
08012552	thumb	sub_8012552
0801255c	thumb	sub_801255C
08012572	thumb	sub_8012572
0801257c	thumb	sub_801257C
08012586	thumb	sub_8012586
080125ac	thumb	sub_80125AC
080125d0	thumb	sub_80125D0
08012608	thumb	sub_8012608
08012612	thumb	sub_8012612
0801261e	thumb	sub_801261E
08012628	thumb	sub_8012628
08012632	thumb	sub_8012632
0801263a	thumb	sub_801263A
08012642	thumb	sub_8012642
0801265a	thumb	sub_801265A
080126e4	thumb	sub_80126E4
0801273e	thumb	sub_801273E
08012792	thumb	sub_8012792
080127c0	thumb	sub_80127C0
080128fc	thumb	sub_80128FC
08012956	thumb	sub_8012956
0801299c	thumb	sub_801299C
080129a6	thumb	sub_80129A6
080129f4	thumb	sub_80129F4
08012a38	thumb	sub_8012A38
08012abc	thumb	sub_8012ABC
08012afa	thumb	sub_8012AFA
08012b4e	thumb	sub_8012B4E
08012ba2	thumb	sub_8012BA2
08012be8	thumb	sub_8012BE8
08012c34	thumb	sub_8012C34
08012c4a	thumb	sub_8012C4A
08012c7c	thumb	sub_8012C7C
08012cb2	thumb	sub_8012CB2
08012d24	thumb	sub_8012D24
08012d64	thumb	sub_8012D64
08012d70	thumb	sub_8012D70
08012d8c	thumb	sub_8012D8C
08012db8	thumb	sub_8012DB8
08012dfc	thumb	sub_8012DFC
08012e74	thumb	sub_8012E74
08012ea0	thumb	sub_8012EA0
08012ea8	thumb	sub_8012EA8
08012ebc	thumb	sub_8012EBC
08012f3e	thumb	sub_8012F3E
08012f62	thumb	sub_8012F62
08012fc8	thumb	sub_8012FC8
08013236	thumb	sub_8013236
0801336c	thumb	sub_801336C
08013396	thumb	sub_8013396
080133ec	thumb	sub_80133EC
08013422	thumb	sub_8013422
08013438	thumb	initNaviStats_WithDefaultStatsMaybe_8013438
080134c8	thumb	sub_80134C8
08013554	thumb	sub_8013554
080135e8	thumb	sub_80135E8
08013682	thumb	GetBattleNaviStatsAddr
08013690	thumb	GetBattleNaviStats203CB10Addr
080136a0	thumb	GetBattleNaviStats2034A60Addr
080136b0	thumb	SetBattleNaviStatsByte
080136be	thumb	SetBattleNaviStatsHword
080136cc	thumb	GetBattleNaviStatsByte
080136d8	thumb	GetBattleNaviStatsSignedByte
080136e4	thumb	GetBattleNaviStatsHword
080136f0	thumb	SetNaviStatsByte
08013704	thumb	GetNaviStatsByte
08013718	thumb	GetNaviStatsByte_8013718
0801372c	thumb	SetNaviStatsHword
08013740	thumb	GetNaviStatsHword
08013754	thumb	SetBattleNaviStatsByte_AllianceFromBattleObject
08013764	thumb	SetBattleNaviStatsHword_AllianceFromBattleObject
08013774	thumb	GetBattleNaviStatsByte_AllianceFromBattleObject
08013782	thumb	GetBattleNaviStatsByte_AllianceFromBattleObject_8013782
08013790	thumb	GetBattleNaviStatsHword_AllianceFromBattleObject
0801379e	thumb	SetCurPETNaviStatsByte
080137b6	thumb	GetCurPETNaviStatsByte
080137ce	thumb	GetCurPetNaviStatsSignedByte
080137e6	thumb	SetCurPETNaviStatsHword
080137fe	thumb	GetCurPETNaviStatsHword
08013816	thumb	GetBattleNaviStats203CB10Byte
08013822	thumb	GetBattleNaviStats203CB10Hword
0801382e	thumb	GetBattleNaviStats2034A60Byte
0801383a	thumb	GetBattleNaviStats2034A60Hword
08013846	thumb	initNaviStats203CCE0_8013846
08013854	thumb	GetNaviStats203CCE0Addr
08013864	thumb	SetNaviStats203CCE0Byte
08013874	thumb	SetNaviStats203CCE0Hword
08013884	thumb	GetNaviStats203CCE0Byte
08013892	thumb	sub_8013892
0801390c	thumb	sub_801390C
0801393a	thumb	sub_801393A
080139c4	thumb	sub_80139C4
080139f6	thumb	sub_80139F6
08013ae4	thumb	sub_8013AE4
08013b20	thumb	sub_8013B20
08013b4e	thumb	init_8013B4E
08013b64	thumb	init_8013B64
08013bda	thumb	sub_8013BDA
08013c4e	thumb	sub_8013C4E
08013ca4	thumb	nullsub_28
08013cc4	thumb	sub_8013CC4
08013d5e	thumb	sub_8013D5E
08013da0	thumb	sub_8013DA0
08013e58	thumb	sub_8013E58
08013ec0	thumb	nullsub_45
08013ec2	thumb	sub_8013EC2
08013ecc	thumb	sub_8013ECC
08013ed6	thumb	sub_8013ED6
08013ee6	thumb	sub_8013EE6
08013ef0	thumb	sub_8013EF0
08013efa	thumb	sub_8013EFA
08013f04	thumb	sub_8013F04
08013f14	thumb	sub_8013F14
08013f1e	thumb	sub_8013F1E
08013f80	thumb	nullsub_46
08013f82	thumb	sub_8013F82
08013f8c	thumb	sub_8013F8C
08013f96	thumb	sub_8013F96
08013fae	thumb	sub_8013FAE
08013fd0	thumb	sub_8013FD0
08013ff8	thumb	sub_8013FF8
08014018	thumb	GetNaviStatsIndexFromCurPETNavi
0801401e	thumb	sub_801401E
08014040	thumb	sub_8014040
08014080	thumb	sub_8014080
080140ee	thumb	sub_80140EE
08014150	thumb	sub_8014150
08014178	thumb	sub_8014178
080141ac	thumb	SetBeastOutCounterTo3
080141c8	thumb	sub_80141C8
080141f4	thumb	sub_80141F4
08014216	thumb	sub_8014216
0801429c	thumb	sub_801429C
080142a4	thumb	sub_80142A4
080142ae	thumb	nullsub_47
080142b0	thumb	sub_80142B0
080142c2	thumb	sub_80142C2
080142dc	thumb	sub_80142DC
08014326	thumb	sub_8014326
080143a6	thumb	sub_80143A6
080143b4	thumb	sub_80143B4
080143ce	thumb	sub_80143CE
080143e4	thumb	sub_80143E4
080143fc	thumb	sub_80143FC
08014424	thumb	sub_8014424
0801442c	thumb	sub_801442C
08014432	thumb	sub_8014432
0801443c	thumb	sub_801443C
08014446	thumb	sub_8014446
0801444e	thumb	sub_801444E
0801445c	thumb	sub_801445C
08014464	thumb	nullsub_6
08014466	thumb	sub_8014466
08014478	thumb	sub_8014478
08014482	thumb	sub_8014482
08014490	thumb	sub_8014490
08014498	thumb	sub_8014498
080144c0	thumb	sub_80144C0
080144ca	thumb	sub_80144CA
08014536	thumb	sub_8014536
080145b4	thumb	nullsub_51
080145b6	thumb	nullsub_52
080145b8	thumb	nullsub_50
080145ba	thumb	nullsub_53
080145bc	thumb	nullsub_54
080145be	thumb	nullsub_55
080145c0	thumb	nullsub_56
080145c2	thumb	sub_80145C2
080145d4	thumb	SetObjectAirshoeFlag
080145de	thumb	SetObjectSuperArmorFlag
080145ea	thumb	nullsub_4
080145ec	thumb	sub_80145EC
08014606	thumb	sub_8014606
0801462a	thumb	sub_801462A
08014640	thumb	sub_8014640
08014650	thumb	sub_8014650
08014674	thumb	sub_8014674
0801469c	thumb	sub_801469C
0801471c	thumb	nullsub_801471C
0801471e	thumb	nullsub_801471E
08014720	thumb	nullsub_8014720
08014722	thumb	nullsub_8014722
08014724	thumb	nullsub_8014724
08014726	thumb	nullsub_8014726
08014728	thumb	nullsub_8014728
0801472a	thumb	sub_801472A
0801473c	thumb	sub_801473C
08014746	thumb	sub_8014746
08014752	thumb	nullsub_5
08014754	thumb	sub_8014754
08014760	thumb	sub_8014760
08014776	thumb	sub_8014776
0801478c	thumb	sub_801478C
0801479c	thumb	sub_801479C
080147b2	thumb	sub_80147B2
080147e4	thumb	sub_80147E4
0801482c	thumb	sub_801482C
0801483c	thumb	sub_801483C
0801486c	thumb	sub_801486C
080148cc	thumb	sub_80148CC
080148ec	thumb	sub_80148EC
08014944	thumb	sub_8014944
0801498e	thumb	sub_801498E
08014a00	thumb	sub_8014A00
08014a38	thumb	sub_8014A38
08014b18	thumb	sub_8014B18
08014b98	thumb	sub_8014B98
08014bee	thumb	sub_8014BEE
08014cc0	thumb	sub_8014CC0
08014d08	thumb	sub_8014D08
08014d70	thumb	sub_8014D70
08014e08	thumb	sub_8014E08
08014f04	thumb	sub_8014F04
08014f40	thumb	sub_8014F40
08014fa8	thumb	sub_8014FA8
08015040	thumb	sub_8015040
08015128	thumb	sub_8015128
0801516c	thumb	sub_801516C
080151d4	thumb	sub_80151D4
080152c8	thumb	sub_80152C8
080153b0	thumb	sub_80153B0
080153ec	thumb	sub_80153EC
0801544c	thumb	sub_801544C
080154c8	thumb	sub_80154C8
080155cc	thumb	sub_80155CC
08015614	thumb	sub_8015614
0801562c	thumb	sub_801562C
08015766	thumb	sub_8015766
080158cc	thumb	sub_80158CC
080158fa	thumb	sub_80158FA
08015940	thumb	sub_8015940
08015952	thumb	sub_8015952
0801595e	thumb	sub_801595E
0801596e	thumb	sub_801596E
0801597c	thumb	sub_801597C
08015994	thumb	sub_8015994
080159a2	thumb	sub_80159A2
080159c6	thumb	sub_80159C6
08015a16	thumb	sub_8015A16
08015a38	thumb	sub_8015A38
08015a80	thumb	sub_8015A80
08015aa6	thumb	sub_8015AA6
08015b00	thumb	sub_8015B00
08015b22	thumb	sub_8015B22
08015b54	thumb	sub_8015B54
08015b5c	thumb	sub_8015B5C
08015b64	thumb	sub_8015B64
08015ba8	thumb	sub_8015BA8
08015bec	thumb	sub_8015BEC
08015c12	thumb	sub_8015C12
08015c2c	thumb	sub_8015C2C
08015c32	thumb	ZeroAllNaviStatsMood
08015c48	thumb	sub_8015C48
08015c94	thumb	sub_8015C94
08015cc0	thumb	sub_8015CC0
08015d80	thumb	sub_8015D80
08015df0	thumb	sub_8015DF0
08015e46	thumb	GetRandomRelativePanelFiltered
08015e58	thumb	_GetRandomRelativePanelFiltered
08015ec6	thumb	sub_8015EC6
08016004	thumb	sub_8016004
08016218	thumb	sub_8016218
0801632c	thumb	sub_801632C
08016380	thumb	sub_8016380
08016396	thumb	sub_8016396
080163b4	thumb	sub_80163B4
0801641a	thumb	sub_801641A
08016460	thumb	sub_8016460
080164a0	thumb	sub_80164A0
080164c0	thumb	sub_80164C0
08016520	thumb	sub_8016520
0801657e	thumb	sub_801657E
080165b8	thumb	sub_80165B8
080165c2	thumb	sub_80165C2
080165f8	thumb	sub_80165F8
0801664e	thumb	sub_801664E
080166ae	thumb	sub_80166AE
080166b6	thumb	sub_80166B6
080166d0	thumb	sub_80166D0
08016730	thumb	sub_8016730
0801683c	thumb	sub_801683C
08016860	thumb	sub_8016860
080168c8	thumb	sub_80168C8
080168f0	thumb	sub_80168F0
0801690a	thumb	sub_801690A
08016934	thumb	sub_8016934
080169be	thumb	sub_80169BE
08016a38	thumb	sub_8016A38
08016ad0	thumb	sub_8016AD0
08016b02	thumb	sub_8016B02
08016b36	thumb	sub_8016B36
08016b72	thumb	sub_8016B72
08016bfc	thumb	sub_8016BFC
08016c4e	thumb	sub_8016C4E
08016c8a	thumb	object_genericDestroy
08016c9c	thumb	sub_8016C9C
08016ca4	thumb	sub_8016CA4
08016ce8	thumb	sub_8016CE8
08016d08	thumb	sub_8016D08
08016d8c	thumb	sub_8016D8C
08016e3c	thumb	sub_8016E3C
08016e64	thumb	sub_8016E64
08016ec4	thumb	sub_8016EC4
08016ee0	thumb	sub_8016EE0
08016f1a	thumb	sub_8016F1A
08016f56	thumb	sub_8016F56
080170c4	thumb	sub_80170C4
080170e4	thumb	sub_80170E4
08017122	thumb	sub_8017122
080171a6	thumb	sub_80171A6
080171cc	thumb	sub_80171CC
080171d8	thumb	sub_80171D8
08017274	thumb	sub_8017274
0801728e	thumb	sub_801728E
080172f0	thumb	sub_80172F0
080173f4	thumb	sub_80173F4
0801741c	thumb	sub_801741C
0801746e	thumb	sub_801746E
080174aa	thumb	sub_80174AA
080174be	thumb	sub_80174BE
080174fe	thumb	sub_80174FE
080175b8	thumb	sub_80175B8
08017688	thumb	sub_8017688
08017768	thumb	sub_8017768
08017888	thumb	sub_8017888
080178b6	thumb	sub_80178B6
080178d4	thumb	sub_80178D4
08017992	thumb	sub_8017992
08017a38	thumb	sub_8017A38
08017ab4	thumb	sub_8017AB4
08017bc0	thumb	sub_8017BC0
08017cc0	thumb	sub_8017CC0
08017ce0	thumb	sub_8017CE0
08017d64	thumb	sub_8017D64
08017e0a	thumb	sub_8017E0A
08017e26	thumb	sub_8017E26
08017e44	thumb	sub_8017E44
08017f38	thumb	sub_8017F38
08017fe6	thumb	sub_8017FE6
08018002	thumb	sub_8018002
0801802c	thumb	sub_801802C
08018076	thumb	sub_8018076
08018094	thumb	sub_8018094
080180a8	thumb	sub_80180A8
080180ec	thumb	sub_80180EC
08018138	thumb	nullsub_57
0801813a	thumb	sub_801813A
08018154	thumb	sub_8018154
08018186	thumb	sub_8018186
080181f6	thumb	sub_80181F6
0801823c	thumb	sub_801823C
080182b4	thumb	sub_80182B4
08018810	thumb	sub_8018810
08018842	thumb	sub_8018842
08018856	thumb	sub_8018856
08018886	thumb	sub_8018886
0801986c	thumb	sub_801986C
08019892	thumb	object_createCollisionData
080198ce	thumb	object_freeCollisionData
08019f44	thumb	sub_8019F44
08019f86	thumb	sub_8019F86
08019f8c	thumb	sub_8019F8C
08019f9e	thumb	sub_8019F9E
08019fa4	thumb	sub_8019FA4
08019fb4	thumb	object_setupCollisionData
0801a00e	thumb	object_removeCollisionData
0801a018	thumb	object_presentCollisionData
0801a04c	thumb	object_updateCollisionPanels
0801a066	thumb	object_setCollisionPanelsToCurrent
0801a074	thumb	object_clearCollisionRegion
0801a07c	thumb	object_setCollisionRegion
0801a082	thumb	sub_801A082
0801a0ba	thumb	sub_801A0BA
0801a0d4	thumb	object_spawnCollisionEffect
0801a100	thumb	sub_801A100
0801a140	thumb	object_setCollisionHitEffect
0801a146	thumb	sub_801A146
0801a152	thumb	object_setFlag1
0801a15c	thumb	object_clearFlag
0801a166	thumb	object_getFlag
0801a16c	thumb	object_setFlag2
0801a176	thumb	object_clearFlag2
0801a180	thumb	object_getFlag2
0801a186	thumb	sub_801A186
0801a200	thumb	sub_801A200
0801a258	thumb	object_setCollisionStatusEffect1
0801a25e	thumb	object_setCollisionStatusEffect2
0801a264	thumb	sub_801A264
0801a284	thumb	sub_801A284
0801a29a	thumb	sub_801A29A
0801a2b0	thumb	sub_801A2B0
0801a2cc	thumb	sub_801A2CC
0801a308	thumb	sub_801A308
0801a324	thumb	sub_801A324
0801a36a	thumb	sub_801A36A
0801a3da	thumb	sub_801A3DA
0801a400	thumb	sub_801A400
0801a420	thumb	sub_801A420
0801a42e	thumb	sub_801A42E
0801a45c	thumb	sub_801A45C
0801a4a6	thumb	sub_801A4A6
0801a4d0	thumb	sub_801A4D0
0801a4dc	thumb	sub_801A4DC
0801a506	thumb	sub_801A506
0801a554	thumb	sub_801A554
0801a58e	thumb	sub_801A58E
0801a5ba	thumb	sub_801A5BA
0801a5e2	thumb	sub_801A5E2
0801a5ee	thumb	sub_801A5EE
0801a648	thumb	sub_801A648
0801a66c	thumb	sub_801A66C
0801a67e	thumb	sub_801A67E
0801a686	thumb	sub_801A686
0801a6a6	thumb	sub_801A6A6
0801a6b4	thumb	sub_801A6B4
0801a6d6	thumb	sub_801A6D6
0801a6e8	thumb	sub_801A6E8
0801a720	thumb	sub_801A720
0801a75a	thumb	sub_801A75A
0801a77a	thumb	sub_801A77A
0801a7cc	thumb	sub_801A7CC
0801a7f4	thumb	sub_801A7F4
0801a802	thumb	sub_801A802
0801a9a4	thumb	sub_801A9A4
0801a9aa	thumb	sub_801A9AA
0801a9b8	thumb	sub_801A9B8
0801aa48	thumb	sub_801AA48
0801aac0	thumb	sub_801AAC0
0801ab40	thumb	sub_801AB40
0801abb8	thumb	sub_801ABB8
0801ac6c	thumb	sub_801AC6C
0801ad12	thumb	sub_801AD12
0801ad6a	thumb	sub_801AD6A
0801ad9e	thumb	sub_801AD9E
0801adfa	thumb	sub_801ADFA
0801ae56	thumb	sub_801AE56
0801aeb0	thumb	sub_801AEB0
0801af0e	thumb	sub_801AF0E
0801af44	thumb	sub_801AF44
0801b1c4	thumb	sub_801B1C4
0801b394	thumb	sub_801B394
0801b4d4	thumb	sub_801B4D4
0801b610	thumb	sub_801B610
0801b750	thumb	sub_801B750
0801b878	thumb	sub_801B878
0801b9bc	thumb	sub_801B9BC
0801b9e6	thumb	sub_801B9E6
0801ba12	thumb	applyDamageToPlayer_801ba12
0801ba92	thumb	sub_801BA92
0801babe	thumb	sub_801BABE
0801bade	thumb	sub_801BADE
0801bb1c	thumb	object_reservePanel
0801bb46	thumb	object_removePanelReserve
0801bb6a	thumb	sub_801BB6A
0801bb78	thumb	sub_801BB78
0801bbac	thumb	object_updateSprite
0801bbf4	thumb	object_updateSpriteTimestop
0801bc24	thumb	sub_801BC24
0801bc64	thumb	sub_801BC64
0801bca6	thumb	object_updateSpritePaused
0801bcd0	thumb	sub_801BCD0
0801bcf4	thumb	sub_801BCF4
0801bd3c	thumb	sub_801BD3C
0801bdde	thumb	AddRandomVarianceToTwoCoords
0801be04	thumb	sub_801BE04
0801be28	thumb	nullsub_10
0801be2a	thumb	sub_801BE2A
0801be70	thumb	sub_801BE70
0801beb8	thumb	sub_801BEB8
0801bec2	thumb	sub_801BEC2
0801becc	thumb	sub_801BECC
0801bed6	thumb	sub_801BED6
0801bee0	thumb	sub_801BEE0
0801bf64	thumb	sub_801BF64
0801bfec	thumb	nullsub_58
0801bfee	thumb	sub_801BFEE
0801bff8	thumb	sub_801BFF8
0801c002	thumb	sub_801C002
0801c06e	thumb	sub_801C06E
0801c078	thumb	sub_801C078
0801c082	thumb	sub_801C082
0801c168	thumb	sub_801C168
0801c1d0	thumb	sub_801C1D0
0801c1ea	thumb	sub_801C1EA
0801c202	thumb	sub_801C202
0801c296	thumb	sub_801C296
0801c304	thumb	sub_801C304
0801c368	thumb	sub_801C368
0801c3a4	thumb	sub_801C3A4
0801c3ee	thumb	sub_801C3EE
0801c416	thumb	sub_801C416
0801c470	thumb	sub_801C470
0801c4ae	thumb	sub_801C4AE
0801c4e4	thumb	sub_801C4E4
0801c576	thumb	sub_801C576
0801c5f4	thumb	sub_801C5F4
0801c640	thumb	sub_801C640
0801c6ee	thumb	sub_801C6EE
0801c840	thumb	sub_801C840
0801c906	thumb	sub_801C906
0801c984	thumb	sub_801C984
0801c9a4	thumb	sub_801C9A4
0801c9c8	thumb	sub_801C9C8
0801c9e4	thumb	sub_801C9E4
0801ca0c	thumb	sub_801CA0C
0801ca28	thumb	sub_801CA28
0801ca34	thumb	sub_801CA34
0801ca80	thumb	sub_801CA80
0801cadc	thumb	sub_801CADC
0801cb38	thumb	sub_801CB38
0801cbd0	thumb	sub_801CBD0
0801cc34	thumb	sub_801CC34
0801cc94	thumb	sub_801CC94
0801cdec	thumb	sub_801CDEC
0801ce28	thumb	sub_801CE28
0801ce6c	thumb	sub_801CE6C
0801ce92	thumb	sub_801CE92
0801ced2	thumb	sub_801CED2
0801cefa	thumb	sub_801CEFA
0801cf0e	thumb	sub_801CF0E
0801cf3c	thumb	sub_801CF3C
0801cf9e	thumb	sub_801CF9E
0801d048	thumb	sub_801D048
0801d12a	thumb	sub_801D12A
0801d1d8	thumb	sub_801D1D8
0801d1f6	thumb	sub_801D1F6
0801d2a0	thumb	sub_801D2A0
0801d2a4	thumb	sub_801D2A4
0801d344	thumb	sub_801D344
0801d3f8	thumb	sub_801D3F8
0801d450	thumb	sub_801D450
0801d47a	thumb	sub_801D47A
0801d514	thumb	sub_801D514
0801d548	thumb	sub_801D548
0801d564	thumb	sub_801D564
0801d590	thumb	sub_801D590
0801d61a	thumb	sub_801D61A
0801d65c	thumb	sub_801D65C
0801d6d8	thumb	sub_801D6D8
0801d71a	thumb	sub_801D71A
0801d792	thumb	sub_801D792
0801d814	thumb	sub_801D814
0801da24	thumb	sub_801DA24
0801da48	thumb	sub_801DA48
0801dacc	thumb	sub_801DACC
0801db54	thumb	sub_801DB54
0801db60	thumb	sub_801DB60
0801db6c	thumb	sub_801DB6C
0801db78	thumb	sub_801DB78
0801db84	thumb	sub_801DB84
0801dbd4	thumb	sub_801DBD4
0801dc06	thumb	sub_801DC06
0801dc36	thumb	sub_801DC36
0801dc60	thumb	sub_801DC60
0801dc6e	thumb	sub_801DC6E
0801dc7c	thumb	sub_801DC7C
0801dccc	thumb	sub_801DCCC
0801dcfc	thumb	sub_801DCFC
0801dd34	thumb	sub_801DD34
0801dd60	thumb	sub_801DD60
0801dd7c	thumb	sub_801DD7C
0801dd88	thumb	sub_801DD88
0801ddd8	thumb	sub_801DDD8
0801ddf6	thumb	sub_801DDF6
0801de1e	thumb	sub_801DE1E
0801de3c	thumb	sub_801DE3C
0801de64	thumb	sub_801DE64
0801de82	thumb	sub_801DE82
0801ded0	thumb	sub_801DED0
0801deee	thumb	sub_801DEEE
0801df0c	thumb	sub_801DF0C
0801df32	thumb	sub_801DF32
0801df8c	thumb	sub_801DF8C
0801df92	thumb	sub_801DF92
0801dfa2	thumb	sub_801DFA2
0801dfb8	thumb	sub_801DFB8
0801dfd0	thumb	sub_801DFD0
0801dfe4	thumb	sub_801DFE4
0801dfea	thumb	sub_801DFEA
0801e006	thumb	sub_801E006
0801e012	thumb	sub_801E012
0801e022	thumb	sub_801E022
0801e03e	thumb	sub_801E03E
0801e060	thumb	sub_801E060
0801e07c	thumb	sub_801E07C
0801e0a0	thumb	sub_801E0A0
0801e0bc	thumb	sub_801E0BC
0801e0c8	thumb	sub_801E0C8
0801e0d0	thumb	sub_801E0D0
0801e0dc	thumb	sub_801E0DC
0801e10e	thumb	sub_801E10E
0801e138	thumb	sub_801E138
0801e144	thumb	sub_801E144
0801e15c	thumb	sub_801E15C
0801e1a4	thumb	sub_801E1A4
0801e1e4	thumb	sub_801E1E4
0801e228	thumb	sub_801E228
0801e270	thumb	sub_801E270
0801e2ba	thumb	sub_801E2BA
0801e35a	thumb	sub_801E35A
0801e376	thumb	sub_801E376
0801e398	thumb	sub_801E398
0801e3c4	thumb	sub_801E3C4
0801e3e4	thumb	sub_801E3E4
0801e408	thumb	sub_801E408
0801e44c	thumb	sub_801E44C
0801e468	thumb	sub_801E468
0801e474	thumb	sub_801E474
0801e4b0	thumb	sub_801E4B0
0801e4f4	thumb	sub_801E4F4
0801e574	thumb	sub_801E574
0801e5e0	thumb	sub_801E5E0
0801e5ec	thumb	sub_801E5EC
0801e5f8	thumb	sub_801E5F8
0801e658	thumb	sub_801E658
0801e660	thumb	sub_801E660
0801e69c	thumb	sub_801E69C
0801e6a8	thumb	sub_801E6A8
0801e71c	thumb	sub_801E71C
0801e724	thumb	sub_801E724
0801e73c	thumb	sub_801E73C
0801e748	thumb	sub_801E748
0801e754	thumb	sub_801E754
0801e780	thumb	sub_801E780
0801e792	thumb	sub_801E792
0801e828	thumb	sub_801E828
0801e838	thumb	sub_801E838
0801e8cc	thumb	sub_801E8CC
0801e8ea	thumb	sub_801E8EA
0801e8fa	thumb	sub_801E8FA
0801e914	thumb	sub_801E914
0801e95c	thumb	sub_801E95C
0801ea34	thumb	sub_801EA34
0801ea5a	thumb	sub_801EA5A
0801eaec	thumb	sub_801EAEC
0801eb00	thumb	sub_801EB00
0801eb0c	thumb	sub_801EB0C
0801eb18	thumb	sub_801EB18
0801eb50	thumb	sub_801EB50
0801eb7c	thumb	sub_801EB7C
0801eb9c	thumb	sub_801EB9C
0801ebc8	thumb	sub_801EBC8
0801ebd2	thumb	sub_801EBD2
0801ebde	thumb	sub_801EBDE
0801ec2c	thumb	sub_801EC2C
0801ec38	thumb	sub_801EC38
0801ec44	thumb	sub_801EC44
0801ec84	thumb	sub_801EC84
0801ec90	thumb	sub_801EC90
0801fe00	thumb	sub_801FE00
0801fe24	thumb	sub_801FE24
0801fe5e	thumb	sub_801FE5E
0801fe64	thumb	sub_801FE64
0801fe6c	thumb	sub_801FE6C
0801fee8	thumb	eStruct203F7D8_getUnk01
0801feee	thumb	sub_801FEEE
0801ff18	thumb	sub_801FF18
0801ffd6	thumb	sub_801FFD6
080200a4	thumb	sub_80200A4
08020134	thumb	eStruct2038160_clearStruct
08020140	thumb	sub_8020140
0802015e	thumb	eStruct2038160_getBattleTerminate01
08021aa4	thumb	getChip8021DA8
08021ab4	thumb	sub_8021AB4
08021ae0	thumb	split9BitsFromBitfield_8021AE0
08021aee	thumb	GiveChips
08021b2a	thumb	sub_8021B2A
08021b5a	thumb	addChipsToChipPackOffset_8021b5a
08021b78	thumb	sub_8021B78
08021b92	thumb	TakeChips
08021bc0	thumb	GetChipCountOfCode
08021bd8	thumb	GetTotalChipCount
08021c02	thumb	sub_8021C02
08021c68	thumb	zeroFill_e2002230
08021c7c	thumb	getOffsetToQuantityOfChipCodeMaybe_8021c7c
08021ca8	thumb	sub_8021CA8
08021d08	thumb	sub_8021D08
08021d14	thumb	sub_8021D14
08021d2a	thumb	sub_8021D2A
08021d36	thumb	sub_8021D36
08026450	thumb	sub_8026450
080264a8	thumb	sub_80264A8
08026510	thumb	sub_8026510
08026554	thumb	ho_8026554
080265d0	thumb	sub_80265D0
080265fe	thumb	sub_80265FE
0802661c	thumb	sub_802661C
08026622	thumb	sub_8026622
08026650	thumb	sub_8026650
0802665a	thumb	sub_802665A
08026668	thumb	sub_8026668
08026672	thumb	sub_8026672
0802667c	thumb	sub_802667C
0802668a	thumb	sub_802668A
08026694	thumb	sub_8026694
0802669e	thumb	sub_802669E
080266ac	thumb	sub_80266AC
080266ba	thumb	sub_80266BA
080266de	thumb	sub_80266DE
080266e8	thumb	sub_80266E8
080266f2	thumb	sub_80266F2
08026704	thumb	sub_8026704
0802670e	thumb	sub_802670E
0802671c	thumb	sub_802671C
08026726	thumb	sub_8026726
08026840	thumb	sub_8026840
080269d0	thumb	sub_80269D0
080269e2	thumb	sub_80269E2
08026a28	thumb	sub_8026A28
08026a50	thumb	sub_8026A50
08026a6c	thumb	sub_8026A6C
08026a88	thumb	sub_8026A88
08026b04	thumb	sub_8026B04
08026bf4	thumb	sub_8026BF4
08026ccc	thumb	sub_8026CCC
08026d06	thumb	sub_8026D06
08026db0	thumb	sub_8026DB0
08026dc4	thumb	sub_8026DC4
08026e4c	thumb	sub_8026E4C
08026e78	thumb	sub_8026E78
08026e98	thumb	sub_8026E98
08026ec8	thumb	sub_8026EC8
08026f1a	thumb	sub_8026F1A
08026faa	thumb	sub_8026FAA
08026fc0	thumb	sub_8026FC0
08027044	thumb	sub_8027044
0802707c	thumb	sub_802707C
080270d0	thumb	sub_80270D0
080270ea	thumb	sub_80270EA
08027118	thumb	sub_8027118
08027134	thumb	sub_8027134
08027150	thumb	sub_8027150
080271c2	thumb	sub_80271C2
080271f8	thumb	sub_80271F8
0802721c	thumb	sub_802721C
0802723a	thumb	sub_802723A
0802728c	thumb	sub_802728C
080272b8	thumb	sub_80272B8
080272d0	thumb	sub_80272D0
08027320	thumb	sub_8027320
08027332	thumb	sub_8027332
08027394	thumb	sub_8027394
080273a4	thumb	sub_80273A4
080273cc	thumb	sub_80273CC
080273e4	thumb	sub_80273E4
080273ec	thumb	sub_80273EC
08027406	thumb	sub_8027406
08027434	thumb	sub_8027434
08027458	thumb	sub_8027458
0802750c	thumb	sub_802750C
0802753e	thumb	sub_802753E
08027548	thumb	sub_8027548
08027574	thumb	sub_8027574
08027580	thumb	sub_8027580
0802759e	thumb	sub_802759E
080275d8	thumb	sub_80275D8
080275ec	thumb	sub_80275EC
08027618	thumb	sub_8027618
08027624	thumb	sub_8027624
08027658	thumb	sub_8027658
08027672	thumb	sub_8027672
080276d6	thumb	sub_80276D6
0802770c	thumb	sub_802770C
08027738	thumb	sub_8027738
0802774c	thumb	sub_802774C
0802777c	thumb	sub_802777C
08027796	thumb	sub_8027796
08027806	thumb	sub_8027806
08027834	thumb	sub_8027834
0802790c	thumb	sub_802790C
0802794a	thumb	sub_802794A
080279c8	thumb	sub_80279C8
080279fc	thumb	sub_80279FC
08027a58	thumb	sub_8027A58
08027a84	thumb	sub_8027A84
08027a90	thumb	sub_8027A90
08027aae	thumb	sub_8027AAE
08027ade	thumb	sub_8027ADE
08027ccc	thumb	sub_8027CCC
08027d10	thumb	sub_8027D10
08027d34	thumb	chip_getScript_8027D34
08027d58	thumb	sub_8027D58
08027d78	thumb	sub_8027D78
08027e1c	thumb	getLocOfActiveChips_8027E1C
08027e2c	thumb	sub_8027E2C
08027e90	thumb	sub_8027E90
08027ee8	thumb	sub_8027EE8
08027f10	thumb	sub_8027F10
08027f42	thumb	sub_8027F42
08027f6a	thumb	sub_8027F6A
08027f84	thumb	sub_8027F84
08027fdc	thumb	sub_8027FDC
08028034	thumb	sub_8028034
08028050	thumb	sub_8028050
0802806c	thumb	sub_802806C
080280a2	thumb	sub_80280A2
080280e0	thumb	sub_80280E0
0802811c	thumb	sub_802811C
0802812c	thumb	sub_802812C
08028164	thumb	sub_8028164
08028172	thumb	sub_8028172
080281a8	thumb	sub_80281A8
080281c4	thumb	sub_80281C4
080281d4	thumb	sub_80281D4
080281e4	thumb	sub_80281E4
08028204	thumb	sub_8028204
08028214	thumb	sub_8028214
08028238	thumb	sub_8028238
08028250	thumb	sub_8028250
08028284	thumb	sub_8028284
080282ac	thumb	nullsub_14
080282ae	thumb	sub_80282AE
080282c2	thumb	sub_80282C2
080282d2	thumb	sub_80282D2
080282e8	thumb	sub_80282E8
08028310	thumb	sub_8028310
08028320	thumb	sub_8028320
08028340	thumb	sub_8028340
080283b0	thumb	sub_80283B0
080283c8	thumb	sub_80283C8
08028476	thumb	sub_8028476
080284e2	thumb	sub_80284E2
080285fe	thumb	sub_80285FE
0802868c	thumb	sub_802868C
0802869e	thumb	sub_802869E
080286d4	thumb	sub_80286D4
0802871c	thumb	sub_802871C
08028754	thumb	sub_8028754
0802877c	thumb	sub_802877C
080287a4	thumb	sub_80287A4
080287d2	thumb	sub_80287D2
08028820	thumb	sub_8028820
08028894	thumb	sub_8028894
080288d0	thumb	sub_80288D0
08028904	thumb	sub_8028904
08028938	thumb	sub_8028938
08028968	thumb	sub_8028968
0802899c	thumb	sub_802899C
080289e4	thumb	sub_80289E4
08028a78	thumb	sub_8028A78
08028b74	thumb	sub_8028B74
08028ccc	thumb	sub_8028CCC
08028d3a	thumb	sub_8028D3A
08028d6c	thumb	sub_8028D6C
08028dbc	thumb	sub_8028DBC
08028dd6	thumb	sub_8028DD6
08028e04	thumb	sub_8028E04
08028e30	thumb	nullsub_59
08028e32	thumb	sub_8028E32
08028e4c	thumb	sub_8028E4C
08028ec8	thumb	updateCustomScreen_WhenUnselectingChip_8028EC8
08028f48	thumb	sub_8028F48
08028f84	thumb	sub_8028F84
08028fc0	thumb	sub_8028FC0
08029032	thumb	sub_8029032
08029110	thumb	sub_8029110
08029224	thumb	sub_8029224
080292cc	thumb	sub_80292CC
08029328	thumb	sub_8029328
08029344	thumb	sub_8029344
0802937a	thumb	sub_802937A
080293b0	thumb	sub_80293B0
080293f8	thumb	sub_80293F8
0802945a	thumb	sub_802945A
08029488	thumb	sub_8029488
080294e0	thumb	sub_80294E0
08029514	thumb	sub_8029514
08029520	thumb	sub_8029520
080295c8	thumb	sub_80295C8
0802961a	thumb	sub_802961A
0802963c	thumb	sub_802963C
08029652	thumb	sub_8029652
08029688	thumb	sub_8029688
08029788	thumb	sub_8029788
0802983c	thumb	sub_802983C
080298d8	thumb	sub_80298D8
080298f4	thumb	sub_80298F4
0802996e	thumb	sub_802996E
080299b6	thumb	sub_80299B6
080299fa	thumb	sub_80299FA
08029a1e	thumb	sub_8029A1E
08029a36	thumb	sub_8029A36
08029a56	thumb	sub_8029A56
08029aaa	thumb	sub_8029AAA
08029ada	thumb	sub_8029ADA
08029b16	thumb	sub_8029B16
08029b1c	thumb	sub_8029B1C
08029b86	thumb	sub_8029B86
08029bac	thumb	sub_8029BAC
08029bd6	thumb	sub_8029BD6
08029be6	thumb	sub_8029BE6
08029c08	thumb	sub_8029C08
08029cd4	thumb	sub_8029CD4
08029d34	thumb	sub_8029D34
08029d80	thumb	sub_8029D80
08029d94	thumb	sub_8029D94
08029eac	thumb	sub_8029EAC
08029ec8	thumb	sub_8029EC8
08029ef8	thumb	sub_8029EF8
08029f70	thumb	sub_8029F70
08029fb4	thumb	sub_8029FB4
08029ff4	thumb	chipIDIs13f_8029FF4
0802a00c	thumb	sub_802A00C
0802a034	thumb	sub_802A034
0802a040	thumb	sub_802A040
0802a088	thumb	sub_802A088
0802a0c8	thumb	sub_802A0C8
0802a0ec	thumb	sub_802A0EC
0802a0f8	thumb	sub_802A0F8
0802a11c	thumb	sub_802A11C
0802a210	thumb	sub_802A210
0802a220	thumb	sub_802A220
0802a2b0	thumb	sub_802A2B0
0802a2e8	thumb	sub_802A2E8
0802a30c	thumb	sub_802A30C
0802a33e	thumb	sub_802A33E
0802a362	thumb	sub_802A362
0802a394	thumb	sub_802A394
0802a3cc	thumb	sub_802A3CC
0802a40c	thumb	sub_802A40C
0802a49c	thumb	sub_802A49C
0802a4fc	thumb	sub_802A4FC
0802a53c	thumb	sub_802A53C
0802a54e	thumb	getChipID_802A54E
0802a564	thumb	sub_802A564
0802a57e	thumb	sub_802A57E
0802a5a0	thumb	sub_802A5A0
0802a5da	thumb	sub_802A5DA
0802a61a	thumb	sub_802A61A
0802a646	thumb	sub_802A646
0802a866	thumb	sub_802A866
0802a87c	thumb	sub_802A87C
0802a8a4	thumb	sub_802A8A4
0802a934	thumb	sub_802A934
0802a974	thumb	sub_802A974
0802a9b4	thumb	sub_802A9B4
0802a9d0	thumb	sub_802A9D0
0802abd0	thumb	sub_802ABD0
0802abf4	thumb	sub_802ABF4
0802ac10	thumb	sub_802AC10
0802ac6e	thumb	sub_802AC6E
0802ad84	thumb	sub_802AD84
0802adfc	thumb	sub_802ADFC
0802ae14	thumb	sub_802AE14
0802ae5c	thumb	sub_802AE5C
0802ae84	thumb	sub_802AE84
0802aeb8	thumb	sub_802AEB8
0802aed8	thumb	sub_802AED8
0802aeea	thumb	sub_802AEEA
0802af0e	thumb	sub_802AF0E
0802af28	thumb	sub_802AF28
0802af38	thumb	sub_802AF38
0802af42	thumb	sub_802AF42
0802af6c	thumb	sub_802AF6C
0802afd4	thumb	sub_802AFD4
0802b060	thumb	decomp_802B060
0802b0ec	thumb	sub_802B0EC
0802b15c	thumb	sub_802B15C
0802b1e4	thumb	sub_802B1E4
0802b20c	thumb	sub_802B20C
0802b270	thumb	sub_802B270
0802b298	thumb	sub_802B298
0802b2a0	thumb	sub_802B2A0
0802b358	thumb	sub_802B358
0802b438	thumb	sub_802B438
0802b4d4	thumb	sub_802B4D4
0802b51c	thumb	sub_802B51C
0802b560	thumb	sub_802B560
0802b5b0	thumb	sub_802B5B0
0802b5d0	thumb	sub_802B5D0
0802b5dc	thumb	sub_802B5DC
0802b5ec	thumb	RunTextScriptBattleRunDialog
0802b6ec	thumb	sub_802B6EC
0802b6f2	thumb	sub_802B6F2
0802b734	thumb	sub_802B734
0802b75c	thumb	sub_802B75C
0802b766	thumb	sub_802B766
0802b76c	thumb	sub_802B76C
0802b7a0	thumb	sub_802B7A0
0802b7e0	thumb	sub_802B7E0
0802b80c	thumb	sub_802B80C
0802b8b0	thumb	sub_802B8B0
0802b8e0	thumb	sub_802B8E0
0802b920	thumb	sub_802B920
0802b9b8	thumb	sub_802B9B8
0802b9d4	thumb	sub_802B9D4
0802b9e4	thumb	sub_802B9E4
0802b9fe	thumb	sub_802B9FE
0802ba18	thumb	sub_802BA18
0802ba24	thumb	sub_802BA24
0802ba34	thumb	sub_802BA34
0802bd60	thumb	sub_802BD60
0802bdb4	thumb	sub_802BDB4
0802bdc0	thumb	sub_802BDC0
0802bdf0	thumb	sub_802BDF0
0802be0c	thumb	sub_802BE0C
0802be36	thumb	sub_802BE36
0802be90	thumb	sub_802BE90
0802beb4	thumb	sub_802BEB4
0802bed4	thumb	sub_802BED4
0802befc	thumb	sub_802BEFC
0802bf0c	thumb	sub_802BF0C
0802bf4c	thumb	sub_802BF4C
0802bf6c	thumb	sub_802BF6C
0802c044	thumb	sub_802C044
0802c0a4	thumb	sub_802C0A4
0802c170	thumb	sub_802C170
0802c1d4	thumb	sub_802C1D4
0802c1f0	thumb	sub_802C1F0
0802c218	thumb	sub_802C218
0802c280	thumb	sub_802C280
0802c2d0	thumb	sub_802C2D0
0802c328	thumb	sub_802C328
0802c348	thumb	sub_802C348
0802c34e	thumb	sub_802C34E
0802c460	thumb	sub_802C460
0802c490	thumb	sub_802C490
0802c4b6	thumb	sub_802C4B6
0802c4e8	thumb	sub_802C4E8
0802c54c	thumb	sub_802C54C
0802c588	thumb	sub_802C588
0802c59c	thumb	sub_802C59C
0802c5b0	thumb	sub_802C5B0
0802c5e6	thumb	sub_802C5E6
0802c646	thumb	sub_802C646
0802c6ec	thumb	sub_802C6EC
0802c75c	thumb	sub_802C75C
0802c810	thumb	sub_802C810
0802c85c	thumb	sub_802C85C
0802c8b0	thumb	sub_802C8B0
0802c8d4	thumb	sub_802C8D4
0802c8ea	thumb	sub_802C8EA
0802c8fa	thumb	sub_802C8FA
0802c97e	thumb	sub_802C97E
0802c9b8	thumb	sub_802C9B8
0802c9ea	thumb	sub_802C9EA
0802ca1e	thumb	sub_802CA1E
0802ca5c	thumb	sub_802CA5C
0802ca82	thumb	sub_802CA82
0802caa6	thumb	sub_802CAA6
0802cb38	thumb	sub_802CB38
0802cb78	thumb	sub_802CB78
0802cba4	thumb	sub_802CBA4
0802cbac	thumb	sub_802CBAC
0802cbcc	thumb	sub_802CBCC
0802cbf2	thumb	sub_802CBF2
0802cc10	thumb	sub_802CC10
0802cc1a	thumb	sub_802CC1A
0802cc50	thumb	sub_802CC50
0802cc8c	thumb	sub_802CC8C
0802ccae	thumb	sub_802CCAE
0802cdd0	thumb	sub_802CDD0
0802cde6	thumb	sub_802CDE6
0802cdfe	thumb	sub_802CDFE
0802ce10	thumb	sub_802CE10
0802ce30	thumb	sub_802CE30
0802ce54	thumb	sub_802CE54
0802ce60	thumb	sub_802CE60
0802ce78	thumb	sub_802CE78
0802ce8a	thumb	sub_802CE8A
0802cea6	thumb	sub_802CEA6
0802cec8	thumb	sub_802CEC8
0802cef4	thumb	sub_802CEF4
0802cff8	thumb	sub_802CFF8
0802d064	thumb	sub_802D064
0802d070	thumb	sub_802D070
0802d08c	thumb	sub_802D08C
0802d09e	thumb	sub_802D09E
0802d0ba	thumb	sub_802D0BA
0802d0c8	thumb	sub_802D0C8
0802d118	thumb	sub_802D118
0802d144	thumb	sub_802D144
0802d150	thumb	sub_802D150
0802d158	thumb	sub_802D158
0802d15e	thumb	sub_802D15E
0802d164	thumb	sub_802D164
0802d176	thumb	sub_802D176
0802d184	thumb	sub_802D184
0802d1b4	thumb	sub_802D1B4
0802d1be	thumb	sub_802D1BE
0802d1c8	thumb	sub_802D1C8
0802d1ec	thumb	sub_802D1EC
0802d234	thumb	GetBattleMode
0802d242	thumb	GetBattleModeFromBattleSettings
0802d246	thumb	GetBattleEffects
0802d254	thumb	GetBattleEffectsFromBattleSettings
0802d258	thumb	GetBattleSettingsUnk01
0802d266	thumb	GetBattleSettingsUnk01FromBattleSettings
0802d26a	thumb	GetBattlePanelColumnPattern
0802d278	thumb	GetBattlePanelColumnPatternFromBattleSettings
0802d27c	thumb	getBattleSettings_200AF60
0802d280	thumb	copyBattleSettingsTo_200AF60
0802d28c	thumb	battleSettings_setFlags_unkSettings
0802d296	thumb	battlteSettings_clearFlags_UnkSettings
0802d2a0	thumb	battleSettings_getUnkOptSettings
0802d2a6	thumb	battleSettings_setUnkOptSettings
0802d2ac	thumb	battleSettings_setBackground
0802d2b2	thumb	battleSettings_802D2B2
0802d310	thumb	sub_802D310
0802d322	thumb	sub_802D322
0802d358	thumb	sub_802D358
0802d3a8	thumb	sub_802D3A8
0802d3ca	thumb	sub_802D3CA
0802d430	thumb	sub_802D430
0802d4c6	thumb	sub_802D4C6
0802d4f0	thumb	sub_802D4F0
0802d588	thumb	sub_802D588
0802d5a8	thumb	sub_802D5A8
0802d638	thumb	sub_802D638
0802d644	thumb	sub_802D644
0802d652	thumb	sub_802D652
0802d658	thumb	sub_802D658
0802d65e	thumb	sub_802D65E
0802d6a0	thumb	sub_802D6A0
0802d6c4	thumb	sub_802D6C4
0802d714	thumb	sub_802D714
0802d738	thumb	sub_802D738
0802d7a0	thumb	sub_802D7A0
0802d8f0	thumb	sub_802D8F0
0802d926	thumb	sub_802D926
0802d950	thumb	sub_802D950
0802d9b0	thumb	sub_802D9B0
0802da78	thumb	sub_802DA78
0802daa8	thumb	sub_802DAA8
0802dacc	thumb	sub_802DACC
0802db58	thumb	sub_802DB58
0802db80	thumb	sub_802DB80
0802dc66	thumb	sub_802DC66
0802dccc	thumb	sub_802DCCC
0802dcd8	thumb	sub_802DCD8
0802dcde	thumb	sub_802DCDE
0802dcec	thumb	sub_802DCEC
0802dd10	thumb	sub_802DD10
0802dd1e	thumb	sub_802DD1E
0802dd2a	thumb	sub_802DD2A
0802dd4a	thumb	sub_802DD4A
0802dd62	thumb	sub_802DD62
0802dd70	thumb	sub_802DD70
0802de5c	thumb	sub_802DE5C
0802de74	thumb	sub_802DE74
0802deae	thumb	sub_802DEAE
0802ded8	thumb	sub_802DED8
0802df34	thumb	sub_802DF34
0802df8c	thumb	sub_802DF8C
0802dfc8	thumb	sub_802DFC8
0802dffc	thumb	sub_802DFFC
0802e014	thumb	sub_802E014
0802e032	thumb	sub_802E032
0802e04e	thumb	sub_802E04E
0802e066	thumb	sub_802E066
0802e070	thumb	sub_802E070
0802e07c	thumb	sub_802E07C
0802e09a	thumb	TestBattleFlag_0x40
0802e0a6	thumb	sub_802E0A6
0802e0d4	thumb	sub_802E0D4
0802e112	thumb	sub_802E112
0802e156	thumb	sub_802E156
0802e1b4	thumb	sub_802E1B4
0802e1be	thumb	sub_802E1BE
0802e1d8	thumb	sub_802E1D8
0802e1ec	thumb	sub_802E1EC
0802e240	thumb	sub_802E240
0802e252	thumb	sub_802E252
0802e284	thumb	sub_802E284
0802e2c4	thumb	sub_802E2C4
0802e440	thumb	sub_802E440
0802e44a	thumb	sub_802E44A
0802e454	thumb	sub_802E454
0802e45e	thumb	sub_802E45E
0802e490	thumb	sub_802E490
0802e4a0	thumb	sub_802E4A0
0802e4b8	thumb	sub_802E4B8
0802e4e4	thumb	sub_802E4E4
0802e544	thumb	sub_802E544
0802e558	thumb	sub_802E558
0802e588	thumb	sub_802E588
0802e5fc	thumb	sub_802E5FC
0802e62a	thumb	sub_802E62A
0802e674	thumb	sub_802E674
0802e69c	thumb	sub_802E69C
0802e6ec	thumb	sub_802E6EC
0802e790	thumb	sub_802E790
0802e82a	thumb	sub_802E82A
0802e830	thumb	sub_802E830
0802e860	thumb	sub_802E860
0802e86c	thumb	sub_802E86C
0802e896	thumb	sub_802E896
0802e8a4	thumb	sub_802E8A4
0802e8de	thumb	sub_802E8DE
0802e8fe	thumb	sub_802E8FE
0802e95c	thumb	sub_802E95C
0802eb5c	thumb	sub_802EB5C
0802eb60	thumb	sub_802EB60
0802eb80	thumb	sub_802EB80
0802eba8	thumb	sub_802EBA8
0802ebd0	thumb	sub_802EBD0
0802ebe4	thumb	sub_802EBE4
0802ec00	thumb	sub_802EC00
0802ecfc	thumb	nullsub_34
0802ecfe	thumb	sub_802ECFE
0802ed68	thumb	sub_802ED68
0802ed8a	thumb	sub_802ED8A
0802edbc	thumb	sub_802EDBC
0802ede8	thumb	sub_802EDE8
0802edec	thumb	sub_802EDEC
0802ee14	thumb	sub_802EE14
0802ee18	thumb	sub_802EE18
0802ee40	thumb	sub_802EE40
0802eea2	thumb	sub_802EEA2
0802eec4	thumb	sub_802EEC4
0802ef5c	thumb	sub_802EF5C
0802ef74	thumb	sub_802EF74
0802efd8	thumb	sub_802EFD8
0802efee	thumb	sub_802EFEE
0802eff8	thumb	sub_802EFF8
0802f006	thumb	sub_802F006
0802f068	thumb	sub_802F068
0802f084	thumb	sub_802F084
0802f0c4	thumb	sub_802F0C4
0802f0d8	thumb	sub_802F0D8
0802f0f4	thumb	sub_802F0F4
0802f110	thumb	SetEventFlagFromImmediate
0802f114	thumb	SetEventFlag
0802f12c	thumb	ClearEventFlagFromImmediate
0802f130	thumb	ClearEventFlag
0802f148	thumb	ToggleEventFlagFromImmediate
0802f14c	thumb	ToggleEventFlag
0802f164	thumb	TestEventFlagFromImmediate
0802f168	thumb	TestEventFlag
0802f17e	thumb	SetEventFlagRangeFromImmediate
0802f182	thumb	SetEventFlagRange
0802f1a8	thumb	ClearEventFlagRangeFromImmediate
0802f1ac	thumb	ClearEventFlagRange
0802f1d2	thumb	ToggleEventFlagRangeFromImmediate
0802f1d6	thumb	ToggleEventFlagRange
0802f1fc	thumb	TestEventFlagRangeFromImmediate
0802f200	thumb	TestEventFlagRange
0802f238	thumb	addMail_802f238
0802f270	thumb	sub_802F270
0802f2c8	thumb	sub_802F2C8
0802f530	thumb	startScreen_init_802F530
0802f544	thumb	startscreen_render_802F544
0802f574	thumb	startScreen_802F574
0802f60c	thumb	startscreen_802F60C
0802f624	thumb	sub_802F624
0802f63c	thumb	ho_802F63C
0802f668	thumb	sub_802F668
0802f6a4	thumb	sub_802F6A4
0802f6b2	thumb	sub_802F6B2
0802f704	thumb	sub_802F704
0802f710	thumb	sub_802F710
0802f756	thumb	sub_802F756
0802f7e8	thumb	sub_802F7E8
0802f81c	thumb	sub_802F81C
0802f88e	thumb	sub_802F88E
0802f8d8	thumb	sub_802F8D8
0802f994	thumb	sub_802F994
0802f9ec	thumb	sub_802F9EC
0802fa44	thumb	sub_802FA44
0802fb10	thumb	sub_802FB10
0802fb64	thumb	sub_802FB64
0802fb90	thumb	sub_802FB90
0802fbb4	thumb	sub_802FBB4
0802fbd8	thumb	sub_802FBD8
0802fbfc	thumb	sub_802FBFC
0802fc28	thumb	sub_802FC28
0802fc4c	thumb	sub_802FC4C
0802fc70	thumb	sub_802FC70
0802fc9c	thumb	sub_802FC9C
0802fcc0	thumb	startScreen_initGfx_802FCC0
0802fd3c	thumb	sub_802FD3C
0802fd54	thumb	sub_802FD54
0802fdb0	thumb	sub_802FDB0
0802fe0c	thumb	copyObjAttributesToIWRAM_802FE0C
0802fe28	thumb	sub_802FE28
0802fe38	thumb	sub_802FE38
0802fe48	thumb	sub_802FE48
0802fe6a	thumb	sub_802FE6A
0802fe7a	thumb	sub_802FE7A
0802ff10	thumb	sub_802FF10
0802ff2c	thumb	cleareMemory_802FF2C
0802ff4c	thumb	camera_802FF4C
0802fff4	thumb	sub_802FFF4
08030054	thumb	sub_8030054
0803007c	thumb	sub_803007C
080300ac	thumb	sub_80300AC
08030104	thumb	sub_8030104
0803011a	thumb	sub_803011A
08030124	thumb	nullsub_7
08030126	thumb	sub_8030126
08030136	thumb	sub_8030136
08030158	thumb	sub_8030158
08030194	thumb	sub_8030194
080301b2	thumb	camera_writeUnk03_14_80301b2
080301bc	thumb	sub_80301BC
080301d0	thumb	GetCameraXYZ
080301dc	thumb	SetCameraXYZ
080301e8	thumb	camera_doShakeEffect_80301e8
080302a8	thumb	camera_initShakeEffect_80302a8
080302b6	thumb	sub_80302B6
080302c0	thumb	sub_80302C0
080302d0	thumb	sub_80302D0
080302f8	thumb	sub_80302F8
08030316	thumb	sub_8030316
08030336	thumb	sub_8030336
0803035e	thumb	sub_803035E
0803037a	thumb	nullsub_60
0803037c	thumb	initMapTilesState_803037c
080303e8	thumb	sub_80303E8
080303f2	thumb	sub_80303F2
080303fc	thumb	sub_80303FC
08030472	thumb	decompAndCopyMapTiles_8030472
080304e8	thumb	LoadBGAnimData
08030540	thumb	sub_8030540
08030580	thumb	sub_8030580
080305e4	thumb	sub_80305E4
08030628	thumb	sub_8030628
08030646	thumb	sub_8030646
0803065a	thumb	sub_803065A
0803066e	thumb	sub_803066E
080306c8	thumb	sub_80306C8
08030722	thumb	sub_8030722
0803077c	thumb	sub_803077C
080307d8	thumb	sub_80307D8
08030808	thumb	sub_8030808
0803086c	thumb	sub_803086C
08030892	thumb	sub_8030892
080309fc	thumb	nullsub_61
080309fe	thumb	nullsub_62
08030a00	thumb	EnterMap_RunMapGroupAsmFunction_8030A00
08030a30	thumb	LoadGFXAnimsForMapGroup
08030a60	thumb	npc_freeAllObjectsThenSpawnObjectsFromList
08030a8c	thumb	npc_spawnObjectThenSetUnk10_TempAnimScriptPtr_8030a8c
08030aa4	thumb	decompressCoordEventData_8030aa4
08030b0c	thumb	sub_8030B0C
08030b1e	thumb	sub_8030B1E
08030b6a	thumb	checkCollision_8030b6a
08030cac	thumb	sub_8030CAC
08030da2	thumb	sub_8030DA2
08030e14	thumb	sub_8030E14
08030e8c	thumb	sub_8030E8C
08030f04	thumb	sub_8030F04
08030f7c	thumb	sub_8030F7C
08031048	thumb	sub_8031048
08031078	thumb	sub_8031078
080310b0	thumb	sub_80310B0
080310ec	thumb	sub_80310EC
08031122	thumb	sub_8031122
08031136	thumb	sub_8031136
08031176	thumb	sub_8031176
080311b6	thumb	sub_80311B6
080311f4	thumb	sub_80311F4
0803123e	thumb	sub_803123E
08031264	thumb	sub_8031264
0803128e	thumb	sub_803128E
080312d0	thumb	sub_80312D0
08031302	thumb	sub_8031302
08031330	thumb	sub_8031330
0803135e	thumb	sub_803135E
08031388	thumb	sub_8031388
080313b0	thumb	sub_80313B0
080313d4	thumb	sub_80313D4
080313fc	thumb	sub_80313FC
08031420	thumb	sub_8031420
08031478	thumb	sub_8031478
080314cc	thumb	sub_80314CC
08031520	thumb	sub_8031520
08031570	thumb	sub_8031570
08031594	thumb	sub_8031594
080315b8	thumb	sub_80315B8
080315dc	thumb	sub_80315DC
08031600	thumb	sub_8031600
08031612	thumb	checkZCoordModifiers_8031612
080316f8	thumb	sub_80316F8
0803172e	thumb	sub_803172E
08031760	thumb	sub_8031760
08031784	thumb	sub_8031784
0803178a	thumb	sub_803178A
080317a6	thumb	sub_80317A6
080317c2	thumb	sub_80317C2
080317de	thumb	sub_80317DE
080317fa	thumb	sub_80317FA
08031808	thumb	sub_8031808
0803182a	thumb	sub_803182A
08031852	thumb	sub_8031852
08031874	thumb	sub_8031874
0803189c	thumb	sub_803189C
080318b0	thumb	checkLayerPriority_80318b0
08031980	thumb	sub_8031980
08031998	thumb	sub_8031998
0803199e	thumb	sub_803199E
080319b6	thumb	sub_80319B6
080319ce	thumb	sub_80319CE
080319e6	thumb	sub_80319E6
080319fe	thumb	sub_80319FE
08031a16	thumb	sub_8031A16
08031a2e	thumb	sub_8031A2E
08031a46	thumb	sub_8031A46
08031a5e	thumb	sub_8031A5E
08031a68	thumb	sub_8031A68
08031a7a	thumb	checkCoordinateTrigger_8031a7a
08031b7c	thumb	sub_8031B7C
08031b94	thumb	sub_8031B94
08031b9a	thumb	sub_8031B9A
08031bb2	thumb	sub_8031BB2
08031bca	thumb	sub_8031BCA
08031be2	thumb	sub_8031BE2
08031bfa	thumb	sub_8031BFA
08031c12	thumb	sub_8031C12
08031c2a	thumb	sub_8031C2A
08031c42	thumb	sub_8031C42
08031c5a	thumb	sub_8031C5A
08031c64	thumb	sub_8031C64
08031c7c	thumb	sub_8031C7C
08031c94	thumb	sub_8031C94
08031cac	thumb	sub_8031CAC
08033948	thumb	sub_8033948
08033978	thumb	sub_8033978
080339cc	thumb	sub_80339CC
08033a7c	thumb	sub_8033A7C
08033a80	thumb	sub_8033A80
08033a96	thumb	sub_8033A96
08033ab0	thumb	sub_8033AB0
08033ac4	thumb	sub_8033AC4
08033adc	thumb	sub_8033ADC
08033af0	thumb	sub_8033AF0
08033b08	thumb	sub_8033B08
08033b0c	thumb	sub_8033B0C
08033b1e	thumb	sub_8033B1E
08033b30	thumb	sub_8033B30
08033b46	thumb	sub_8033B46
08033b5c	thumb	sub_8033B5C
08033b6e	thumb	sub_8033B6E
08033b80	thumb	sub_8033B80
08033be8	thumb	sub_8033BE8
08033c68	thumb	sub_8033C68
08033cf0	thumb	sub_8033CF0
08033d88	thumb	sub_8033D88
08033da0	thumb	sub_8033DA0
08033e0c	thumb	sub_8033E0C
08033ee8	thumb	sub_8033EE8
08033f80	thumb	sub_8033F80
08033fc0	thumb	doPETEffect_8033fc0
08033fdc	thumb	sub_8033FDC
080340f6	thumb	navi_80340F6
080341aa	thumb	sub_80341AA
080341b6	thumb	ho_jackIn_80341B6
080341f8	thumb	sub_80341F8
08034218	thumb	ho_8034218
0803423c	thumb	sub_803423C
08034268	thumb	sub_8034268
080342a4	thumb	sub_80342A4
080342c6	thumb	sub_80342C6
080342dc	thumb	sub_80342DC
080342e4	thumb	sub_80342E4
080342ec	thumb	sub_80342EC
08034314	thumb	decompJackInAnimationGfx_8034314
080343b0	thumb	sub_80343B0
08034b4c	thumb	map_8034B4C
08034bb8	thumb	sub_8034BB8
08034c36	thumb	sub_8034C36
08034c6e	thumb	sub_8034C6E
08034c9c	thumb	isFlag173DClearAndCutsceneScriptNull_8034c9c
08034cb6	thumb	sub_8034CB6
08034d7c	thumb	sub_8034D7C
08034db0	thumb	sub_8034DB0
08034e3c	thumb	sub_8034E3C
08034e88	thumb	sub_8034E88
08034ef0	thumb	HandleCoordinateInteractionCutscene
08034f68	thumb	sub_8034F68
08034fb8	thumb	sub_8034FB8
08035028	thumb	sub_8035028
08035054	thumb	sub_8035054
08035084	thumb	sub_8035084
080350a8	thumb	owPlayer_80350a8
080350bc	thumb	npc_80350BC
08035134	thumb	npc_spawnOverworldNPCObjectsForMap
0803516c	thumb	mapObject_spawnMapObjectsForMap
08035194	thumb	LoadBGAnimForMapGroup
080351b4	thumb	npc_freeAllObjectsIfDifferentMap_80351b4
080351c8	thumb	sub_80351C8
0803522e	thumb	sub_803522E
08035274	thumb	sub_8035274
0803532c	thumb	initGameProgressBuffer_803532c
08035354	thumb	loadGameProgressFromGameProgressBuffer_8035354
08035364	thumb	storeGameProgressToGameProgressBuffer_8035364
0803537c	thumb	sub_803537C
080353da	thumb	sub_80353DA
08035408	thumb	sub_8035408
08035424	thumb	sub_8035424
0803553c	thumb	testSetClearFlags_803553c
080355a8	thumb	clearSetFlags_80355a8
080355de	thumb	sub_80355DE
080355ec	thumb	sub_80355EC
08035694	thumb	applyLayerEffectToOWObject_8035694
080356ec	thumb	sub_80356EC
080356f8	thumb	sub_80356F8
08035714	thumb	sub_8035714
08035738	thumb	sub_8035738
08035756	thumb	sub_8035756
0803578c	thumb	sub_803578C
080357ae	thumb	sub_80357AE
08035920	thumb	MapScriptCmd_end
08035924	thumb	MapScriptCutsceneCmd_jump
08035932	thumb	MapScriptCutsceneCmd_jump_if_progress_in_range
08035962	thumb	MapScriptCutsceneCmd_jump_if_flag_set
08035992	thumb	MapScriptCutsceneCmd_jump_if_flag_range_set
080359be	thumb	MapScriptCutsceneCmd_jump_if_flag_clear
080359ee	thumb	MapScriptCutsceneCmd_jump_if_flag_range_clear
08035a1a	thumb	MapScriptCutsceneCmd_jump_if_mem_equals
08035a74	thumb	MapScriptCutsceneCmd_jump_if_key_item_in_range
08035aaa	thumb	MapScriptCutsceneCmd_jump_if_chip_count_in_range
08035afa	thumb	MapScriptCutsceneCmd_coordinate_trigger_equals_cmd_8035afa
08035b44	thumb	MapScriptCutsceneCmd_coordinate_trigger_not_equal_cmd_8035b44
08035b8e	thumb	MapScriptCmd_jump_if_coord_interaction_value_equals
08035bb2	thumb	MapScriptCmd_jump_if_coord_interaction_value_not_equal
08035bd6	thumb	MapScriptCmd_jump_if_player_z_equals
08035bfe	thumb	MapScriptCmd_jump_if_player_z_not_equal
08035c26	thumb	MapScriptCmd_jump_if_game_state_44_equals
08035c4a	thumb	MapScriptCmd_jump_if_game_state_44_not_equal
08035c6e	thumb	MapScriptCmd_jump_if_map_group_compare_last_map_group
08035ca0	thumb	MapScriptCmd_switch_case_from_navi_stats_4c
08035cd6	thumb	MapScriptCmd_cmd_8035cd6
08035cf8	thumb	MapScriptCmd_cmd_8035cf8
08035d1a	thumb	MapScriptCmd_jump_if_fade_active
08035d34	thumb	MapScriptCmd_jump_if_eStruct200a6a0_initialized
08035d4e	thumb	MapScriptCmd_jump_if_in_pet_menu
08035d6a	thumb	MapScriptCutsceneCmd_set_screen_fade
08035d98	thumb	MapScriptCutsceneCmd_set_enter_map_screen_fade
08035db4	thumb	MapScriptCutsceneCmd_set_event_flag
08035dd6	thumb	MapScriptCutsceneCmd_clear_event_flag
08035df8	thumb	MapScriptCutsceneCmd_set_event_flag_range
08035e16	thumb	MapScriptCutsceneCmd_clear_event_flag_range
08035e34	thumb	MapScriptCutsceneCmd_set_event_flag_list
08035e54	thumb	MapScriptCutsceneCmd_clear_event_flag_list
08035e74	thumb	MapScriptCmd_call_native_function
08035e8e	thumb	MapScriptCmd_start_cutscene
08035eaa	thumb	MapScriptCutsceneCmd_write_byte
08035ec2	thumb	MapScriptCutsceneCmd_write_hword
08035eda	thumb	MapScriptCutsceneCmd_write_word
08035ef2	thumb	MapScriptCutsceneCmd_write_gamestate_byte
08035f0e	thumb	MapScriptCutsceneCmd_write_eStruct2001c04_byte
08035f2a	thumb	MapScriptCutsceneCmd_load_gfx_anim
08035f3e	thumb	MapScriptCutsceneCmd_load_gfx_anims
08035f52	thumb	MapScriptCutsceneCmd_load_map_gfx_anims_bg_anim
08035f6a	thumb	MapScriptCutsceneCmd_terminate_one_or_all_gfx_anims
08035f98	thumb	MapScriptCutsceneCmd_do_pet_effect
08035fba	thumb	MapScriptCmd_run_or_end_secondary_continuous_map_script
08035fde	thumb	MapScriptCmd_spawn_or_free_objects
0803600e	thumb	StoreMapScriptsThenRunOnInitMapScript
08036040	thumb	RunContinuousMapScript
08036064	thumb	RunSecondaryContinuousMapScript
08036094	thumb	ReadMapScriptByte
0803609c	thumb	ReadMapScriptSignedByte
080360a8	thumb	ReadMapScriptHalfword
080360b6	thumb	ReadMapScriptSignedHalfword
080360c8	thumb	ReadMapScriptWord
08036e44	thumb	playCertainMapMusicBasedOnEventByte_8036e44
08036e78	thumb	PlayMapMusic
08036e86	thumb	sub_8036E86
08036e90	thumb	StartCutscene
08036ed4	thumb	cutscene_8036ED4
08036efe	thumb	cutscene_8036EFE
08036f24	thumb	clearCutsceneScriptPosIfMagicValue0x1_8036F24
08036f36	thumb	IsCutsceneScriptNonNull
08036f40	thumb	cutscene_checkOriginalCutsceneScriptPos_8036F40
08036f58	thumb	cutscene_checkOriginalCutsceneScriptPos_8036F58
08036f70	thumb	cutscene_checkOriginalCutsceneScriptPos_8036F70
08036f84	thumb	TryCutsceneSkip
08036f98	thumb	SetCutsceneCameraScript
08036faa	thumb	cutsceneCamera_focusCameraOnPlayerMaybe_8036faa
08036fbc	thumb	RunCutsceneCameraCommand
08037030	thumb	CutsceneCameraCmd_set_camera_pos
0803705a	thumb	CutsceneCameraCmd_simple_scroll
080370b4	thumb	CutsceneCameraCmd_end
080370b8	thumb	CutsceneCameraCmd_wait
080370e4	thumb	CutsceneCameraCmd_init_shake_effect
08037104	thumb	CutsceneCameraCmd_auto_scroll_to_player
08037162	thumb	CutsceneCamera_GetAutoScrollDeltaForCoord
08037196	thumb	CutsceneCameraCmd_smooth_auto_scroll_to_pos
08037260	thumb	CutsceneCameraCmd_smooth_auto_scroll_to_pos_relative_to_ow_player
080372a2	thumb	CutsceneCameraCmd_smooth_auto_scroll_to_soul_weapons_cursor
080372ec	thumb	CutsceneCameraCmd_smooth_auto_scroll_cmd_80372ec
08037332	thumb	CutsceneCameraCmd_run_text_script
08037352	thumb	CutsceneCameraCmd_wait_chatbox
0803736a	thumb	CutsceneCameraCmd_call_sub_8001B1C
08037380	thumb	CutsceneCameraCmd_call_sub_8001B6C
08037396	thumb	CutsceneCameraCmd_set_screen_fade
080373b6	thumb	CutsceneCameraCmd_wait_screen_fade
080373cc	thumb	CutsceneCameraCmd_set_event_flag
080373e4	thumb	CutsceneCameraCmd_clear_event_flag
080373fc	thumb	CutsceneCameraCmd_sound_cmd_80373fc
0803741c	thumb	CutsceneCameraCmd_play_music
08037432	thumb	CutsceneCameraCmd_write_camera_field_03_14
0803744c	thumb	ReadCutsceneCameraScriptByte
08037454	thumb	ReadCutsceneCameraScriptSignedByte
08037460	thumb	ReadCutsceneCameraScriptHalfword
0803746e	thumb	ReadCutsceneCameraScriptSignedHalfword
08037480	thumb	ReadCutsceneCameraScriptWord
080376c4	thumb	CutsceneCmd_end_for_map_reload_maybe_8037c64
080376dc	thumb	CutsceneCmd_end_for_map_reload_maybe_80376dc
080376f4	thumb	CutsceneCmd_pause
08037740	thumb	CutsceneCmd_long_pause
08037790	thumb	CutsceneCmd_wait_chatbox
080377b6	thumb	CutsceneCmd_wait_if_player_sprite_cur_frame_not_equal_maybe
080377d0	thumb	CutsceneCmd_nop_80377d0
080377e4	thumb	CutsceneCmd_wait_screen_fade
080377f6	thumb	CutsceneCmd_wait_camera_script
08037808	thumb	CutsceneCmd_wait_var_equal
08037826	thumb	CutsceneCmd_wait_cutscene_process
08037840	thumb	CutsceneCmd_wait_if_eStruct200a6a0_initialized
08037852	thumb	CutsceneCmd_wait_if_in_pet_menu
08037866	thumb	CutsceneCmd_wait_if_flag_clear
08037880	thumb	CutsceneCmd_wait_if_flag_set
0803789a	thumb	CutsceneCmd_wait_if_scenario_effect_state_initialized
080378ac	thumb	CutsceneCmd_wait_if_eStruct2001010_initialized
080378be	thumb	CutsceneCmd_cutscene_end
080378c2	thumb	CutsceneCmd_spawn_cutscene_process
080378ee	thumb	CutsceneCmd_kill_cutscene_process
08037904	thumb	CutsceneCmd_set_cutscene_skip_script
08037914	thumb	CutsceneCmd_jump_if_var_equal
0803793a	thumb	MapScriptCutsceneCmd_jump_if_battle_result_equals
0803795c	thumb	MapScriptCutsceneCmd_jump_if_battle_result_not_equal
0803797e	thumb	MapScriptCutsceneCmd_jump_if_current_navi_equals
080379a0	thumb	MapScriptCutsceneCmd_jump_if_current_navi_not_equal
080379c2	thumb	CutsceneCmd_jump_if_title_screen_icon_count_equals
080379e4	thumb	CutsceneCmd_jump_if_title_screen_icon_count_not_equal
08037a06	thumb	CutsceneCmd_write_byte_to_extended_var_plus_param
08037a2a	thumb	CutsceneCmd_set_var
08037a42	thumb	CutsceneCmd_run_text_script
08037a70	thumb	CutsceneCmd_chatbox_cmd_8037a70
08037a7c	thumb	CutsceneCmd_set_or_clear_chatbox_flags
08037aa0	thumb	CutsceneCmd_switch_case_from_chatbox_flags_bit0_to_2
08037ab6	thumb	CutsceneCmd_decomp_text_archive
08037ad0	thumb	DecompressTextArchiveForCutscene
08037aec	thumb	DecompressTextArchiveForCutscene2
08037b08	thumb	CutsceneCmd_ow_player_sprite_special
08037b6c	thumb	CutsceneCmd_ow_player_sprite_special_with_arg
08037bb4	thumb	CutsceneCmd_ow_player_coord_special
08037c44	thumb	CutsceneCmd_move_player_in_facing_direction
08037cc4	thumb	CutsceneCmd_ow_player_cmd_8037cc4
08037ce4	thumb	CutsceneCmd_write_S200ace0_unk_20
08037cf8	thumb	CutsceneCmd_transform_player_navi_sprite
08037d80	thumb	CutsceneCmd_set_ow_player_navi_color_shader
08037dac	thumb	CutsceneCmd_write_or_offset_ow_player_fixed_anim_select_8037dac
08037de0	thumb	CutsceneCmd_set_player_coords_anim_facing_as_npc
08037e18	thumb	CutsceneCmd_spawn_free_ow_map_object_specials
08037e4c	thumb	MapScriptSubCmd_spawn_ow_map_object
08037e96	thumb	MapScriptSubCmd_spawn_ow_map_object_relative_to_ow_player
08037efa	thumb	MapScriptSubCmd_spawn_ow_map_object_relative_to_ow_npc
08037f6e	thumb	MapScriptSubCmd_free_ow_map_object
08037f90	thumb	MapScriptSubCmd_free_all_spawned_ow_map_objects
08037fb8	thumb	CutsceneCmd_spawn_or_free_ow_map_or_npc_objects
08038028	thumb	CutsceneCmd_call_native_with_return_value
08038040	thumb	CutsceneCmd_warp_cmd_8038040
080380b4	thumb	MapScriptCutsceneCmd_play_sound
080380c8	thumb	MapScriptCutsceneCmd_play_music
080380ea	thumb	MapScriptCutsceneCmd_sound_cmd_80380ea
0803810e	thumb	MapScriptCutsceneCmd_sound_cmd_803810e
08038132	thumb	MapScriptCutsceneCmd_stop_sound
0803813e	thumb	MapScriptCutsceneCmd_give_or_take_item
0803816a	thumb	CutsceneCmd_run_or_stop_cutscene_camera_script
080381a0	thumb	CutsceneCmd_start_fixed_battle
080381e0	thumb	CutsceneCmd_start_random_battle
080381fa	thumb	MapScriptCutsceneCmd_init_eStruct200a6a0
0803821e	thumb	MapScriptCutsceneCmd_run_eStruct200a6a0_callback
0803822a	thumb	CutsceneCmd_do_camera_shake
08038246	thumb	CutsceneCmd_nop_8038246
08038256	thumb	CutsceneCmd_nop_8038256
0803825e	thumb	CutsceneCmd_nop_803825e
08038266	thumb	CutsceneCmd_nop_8038266
0803826e	thumb	CutsceneCmd_terminate_bg_scroll_effect
0803827a	thumb	MapScriptCutsceneCmd_init_scenario_effect
0803828e	thumb	MapScriptCutsceneCmd_end_scenario_effect
0803829a	thumb	MapScriptCutsceneCmd_init_minigame_effect
080382ae	thumb	MapScriptCutsceneCmd_end_minigame_effect
080382ba	thumb	MapScriptCutsceneCmd_add_bbs_message_range
080382de	thumb	CutsceneCmd_encryption_cmd_80382de
080382f2	thumb	CutsceneCmd_navi_cmd_80340f6
080382fe	thumb	CutsceneCmd_change_navi_maybe_80382fe
08038322	thumb	MapScriptCutsceneCmd_add_mail_range
08038346	thumb	MapScriptCutsceneCmd_cmd_8038346
08038362	thumb	CutsceneCmd_give_or_take_zenny
08038386	thumb	CutsceneCmd_give_or_take_bugfrags
080383aa	thumb	CutsceneCmd_give_or_take_chips
080383de	thumb	CutsceneCmd_give_or_take_navicust_programs
08038412	thumb	CutsceneCmd_cutscene_run_or_end_secondary_continuous_map_script
0803843c	thumb	CutsceneCmd_store_or_load_game_progress_buffer_maybe_803843c
08038466	thumb	CutsceneCmd_flag_cmd_8038466
08038484	thumb	MapScriptCutsceneCmd_add_request_range
080384a8	thumb	MapScriptCutsceneCmd_rush_food_cmd_80384A8
080384d0	thumb	CutsceneCmd_set_beast_out_counter_to_3
080384dc	thumb	CutsceneCmd_jump_if_req_bbs_master_rank
080384f8	thumb	CutsceneCmd_if_in_real_world_jump_else_jump
0803851c	thumb	RunCutscene
080385c0	thumb	SetCutsceneFlag
080385d0	thumb	ClearCutsceneFlag
080385e0	thumb	TestCutsceneFlag
080385f0	thumb	sub_80385F0
08038606	thumb	sub_8038606
08038630	thumb	sub_8038630
08038674	thumb	sub_8038674
0803868c	thumb	sub_803868C
080386b2	thumb	sub_80386B2
080386cc	thumb	initGfx_80386CC
08038a9c	thumb	sub_8038A9C
08038ad0	thumb	cb_8038AD0
08038b04	thumb	sub_8038B04
08038b64	thumb	sub_8038B64
08038b80	thumb	sub_8038B80
08038b9c	thumb	sub_8038B9C
08038bec	thumb	sub_8038BEC
08038c10	thumb	sub_8038C10
08038c78	thumb	sub_8038C78
08038cf4	thumb	sub_8038CF4
08038d7c	thumb	sub_8038D7C
08038d94	thumb	sub_8038D94
08038db0	thumb	sub_8038DB0
08038de0	thumb	sub_8038DE0
08038e14	thumb	sub_8038E14
08038e48	thumb	sub_8038E48
08038e5c	thumb	sub_8038E5C
08038e78	thumb	sub_8038E78
08038eac	thumb	sub_8038EAC
08038edc	thumb	sub_8038EDC
08038f0c	thumb	sub_8038F0C
08038f30	thumb	decomp_initGfx_8038F30
08038f74	thumb	sub_8038F74
08038f9c	thumb	sub_8038F9C
08038fb4	thumb	sub_8038FB4
08039024	thumb	sub_8039024
08039074	thumb	sub_8039074
08039084	thumb	sub_8039084
080390d8	thumb	sub_80390D8
080390f8	thumb	sub_80390F8
0803916c	thumb	sub_803916C
08039180	thumb	sub_8039180
08039198	thumb	sub_8039198
08039570	thumb	sub_8039570
080395a4	thumb	cb_80395A4
080395e4	thumb	sub_80395E4
08039630	thumb	sub_8039630
08039658	thumb	sub_8039658
08039694	thumb	sub_8039694
0803970c	thumb	sub_803970C
08039734	thumb	sub_8039734
080397bc	thumb	sub_80397BC
080397dc	thumb	sub_80397DC
080397f6	thumb	sub_80397F6
08039816	thumb	sub_8039816
08039830	thumb	sub_8039830
08039846	thumb	sub_8039846
08039864	thumb	sub_8039864
08039888	thumb	sub_8039888
080398b0	thumb	sub_80398B0
080398dc	thumb	sub_80398DC
0803993a	thumb	sub_803993A
0803995c	thumb	sub_803995C
080399ce	thumb	sub_80399CE
08039a58	thumb	sub_8039A58
08039ab8	thumb	sub_8039AB8
08039ae4	thumb	sub_8039AE4
08039b0a	thumb	sub_8039B0A
08039b60	thumb	sub_8039B60
08039b82	thumb	sub_8039B82
08039b98	thumb	sub_8039B98
08039bc0	thumb	sub_8039BC0
08039c14	thumb	sub_8039C14
08039c32	thumb	sub_8039C32
08039c9c	thumb	sub_8039C9C
08039cb4	thumb	sub_8039CB4
08039d08	thumb	sub_8039D08
08039d66	thumb	sub_8039D66
08039d9a	thumb	sub_8039D9A
08039db4	thumb	sub_8039DB4
08039e2c	thumb	sub_8039E2C
08039e80	thumb	sub_8039E80
08039eba	thumb	sub_8039EBA
08039ecc	thumb	sub_8039ECC
08039f10	thumb	sub_8039F10
08039f24	thumb	sub_8039F24
08039f38	thumb	sub_8039F38
08039f48	thumb	sub_8039F48
08039f58	thumb	sub_8039F58
08039f62	thumb	sub_8039F62
08039f6a	thumb	sub_8039F6A
08039f78	thumb	sub_8039F78
08039fec	thumb	sub_8039FEC
0803a03a	thumb	sub_803A03A
0803a054	thumb	sub_803A054
0803a06c	thumb	sub_803A06C
0803a086	thumb	sub_803A086
0803a0a4	thumb	sub_803A0A4
0803a0be	thumb	sub_803A0BE
0803a0d4	thumb	sub_803A0D4
0803a0ee	thumb	sub_803A0EE
0803a104	thumb	sub_803A104
0803a186	thumb	sub_803A186
0803a1b0	thumb	sub_803A1B0
0803a1d8	thumb	sub_803A1D8
0803a214	thumb	sub_803A214
0803a238	thumb	sub_803A238
0803a252	thumb	sub_803A252
0803a25c	thumb	sub_803A25C
0803a2a4	thumb	sub_803A2A4
0803a2cc	thumb	sub_803A2CC
0803a334	thumb	sub_803A334
0803a39c	thumb	sub_803A39C
0803a3c4	thumb	sub_803A3C4
0803a410	thumb	sub_803A410
0803a422	thumb	sub_803A422
0803a470	thumb	sub_803A470
0803a4d0	thumb	sub_803A4D0
0803a524	thumb	sub_803A524
0803a558	thumb	sub_803A558
0803a58c	thumb	sub_803A58C
0803a5dc	thumb	sub_803A5DC
0803a5f4	thumb	sub_803A5F4
0803a690	thumb	sub_803A690
0803a6e4	thumb	sub_803A6E4
0803a740	thumb	sub_803A740
0803a752	thumb	sub_803A752
0803a764	thumb	sub_803A764
0803a776	thumb	sub_803A776
0803a788	thumb	sub_803A788
0803a79a	thumb	sub_803A79A
0803a7b8	thumb	sub_803A7B8
0803a7ec	thumb	sub_803A7EC
0803a820	thumb	sub_803A820
0803a84e	thumb	sub_803A84E
0803a85c	thumb	sub_803A85C
0803a86a	thumb	sub_803A86A
0803a878	thumb	sub_803A878
0803a886	thumb	sub_803A886
0803a8b4	thumb	sub_803A8B4
0803a8e2	thumb	sub_803A8E2
0803a9cc	thumb	sub_803A9CC
0803a9e6	thumb	sub_803A9E6
0803aa24	thumb	sub_803AA24
0803aa40	thumb	sub_803AA40
0803aaa0	thumb	sub_803AAA0
0803aad8	thumb	sub_803AAD8
0803aaf6	thumb	sub_803AAF6
0803ab20	thumb	sub_803AB20
0803ab46	thumb	sub_803AB46
0803ab6c	thumb	sub_803AB6C
0803ab94	thumb	sub_803AB94
0803abb4	thumb	sub_803ABB4
0803abdc	thumb	sub_803ABDC
0803abf4	thumb	sub_803ABF4
0803ac02	thumb	sub_803AC02
0803ac2c	thumb	sub_803AC2C
0803ac56	thumb	sub_803AC56
0803ac78	thumb	sub_803AC78
0803aca2	thumb	sub_803ACA2
0803acb2	thumb	sub_803ACB2
0803acc6	thumb	sub_803ACC6
0803ad04	thumb	sub_803AD04
0803ad20	thumb	sub_803AD20
0803ad80	thumb	sub_803AD80
0803adb8	thumb	sub_803ADB8
0803adda	thumb	sub_803ADDA
0803ae04	thumb	sub_803AE04
0803ae2a	thumb	sub_803AE2A
0803ae50	thumb	sub_803AE50
0803ae78	thumb	sub_803AE78
0803ae98	thumb	sub_803AE98
0803aec0	thumb	sub_803AEC0
0803aed8	thumb	sub_803AED8
0803aee6	thumb	sub_803AEE6
0803af1c	thumb	sub_803AF1C
0803af46	thumb	sub_803AF46
0803af70	thumb	sub_803AF70
0803af90	thumb	sub_803AF90
0803afc2	thumb	sub_803AFC2
0803b160	thumb	sub_803B160
0803b184	thumb	sub_803B184
0803b1c4	thumb	sub_803B1C4
0803b1d6	thumb	sub_803B1D6
0803b1f8	thumb	sub_803B1F8
0803b216	thumb	copyData_803B216
0803b2e4	thumb	copyData_803B2E4
0803b3c8	thumb	copyData_803B3C8
0803b45c	thumb	copyData_803B45C
0803b518	thumb	sub_803B518
0803b522	thumb	sub_803B522
0803b63c	thumb	sub_803B63C
0803b674	thumb	sub_803B674
0803b814	thumb	sub_803B814
0803b880	thumb	sub_803B880
0803b8f8	thumb	sub_803B8F8
0803b91c	thumb	sub_803B91C
0803b9c0	thumb	sub_803B9C0
0803ba00	thumb	sub_803BA00
0803ba28	thumb	sub_803BA28
0803ba64	thumb	sub_803BA64
0803ba74	thumb	sub_803BA74
0803ba84	thumb	sub_803BA84
0803bae2	thumb	sub_803BAE2
0803bb2c	thumb	sub_803BB2C
0803bb7c	thumb	sub_803BB7C
0803bb80	thumb	sub_803BB80
0803bb90	thumb	sub_803BB90
0803bb94	thumb	sub_803BB94
0803bba4	thumb	sub_803BBA4
0803bc7c	thumb	sub_803BC7C
0803be30	thumb	sub_803BE30
0803bec0	thumb	sub_803BEC0
0803bf70	thumb	sub_803BF70
0803bfa0	thumb	sub_803BFA0
0803bfe8	thumb	sub_803BFE8
0803c018	thumb	sub_803C018
0803c034	thumb	sub_803C034
0803c040	thumb	sub_803C040
0803c068	thumb	sub_803C068
0803c0be	thumb	sub_803C0BE
0803c0f6	thumb	sub_803C0F6
0803c132	thumb	sub_803C132
0803c150	thumb	sub_803C150
0803c168	thumb	sub_803C168
0803c1a8	thumb	sub_803C1A8
0803c1bc	thumb	sub_803C1BC
0803c248	thumb	sub_803C248
0803c26a	thumb	sub_803C26A
0803c28a	thumb	sub_803C28A
0803c2a0	thumb	sub_803C2A0
0803c2aa	thumb	sub_803C2AA
0803c2ec	thumb	sub_803C2EC
0803c2f0	thumb	sub_803C2F0
0803c2fe	thumb	sub_803C2FE
0803c302	thumb	sub_803C302
0803c30c	thumb	sub_803C30C
0803c316	thumb	sub_803C316
0803c320	thumb	sub_803C320
0803c330	thumb	sub_803C330
0803c34e	thumb	sub_803C34E
0803c352	thumb	sub_803C352
0803c398	thumb	sub_803C398
0803c3b6	thumb	sub_803C3B6
0803c3d8	thumb	sub_803C3D8
0803c3e0	thumb	sub_803C3E0
0803c3e8	thumb	sub_803C3E8
0803c40c	thumb	sub_803C40C
0803c418	thumb	sub_803C418
0803c434	thumb	sub_803C434
0803c440	thumb	sub_803C440
0803c458	thumb	sub_803C458
0803c48c	thumb	sub_803C48C
0803c4b0	thumb	sub_803C4B0
0803c4c0	thumb	sub_803C4C0
0803c4dc	thumb	sub_803C4DC
0803c4ec	thumb	sub_803C4EC
0803c502	thumb	sub_803C502
0803c514	thumb	sub_803C514
0803c530	thumb	sub_803C530
0803c558	thumb	sub_803C558
0803c564	thumb	sub_803C564
0803c570	thumb	sub_803C570
0803c580	thumb	sub_803C580
0803c58c	thumb	sub_803C58C
0803c59c	thumb	sub_803C59C
0803c604	thumb	sub_803C604
0803c612	thumb	sub_803C612
0803c620	thumb	sub_803C620
0803c6a8	thumb	sub_803C6A8
0803c6c0	thumb	sub_803C6C0
0803c6d8	thumb	sub_803C6D8
0803c6f4	thumb	sub_803C6F4
0803c702	thumb	sub_803C702
0803c720	thumb	sub_803C720
0803c730	thumb	sub_803C730
0803c754	thumb	sub_803C754
0803c76c	thumb	sub_803C76C
0803c790	thumb	sub_803C790
0803c7b4	thumb	sub_803C7B4
0803c7e8	thumb	sub_803C7E8
0803c83a	thumb	sub_803C83A
0803c842	thumb	sub_803C842
0803c84a	thumb	sub_803C84A
0803c85c	thumb	sub_803C85C
0803c86a	thumb	sub_803C86A
0803c888	thumb	sub_803C888
0803c8b4	thumb	sub_803C8B4
0803c8e8	thumb	sub_803C8E8
0803c90c	thumb	sub_803C90C
0803c94c	thumb	sub_803C94C
0803c97c	thumb	sub_803C97C
0803c9a4	thumb	sub_803C9A4
0803c9b6	thumb	sub_803C9B6
0803c9be	thumb	sub_803C9BE
0803c9dc	thumb	sub_803C9DC
0803ca10	thumb	sub_803CA10
0803ca2c	thumb	sub_803CA2C
0803ca64	thumb	sub_803CA64
0803ca90	thumb	sub_803CA90
0803cac4	thumb	sub_803CAC4
0803caf8	thumb	sub_803CAF8
0803cb00	thumb	sub_803CB00
0803cb0c	thumb	sub_803CB0C
0803cb18	thumb	sub_803CB18
0803cb24	thumb	sub_803CB24
0803cb44	thumb	sub_803CB44
0803cb78	thumb	sub_803CB78
0803cb8c	thumb	sub_803CB8C
0803cba6	thumb	cb_803CBA6
0803cbd0	thumb	sub_803CBD0
0803cc14	thumb	sub_803CC14
0803cc28	thumb	sub_803CC28
0803cc40	thumb	sub_803CC40
0803cc60	thumb	copyData_803CC60
0803ccb0	thumb	RunTextScriptCommError_803CCB0
0803ccc0	thumb	sub_803CCC0
0803ccd6	thumb	cb_803CCD6
0803ccfc	thumb	sub_803CCFC
0803cd40	thumb	sub_803CD40
0803cd54	thumb	sub_803CD54
0803cd58	thumb	sub_803CD58
0803cd64	thumb	RunTextScriptCommError_803CD64
0803cd74	thumb	sub_803CD74
0803cd98	thumb	GiveItem
0803cdf8	thumb	sub_803CDF8
0803ce08	thumb	TakeItem
0803ce28	thumb	CheckKeyItem
0803ce44	thumb	sub_803CE44
0803ceb8	thumb	SetCurNaviHPToFull
0803ced4	thumb	sub_803CED4
0803cef8	thumb	sub_803CEF8
0803cf10	thumb	sub_803CF10
0803cf3c	thumb	sub_803CF3C
0803cf74	thumb	sub_803CF74
0803cfb0	thumb	sub_803CFB0
0803cff8	thumb	GiveZenny
0803d02c	thumb	sub_803D02C
0803d040	thumb	TakeZenny
0803d06c	thumb	sub_803D06C
0803d080	thumb	GiveBugfrags
0803d0b4	thumb	sub_803D0B4
0803d0c8	thumb	TakeBugfrags
0803d0f4	thumb	sub_803D0F4
0803d108	thumb	GiveNaviCustPrograms
0803d118	thumb	sub_803D118
0803d128	thumb	TakeNaviCustPrograms
0803d138	thumb	sub_803D138
0803d148	thumb	sub_803D148
0803d170	thumb	sub_803D170
0803d180	thumb	sub_803D180
0803d1a8	thumb	sub_803D1A8
0803d1ca	thumb	cb_803D1CA
0803d1fc	thumb	sub_803D1FC
0803d24c	thumb	sub_803D24C
0803d274	thumb	sub_803D274
0803d298	thumb	sub_803D298
0803d2a6	thumb	sub_803D2A6
0803d2b8	thumb	copyTileData_803D2B8
0803dcd8	thumb	sub_803DCD8
0803dce8	thumb	sub_803DCE8
0803dd30	thumb	sub_803DD30
0803dd60	thumb	sub_803DD60
0803dd8c	thumb	sub_803DD8C
0803dda4	thumb	sub_803DDA4
0803ddc0	thumb	sub_803DDC0
0803ddd4	thumb	sub_803DDD4
0803ddec	thumb	sub_803DDEC
0803de24	thumb	sub_803DE24
0803de5c	thumb	sub_803DE5C
0803de68	thumb	sub_803DE68
0803de72	thumb	sub_803DE72
0803de88	thumb	sub_803DE88
0803deac	thumb	sub_803DEAC
0803deb4	thumb	sub_803DEB4
0803dfac	thumb	sub_803DFAC
0803e018	thumb	sub_803E018
0803e114	thumb	ho_803E114
0803e154	thumb	sub_803E154
0803e16c	thumb	sub_803E16C
0803e198	thumb	sub_803E198
0803e1ac	thumb	sub_803E1AC
0803e1c0	thumb	sub_803E1C0
0803e1d0	thumb	sub_803E1D0
0803e1e0	thumb	sub_803E1E0
0803e200	thumb	sub_803E200
0803e234	thumb	sub_803E234
0803e260	thumb	sub_803E260
0803e268	thumb	sub_803E268
0803e288	thumb	sub_803E288
0803e34c	thumb	sub_803E34C
0803e40c	thumb	sub_803E40C
0803e428	thumb	sub_803E428
0803e548	thumb	sub_803E548
0803e564	thumb	sub_803E564
0803e590	thumb	sub_803E590
0803e598	thumb	sub_803E598
0803e608	thumb	sub_803E608
0803e628	thumb	sub_803E628
0803e69c	thumb	sub_803E69C
0803e6a2	thumb	sub_803E6A2
0803e6f8	thumb	sub_803E6F8
0803e740	thumb	sub_803E740
0803e78c	thumb	sub_803E78C
0803e7a4	thumb	sub_803E7A4
0803e7d8	thumb	sub_803E7D8
0803e80c	thumb	sub_803E80C
0803e828	thumb	sub_803E828
0803e850	thumb	sub_803E850
0803e880	thumb	sub_803E880
0803e88c	thumb	sub_803E88C
0803e89c	thumb	sub_803E89C
0803e8b4	thumb	sub_803E8B4
0803e8dc	thumb	sub_803E8DC
0803e8e4	thumb	sub_803E8E4
0803e8f0	thumb	sub_803E8F0
0803e8f8	thumb	sub_803E8F8
0803e900	thumb	init_eStartScreenAnimationControl200B1A0_1
0803e914	thumb	init_eStartScreenAnimationControl200B1A0_2
0803e928	thumb	sub_803E928
0803e930	thumb	startScreen_TstZero
0803e938	thumb	startScreen_AnimatePressStart_803E938
0803e964	thumb	startScreen_DecrementPressStartPauseAnimationTimer
0803e978	thumb	sub_803E978
0803ea1c	thumb	sub_803EA1C
0803ea2c	thumb	sub_803EA2C
0803ea40	thumb	sub_803EA40
0803ea48	thumb	sub_803EA48
0803ea50	thumb	sub_803EA50
0803ea58	thumb	sub_803EA58
0803ea60	thumb	eStruct200BC30_getJumpOffset00
0803ea68	thumb	eStruct200BC30_getJumpOffset00_pushpop
0803ea70	thumb	eStruct200BC30_setJumpOffset00
0803ea78	thumb	sub_803EA78
0803ea98	thumb	sub_803EA98
0803eabc	thumb	sub_803EABC
0803ead0	thumb	sub_803EAD0
0803eae4	thumb	sub_803EAE4
0803eb04	thumb	sub_803EB04
0803eb14	thumb	sub_803EB14
0803eb60	thumb	sub_803EB60
0803ebac	thumb	sub_803EBAC
0803ebb8	thumb	sub_803EBB8
0803ebc8	thumb	sub_803EBC8
0803ebe4	thumb	sub_803EBE4
0803ebec	thumb	sub_803EBEC
0803ebf4	thumb	eStruct200BC30_getRef
0803ebfc	thumb	sub_803EBFC
0803ec1c	thumb	sub_803EC1C
0803ec54	thumb	sub_803EC54
0803ecfc	thumb	sub_803ECFC
0803ed1c	thumb	sub_803ED1C
0803ed4c	thumb	sub_803ED4C
0803ee98	thumb	sub_803EE98
0803ef48	thumb	sub_803EF48
0803ef54	thumb	sub_803EF54
0803ef60	thumb	sub_803EF60
0803ef74	thumb	sub_803EF74
0803ef7c	thumb	sub_803EF7C
0803ef84	thumb	sub_803EF84
0803ef90	thumb	sub_803EF90
0803efa0	thumb	sub_803EFA0
0803efcc	thumb	sub_803EFCC
0803effc	thumb	sub_803EFFC
0803f004	thumb	sub_803F004
0803f00c	thumb	sub_803F00C
0803f030	thumb	sub_803F030
0803f05c	thumb	sub_803F05C
0803f06c	thumb	sub_803F06C
0803f090	thumb	sub_803F090
0803f0a4	thumb	sub_803F0A4
0803f0e8	thumb	sub_803F0E8
0803f118	thumb	sub_803F118
0803f158	thumb	sub_803F158
0803f17c	thumb	sub_803F17C
0803f1c0	thumb	sub_803F1C0
0803f214	thumb	sub_803F214
0803f26c	thumb	sub_803F26C
0803f324	thumb	sub_803F324
0803f334	thumb	sub_803F334
0803f3a8	thumb	sub_803F3A8
0803f3d8	thumb	sub_803F3D8
0803f460	thumb	sub_803F460
0803f4c8	thumb	clear_e200AD04
0803f4d4	thumb	sub_803F4D4
0803f4ec	thumb	sub_803F4EC
0803f4f4	thumb	sub_803F4F4
0803f500	thumb	sub_803F500
0803f50c	thumb	sub_803F50C
0803f524	thumb	notZero_eByte200AD04
0803f530	thumb	sub_803F530
0803f560	thumb	sub_803F560
0803f5b0	thumb	sub_803F5B0
0803f618	thumb	sub_803F618
0803f62c	thumb	sub_803F62C
0803f644	thumb	sub_803F644
0803f664	thumb	sub_803F664
0803f674	thumb	sub_803F674
0803f6b0	thumb	sub_803F6B0
0803f6f4	thumb	sub_803F6F4
0803f740	thumb	sub_803F740
0803f798	thumb	sub_803F798
0803f79e	thumb	sub_803F79E
0803f838	thumb	sub_803F838
0803f894	thumb	sub_803F894
0803f8b2	thumb	sub_803F8B2
0803f8c4	thumb	sub_803F8C4
0803f8f4	thumb	sub_803F8F4
0803f918	thumb	sub_803F918
0803f976	thumb	sub_803F976
0803f9e4	thumb	sub_803F9E4
0803fa42	thumb	sub_803FA42
0803fab4	thumb	sub_803FAB4
0803faee	thumb	sub_803FAEE
0803fb04	thumb	sub_803FB04
0803fb28	thumb	sub_803FB28
0803fb3c	thumb	cb_803FB3C
0803fb64	thumb	sub_803FB64
0803fb9c	thumb	playGameOver_803FB9C
0803fbc2	thumb	sub_803FBC2
0803fbe8	thumb	sub_803FBE8
0803fc14	thumb	sub_803FC14
0803fc64	thumb	copyTileData_803FC64
0803fcf0	thumb	clearChatboxAndEvent
0803fd08	thumb	chatbox_uncompMapTextArchives_803FD08
0803fd3c	thumb	chatbox_uncompMapTextArchives_803FD3C
0803fd54	thumb	chatbox_uncompMapTextArchives_803FD54
0803fd68	thumb	chatbox_runScript_202da04
0803fd78	thumb	chatbox_runScript_803FD78
0803fd9c	thumb	chatbox_runScript_803FD9C
0803fda4	thumb	chatbox_runScript_803FDA4
0803fe08	thumb	chatbox_runScript_803FE08
0803fe10	thumb	chatbox_runScript_803FE10
0803fe74	thumb	chatbox_runScriptAndSetWhiteDot803FE74
0803feb4	thumb	chatbox_onUpdate
0803ff50	thumb	chatbox_interpreteAndDrawDialogChar
0804005c	thumb	chatbox_interpreteAndDrawDialogChar_1
08040154	thumb	chatbox_8040154
0804017c	thumb	chatbox_804017C
0804021c	thumb	chatbox_804021C
08040344	thumb	chatbox_CopyBackgroundTiles_8040344
08040374	thumb	chatbox_runTrainScript
08040384	thumb	chatbox_runScript
080404c0	thumb	chatbox_reqBBS_80404C0
080405f8	thumb	dead_80405F8
08040730	thumb	chatbox_selectCompTextByMap_8040730
08040794	thumb	chatbox_selectCompTextByMap_8040794
080407c8	thumb	chatbox_selectCompTextByMap_80407C8
08040818	thumb	chatbox_8040818
0804082c	thumb	chatbox_804082C
080408d0	thumb	chatbox_config_80408D0
08040920	thumb	chatbox_setflags_3e
0804092c	thumb	chatbox_clearFlags_3e
08040938	thumb	chatbox_maskFlags_3e
08040944	thumb	chatbox_ED_select_8040944
080409c8	thumb	chatbox_80409C8
080409e0	thumb	chatbox_80409E0
08040a9a	thumb	chatbox_8040A9A
08040b3a	thumb	sub_8040B3A
08040b8c	thumb	chatbox_8040B8C
08040c44	thumb	chatbox_8040C44
08040c9c	thumb	chatbox_8040C9C
08040cd0	thumb	chatbox_8040CD0
08040d5c	thumb	chatbox_8040D5C
08040dbc	thumb	chatbox_8040DBC
08040ddc	thumb	chatbox_8040DDC
08040e90	thumb	chatbox_E5_nop
08040e98	thumb	chatbox_E6_end
08040ef4	thumb	chatbox_E7_buttonhalt
08040f70	thumb	chatbox_E8_msgbox
0804103e	thumb	chatbox_804103E
08041090	thumb	chatbox_8041090
080410f8	thumb	chatbox_80410F8
0804110c	thumb	chatbox_804110C
08041134	thumb	chatbox_E9_newline
08041160	thumb	chatbox_EA_flag
080411b0	thumb	chatbox_80411B0
080411bc	thumb	chatbox_80411BC
080411c8	thumb	chatbox_80411C8
080411d4	thumb	chatbox_80411D4
080411e0	thumb	chatbox_80411E0
080411e8	thumb	chatbox_80411E8
08041200	thumb	chatbox_8041200
08041218	thumb	chatbox_8041218
0804122c	thumb	chatbox_804122C
08041238	thumb	chatbox_8041238
08041244	thumb	chatbox_EB_option
08041288	thumb	chatbox_EC_label
080412c8	thumb	chatbox_ED_select
080414a8	thumb	chatbox_EE_pause
0804156c	thumb	chatbox_EF_checkflag
08041670	thumb	chatbox_8041670
08041694	thumb	chatbox_8041694
080416c4	thumb	chatbox_80416C4
080416f0	thumb	chatbox_80416F0
0804171c	thumb	chatbox_804171C
08041748	thumb	chatbox_8041748
08041774	thumb	chatbox_8041774
080417a4	thumb	chatbox_80417A4
080417c0	thumb	chatbox_80417C0
080417e4	thumb	chatbox_80417E4
08041818	thumb	chatbox_8041818
080418cc	thumb	chatbox_80418CC
08041904	thumb	chatbox_8041904
08041944	thumb	chatbox_8041944
08041964	thumb	chatbox_8041964
0804198c	thumb	chatbox_804198C
080419b4	thumb	chatbox_80419B4
080419d0	thumb	chatbox_80419D0
080419f8	thumb	chatbox_80419F8
08041a28	thumb	chatbox_8041A28
08041a4c	thumb	chatbox_8041A4C
08041a7c	thumb	chatbox_8041A7C
08041abc	thumb	chatbox_8041ABC
08041adc	thumb	chatbox_F0_jump
08041ba4	thumb	chatbox_F1_textspeed
08041bd8	thumb	chatbox_F2_clearmsgbox
08041c54	thumb	chatbox_F3_control
08041c84	thumb	chatbox_F4_unk
08041cf4	thumb	chatbox_F5_mugshot
08041dbc	thumb	chatbox_F6_textcolor
08041df4	thumb	chatbox_8041DF4
08041e80	thumb	chatbox_F8_playeranimation
08041eb0	thumb	chatbox_8041EB0
08041ee8	thumb	chatbox_8041EE8
08041f10	thumb	chatbox_8041F10
08041f1c	thumb	chatbox_8041F1C
08041f44	thumb	chatbox_8041F44
08041f68	thumb	chatbox_FA_print
08041fb4	thumb	chatbox_8041FB4
080420bc	thumb	chatbox_80420BC
08042124	thumb	chatbox_8042124
08042128	thumb	chatbox_8042128
08042184	thumb	chatbox_8042184
080421d8	thumb	chatbox_80421D8
0804222c	thumb	chatbox_804222C
0804228c	thumb	chatbox_804228C
08042290	thumb	chatbox_FD_sound
080422d4	thumb	chatbox_80422D4
080422e8	thumb	chatbox_80422E8
080422fc	thumb	chatbox_80422FC
0804230c	thumb	chatbox_804230C
0804231c	thumb	chatbox_804231C
08042328	thumb	chatbox_8042328
08042340	thumb	chatbox_8042340
08042350	thumb	chatbox_8042350
08042360	thumb	chatbox_8042360
08042370	thumb	chatbox_8042370
08042388	thumb	chatbox_FB_special
080423dc	thumb	chatbox_80423DC
08042418	thumb	chatbox_8042418
0804244c	thumb	chatbox_804244C
0804247c	thumb	chatbox_804247C
080424bc	thumb	chatbox_80424BC
080424e0	thumb	chatbox_80424E0
0804252c	thumb	chatbox_804252C
08042554	thumb	sub_8042554
08042580	thumb	chatbox_8042580
080425a0	thumb	chatbox_80425A0
080425c0	thumb	chatbox_80425C0
080425e0	thumb	chatbox_80425E0
080425f0	thumb	chatbox_80425F0
08042610	thumb	chatbox_FC_interface
08042678	thumb	chatbox_8042678
080426a8	thumb	chatbox_80426A8
080426c4	thumb	chatbox_80426C4
080426d4	thumb	chatbox_80426D4
080426e0	thumb	chatbox_80426E0
080426f4	thumb	chatbox_80426F4
0804271c	thumb	chatbox_804271C
08042770	thumb	chatbox_sprite_8042770
080427b4	thumb	chatbox_80427B4
080427e4	thumb	chatbox_80427E4
08042804	thumb	chatbox_8042804
08042820	thumb	chatbox_8042820
08042830	thumb	chatbox_F7_move
0804286c	thumb	sub_804286C
080428b8	thumb	sub_80428B8
080428c0	thumb	sub_80428C0
080428e4	thumb	sub_80428E4
080428ec	thumb	sub_80428EC
080428fc	thumb	sub_80428FC
08042910	thumb	sub_8042910
0804293c	thumb	sub_804293C
08042990	thumb	sub_8042990
080429d8	thumb	sub_80429D8
08042a14	thumb	chatbox_8042A14
08042a9c	thumb	chatbox_8042A9C
08042b38	thumb	chatbox_8042B38
08042c18	thumb	chatbox_8042C18
08042cf8	thumb	chatbox_FE_numberinput
08042d58	thumb	sub_8042D58
08042d68	thumb	chatbox_8042D68
08042ec8	thumb	chatbox_8042EC8
08042ee8	thumb	chatbox_8042EE8
08042f10	thumb	chatbox_8042F10
08042f34	thumb	chatbox_8042F34
08042f84	thumb	chatbox_8042F84
08042f88	thumb	sub_8042F88
08042fc2	thumb	sub_8042FC2
08042fd8	thumb	chatbox_F9_storebyte
08042ff4	thumb	chatbox_8042FF4
08043008	thumb	chatbox_8043008
08043020	thumb	chatbox_FF_copytext
0804303c	thumb	dead_804303C
080430a0	thumb	chatbox_80430A0
0804312c	thumb	sub_804312C
08043164	thumb	chatbox_8043164
080432c8	thumb	chatbox_80432C8
0804330c	thumb	chatbox_804330C
080434e0	thumb	chatbox_80434E0
080436b0	thumb	chatbox_80436B0
080436e8	thumb	chatbox_80436E8
080438b4	thumb	chatbox_80438B4
080438ec	thumb	chatbox_80438EC
08043a5c	thumb	chatbox_8043A5C
08045ed0	thumb	chatbox_8045ED0
08045edc	thumb	chatbox_8045EDC
08045eec	thumb	chatbox_8045EEC
08045efc	thumb	chatbox_8045EFC
08045f0c	thumb	sub_8045F0C
08045f1c	thumb	chatbox_set_eFlags2009F38
08045f2c	thumb	chatbox_clear_eFlags2009F38
08045f3c	thumb	chatbox_mask_eFlags2009F38
08045f4c	thumb	chatbox_8045F4C
08045f60	thumb	chatbox_8045F60
08045f8c	thumb	renderTextGfx_8045F8C
08045fbc	thumb	sub_8045FBC
08045fc6	thumb	sub_8045FC6
08045fd0	thumb	sub_8045FD0
08046038	thumb	sub_8046038
08046154	thumb	sub_8046154
080461d0	thumb	sub_80461D0
08046290	thumb	sub_8046290
0804634c	thumb	sub_804634C
08046356	thumb	sub_8046356
080463a0	thumb	sub_80463A0
08046450	thumb	sub_8046450
0804657c	thumb	sub_804657C
080465a0	thumb	sub_80465A0
080465bc	thumb	sub_80465BC
080465f8	thumb	sub_80465F8
08046664	thumb	sub_8046664
08046670	thumb	sub_8046670
0804668a	thumb	sub_804668A
08046696	thumb	sub_8046696
080466aa	thumb	sub_80466AA
080466c4	thumb	getStructFrom2008450
080466d8	thumb	sub_80466D8
080467d8	thumb	sub_80467D8
080467fc	thumb	sub_80467FC
08046818	thumb	sub_8046818
08046854	thumb	sub_8046854
080468ba	thumb	sub_80468BA
080468c6	thumb	sub_80468C6
080468e0	thumb	sub_80468E0
080468ec	thumb	sub_80468EC
08046900	thumb	sub_8046900
0804691a	thumb	sub_804691A
0804692c	thumb	sub_804692C
08046cc8	thumb	sub_8046CC8
08046cf8	thumb	ShopControl
08046d4c	thumb	sub_8046D4C
08046ddc	thumb	sub_8046DDC
08046df8	thumb	sub_8046DF8
08046e06	thumb	sub_8046E06
08046e48	thumb	sub_8046E48
08046e84	thumb	sub_8046E84
08046ed2	thumb	sub_8046ED2
08047028	thumb	sub_8047028
08047050	thumb	sub_8047050
08047066	thumb	sub_8047066
0804709c	thumb	sub_804709C
08047134	thumb	sub_8047134
080471f8	thumb	uncomp_80471F8
0804722c	thumb	sub_804722C
080472e8	thumb	sub_80472E8
0804733c	thumb	sub_804733C
08047366	thumb	sub_8047366
08047384	thumb	sub_8047384
080473e6	thumb	sub_80473E6
0804743c	thumb	sub_804743C
08047456	thumb	sub_8047456
0804747c	thumb	copyData_804747C
0804754c	thumb	sub_804754C
0804758c	thumb	sub_804758C
08047594	thumb	sub_8047594
0804760e	thumb	sub_804760E
08047664	thumb	sub_8047664
08047708	thumb	sub_8047708
08047760	thumb	sub_8047760
08047790	thumb	sub_8047790
08047800	thumb	sub_8047800
08047834	thumb	sub_8047834
080478b8	thumb	sub_80478B8
080478d4	thumb	sub_80478D4
08047950	thumb	sub_8047950
08047a80	thumb	sub_8047A80
08047a96	thumb	sub_8047A96
08047b88	thumb	sub_8047B88
08047ca0	thumb	sub_8047CA0
08047ca8	thumb	sub_8047CA8
08047cb0	thumb	sub_8047CB0
08047cb6	thumb	sub_8047CB6
08047cdc	thumb	sub_8047CDC
08047cec	thumb	sub_8047CEC
08047cfa	thumb	sub_8047CFA
08047d84	thumb	sub_8047D84
08048c24	thumb	sub_8048C24
08048c68	thumb	sub_8048C68
08048c98	thumb	sub_8048C98
08048ccc	thumb	sub_8048CCC
08048d60	thumb	sub_8048D60
08048d9c	thumb	sub_8048D9C
08048dae	thumb	sub_8048DAE
08048df8	thumb	sub_8048DF8
08048f68	thumb	sub_8048F68
08048f88	thumb	sub_8048F88
08048f9c	thumb	sub_8048F9C
08048fc4	thumb	sub_8048FC4
08048fd4	thumb	cb_8048FD4
0804900c	thumb	sub_804900C
08049058	thumb	sub_8049058
08049080	thumb	sub_8049080
08049104	thumb	sub_8049104
08049158	thumb	sub_8049158
08049164	thumb	sub_8049164
0804918a	thumb	sub_804918A
080491c4	thumb	sub_80491C4
080491e6	thumb	sub_80491E6
080491fc	thumb	sub_80491FC
0804921e	thumb	sub_804921E
08049272	thumb	sub_8049272
08049290	thumb	sub_8049290
080492f4	thumb	sub_80492F4
0804930c	thumb	sub_804930C
08049360	thumb	sub_8049360
080493bc	thumb	sub_80493BC
080493fe	thumb	sub_80493FE
08049416	thumb	sub_8049416
0804946e	thumb	sub_804946E
080494ca	thumb	sub_80494CA
080494d6	thumb	sub_80494D6
080494de	thumb	sub_80494DE
0804952c	thumb	sub_804952C
08049582	thumb	sub_8049582
0804959c	thumb	sub_804959C
080495b4	thumb	sub_80495B4
080495ce	thumb	sub_80495CE
080495ec	thumb	sub_80495EC
08049606	thumb	sub_8049606
0804961c	thumb	sub_804961C
08049636	thumb	sub_8049636
0804964c	thumb	sub_804964C
08049680	thumb	sub_8049680
080496b4	thumb	sub_80496B4
08049704	thumb	sub_8049704
0804971c	thumb	sub_804971C
08049770	thumb	sub_8049770
080497d0	thumb	sub_80497D0
080497ee	thumb	sub_80497EE
08049808	thumb	sub_8049808
08049844	thumb	sub_8049844
0804986e	thumb	sub_804986E
08049888	thumb	sub_8049888
080498aa	thumb	sub_80498AA
080498d4	thumb	sub_80498D4
080498e4	thumb	sub_80498E4
080498f8	thumb	sub_80498F8
08049934	thumb	sub_8049934
0804996a	thumb	sub_804996A
08049984	thumb	sub_8049984
080499ae	thumb	sub_80499AE
080499ce	thumb	sub_80499CE
08049a18	thumb	copyData_8049A18
08049aac	thumb	copyData_8049AAC
08049bc0	thumb	sub_8049BC0
08049cbc	thumb	sub_8049CBC
08049cf8	thumb	sub_8049CF8
08049d3a	thumb	sub_8049D3A
08049d42	thumb	sub_8049D42
08049d4a	thumb	sub_8049D4A
08049d70	thumb	sub_8049D70
08049d7c	thumb	sub_8049D7C
08049d82	thumb	sub_8049D82
08049d98	thumb	sub_8049D98
08049da0	thumb	sub_8049DA0
08049dc4	thumb	sub_8049DC4
08049ddc	thumb	sub_8049DDC
08049e04	thumb	cb_8049E04
08049e28	thumb	sub_8049E28
08049e5c	thumb	sub_8049E5C
08049e84	thumb	sub_8049E84
08049ebc	thumb	sub_8049EBC
08049f20	thumb	sub_8049F20
08049f32	thumb	sub_8049F32
08049f50	thumb	sub_8049F50
08049f70	thumb	sub_8049F70
08049f8a	thumb	sub_8049F8A
08049fa4	thumb	sub_8049FA4
08049fe0	thumb	sub_8049FE0
0804a00a	thumb	sub_804A00A
0804a024	thumb	sub_804A024
0804a04e	thumb	sub_804A04E
0804a078	thumb	sub_804A078
0804a0ac	thumb	copyData_804A0AC
0804a14c	thumb	sub_804A14C
0804a17a	thumb	sub_804A17A
0804a1d0	thumb	sub_804A1D0
0804a1fc	thumb	sub_804A1FC
0804a230	thumb	sub_804A230
0804a24c	thumb	sub_804A24C
0804a2cc	thumb	sub_804A2CC
0804a2e8	thumb	sub_804A2E8
0804a304	thumb	ChipTraderControl
0804a360	thumb	sub_804A360
0804a3fc	thumb	sub_804A3FC
0804a460	thumb	sub_804A460
0804a4d4	thumb	sub_804A4D4
0804a514	thumb	sub_804A514
0804a54c	thumb	sub_804A54C
0804a574	thumb	sub_804A574
0804a5b4	thumb	sub_804A5B4
0804a5d4	thumb	sub_804A5D4
0804a5ec	thumb	sub_804A5EC
0804a61c	thumb	sub_804A61C
0804a7c0	thumb	menuCopyBackgroundTiles_804A7C0
0804a8f4	thumb	sub_804A8F4
0804a970	thumb	sub_804A970
0804a9a0	thumb	sub_804A9A0
0804a9c4	thumb	sub_804A9C4
0804a9f0	thumb	sub_804A9F0
0804aa58	thumb	sub_804AA58
0804aa74	thumb	sub_804AA74
0804aaa4	thumb	sub_804AAA4
0804aad0	thumb	sub_804AAD0
0804ab10	thumb	sub_804AB10
0804ab4c	thumb	sub_804AB4C
0804ab6c	thumb	sub_804AB6C
0804acc8	thumb	sub_804ACC8
0804ad60	thumb	sub_804AD60
0804ad98	thumb	sub_804AD98
0804adb0	thumb	sub_804ADB0
0804add0	thumb	sub_804ADD0
0804ade0	thumb	sub_804ADE0
0804ae04	thumb	sub_804AE04
0804ae50	thumb	sub_804AE50
0804ae68	thumb	sub_804AE68
0804aec4	thumb	sub_804AEC4
0804af10	thumb	sub_804AF10
0804af20	thumb	sub_804AF20
0804af84	thumb	sub_804AF84
0804afb8	thumb	sub_804AFB8
0804afe4	thumb	sub_804AFE4
0804bd00	thumb	sub_804BD00
0804bd7c	thumb	sub_804BD7C
0804bdb4	thumb	sub_804BDB4
0804be1c	thumb	sub_804BE1C
0804be88	thumb	sub_804BE88
0804beec	thumb	sub_804BEEC
0804bf18	thumb	sub_804BF18
0804bf94	thumb	sub_804BF94
0804bff0	thumb	sub_804BFF0
0804c058	thumb	sub_804C058
0804c074	thumb	sub_804C074
0804c08c	thumb	sub_804C08C
0804c11c	thumb	sub_804C11C
0804c144	thumb	sub_804C144
0804c1d4	thumb	sub_804C1D4
0804c214	thumb	sub_804C214
0804c244	thumb	sub_804C244
0804c298	thumb	sub_804C298
0804c2d0	thumb	sub_804C2D0
0804c30c	thumb	sub_804C30C
0804c328	thumb	sub_804C328
0804c348	thumb	sub_804C348
0804c3bc	thumb	sub_804C3BC
0804c3c4	thumb	sub_804C3C4
0804c404	thumb	sub_804C404
0804c42c	thumb	sub_804C42C
0804c43c	thumb	sub_804C43C
0804c478	thumb	sub_804C478
0804c510	thumb	sub_804C510
0804c52c	thumb	sub_804C52C
0804c53c	thumb	sub_804C53C
0804c5c0	thumb	sub_804C5C0
0804c624	thumb	sub_804C624
0804c658	thumb	sub_804C658
0804c668	thumb	sub_804C668
0804c66c	thumb	sub_804C66C
0804c694	thumb	sub_804C694
0804c6c4	thumb	sub_804C6C4
0804c700	thumb	sub_804C700
0804c71c	thumb	sub_804C71C
0804c72c	thumb	sub_804C72C
0804c770	thumb	sub_804C770
0804c7c4	thumb	sub_804C7C4
0804c7c8	thumb	sub_804C7C8
0804c7ec	thumb	sub_804C7EC
0804c818	thumb	sub_804C818
0804c844	thumb	sub_804C844
0804ca90	thumb	sub_804CA90
0804cae0	thumb	sub_804CAE0
0804cb0c	thumb	sub_804CB0C
0804cb64	thumb	sub_804CB64
0804cba0	thumb	nullsub_804CBA0
0804cba4	thumb	sub_804CBA4
0804cbc0	thumb	sub_804CBC0
0804cbdc	thumb	sub_804CBDC
0804cc58	thumb	sub_804CC58
0804cc6e	thumb	sub_804CC6E
0804cc7e	thumb	sub_804CC7E
0804cc8e	thumb	sub_804CC8E
0804ccbc	thumb	sub_804CCBC
0804ccc0	thumb	sub_804CCC0
0804ccf0	thumb	sub_804CCF0
0804cd20	thumb	sub_804CD20
0804cd5c	thumb	sub_804CD5C
0804cdcc	thumb	sub_804CDCC
0804cdd4	thumb	sub_804CDD4
0804ce0c	thumb	sub_804CE0C
0804ce3c	thumb	sub_804CE3C
0804ce90	thumb	ACDCTown_EnterMapGroup
0804cf32	thumb	ACDCTown_LoadGFXAnims
0804cf84	thumb	ACDCTown_SpawnMapObjectsForMap
0804e62c	thumb	CentralTown_EnterMapGroup
0804e6d0	thumb	CentralTown_LoadGFXAnims
0804e720	thumb	CentralTown_SpawnMapObjectsForMap
08052688	thumb	CyberAcademy_EnterMapGroup
08052764	thumb	CyberAcademy_LoadGFXAnims
080527f0	thumb	CyberAcademy_SpawnMapObjectsForMap
080595b8	thumb	SeasideTown_EnterMapGroup
08059664	thumb	SeasideTown_LoadGFXAnims
080596c8	thumb	SeasideTown_SpawnMapObjectsForMap
0805df08	thumb	GreenTown_EnterMapGroup
0805dfa2	thumb	GreenTown_LoadGFXAnims
0805dff0	thumb	GreenTown_SpawnMapObjectsForMap
0806036c	thumb	SkyTown_EnterMapGroup
08060406	thumb	SkyTown_LoadGFXAnims
0806044c	thumb	SkyTown_SpawnMapObjectsForMap
08061bb6	thumb	sub_8061BB6
08061bfe	thumb	sub_8061BFE
08062ab0	thumb	ExpoSite_EnterMapGroup
08062b64	thumb	ExpoSite_LoadGFXAnims
08062bcc	thumb	ExpoSite_SpawnMapObjectsForMap
080652b8	thumb	sub_80652B8
080663d0	thumb	RobotControlComp_EnterMapGroup
08066450	thumb	RobotControlComp_LoadGFXAnims
0806649c	thumb	RobotControlComp_LoadBGAnim
0806651c	thumb	RobotControlComp_UnkFunction_806651c
0806653c	thumb	nullsub_29
0806653e	thumb	nullsub_30
08066540	thumb	RobotControlComp_SpawnMapObjectsForMap
08067b5c	thumb	AquariumComp_EnterMapGroup
08067be4	thumb	AquariumComp_LoadGFXAnims
08067c88	thumb	AquariumComp_LoadBGAnim
08067d1c	thumb	AquariumComp_UnkFunction_8067d1c
08067d40	thumb	nullsub_64
08067d42	thumb	nullsub_65
08067d44	thumb	nullsub_66
08067d46	thumb	AquariumComp_SpawnMapObjectsForMap
08069038	thumb	JudgeTreeComp_EnterMapGroup
080690c2	thumb	JudgeTreeComp_LoadGFXAnims
08069140	thumb	JudgeTreeComp_LoadBGAnim
080691d4	thumb	JudgeTreeComp_UnkFunction_80691d4
080691f8	thumb	nullsub_31
080691fa	thumb	nullsub_32
080691fc	thumb	nullsub_33
080691fe	thumb	JudgeTreeComp_SpawnMapObjectsForMap
08069fe8	thumb	MrWeatherComp_EnterMapGroup
0806a070	thumb	MrWeatherComp_LoadGFXAnims
0806a120	thumb	MrWeatherComp_LoadBGAnim
0806a1b4	thumb	MrWeatherComp_UnkFunction_806a1b4
0806a1d8	thumb	nullsub_67
0806a1da	thumb	nullsub_68
0806a1dc	thumb	nullsub_69
0806a1de	thumb	MrWeatherComp_SpawnMapObjectsForMap
0806aa00	thumb	PavilionComp_EnterMapGroup
0806aaaa	thumb	PavilionComp_LoadGFXAnims
0806ab94	thumb	PavilionComp_LoadBGAnim
0806acc0	thumb	PavilionComp_UnkFunction_806acc0
0806acec	thumb	sub_806ACEC
0806acf0	thumb	sub_806ACF0
0806acf4	thumb	sub_806ACF4
0806acf8	thumb	sub_806ACF8
0806acfc	thumb	sub_806ACFC
0806ad00	thumb	PavilionComp_SpawnMapObjectsForMap
0806c23c	thumb	HomePages_EnterMapGroup
0806c2e2	thumb	HomePages_LoadGFXAnims
0806c35c	thumb	HomePages_LoadBGAnim
0806c4b0	thumb	HomePages_UnkFunction_806c4b0
0806c4f8	thumb	sub_806C4F8
0806c514	thumb	sub_806C514
0806c532	thumb	sub_806C532
0806c55a	thumb	sub_806C55A
0806c578	thumb	sub_806C578
0806c59c	thumb	HomePages_SpawnMapObjectsForMap
0806d8f8	thumb	Comps1_EnterMapGroup
0806d9fc	thumb	Comps1_LoadGFXAnims
0806da58	thumb	Comps1_LoadBGAnim
0806dc0c	thumb	Comps1_UnkFunction_806dc0c
0806dc78	thumb	nullsub_70
0806dc7a	thumb	sub_806DC7A
0806dc98	thumb	sub_806DC98
0806dcb6	thumb	sub_806DCB6
0806dcd4	thumb	Comps1_SpawnMapObjectsForMap
0806fc08	thumb	Comps2_EnterMapGroup
0806fcf8	thumb	Comps2_LoadGFXAnims
0806fd54	thumb	Comps2_LoadBGAnim
0806ff08	thumb	Comps2_UnkFunction_806ff08
0806ff74	thumb	nullsub_27
0806ff76	thumb	sub_806FF76
0806ff94	thumb	sub_806FF94
0806ffbc	thumb	sub_806FFBC
0806ffda	thumb	Comps2_SpawnMapObjectsForMap
08071b50	thumb	CentralArea_EnterMapGroup
08071be4	thumb	CentralArea_LoadGFXAnims
08071c30	thumb	CentralArea_LoadBGAnim
08071cc4	thumb	CentralArea_UnkFunction_8071cc4
08071ce8	thumb	nullsub_71
08071cea	thumb	nullsub_72
08071cec	thumb	nullsub_73
08071cee	thumb	CentralArea_SpawnMapObjectsForMap
08072b54	thumb	sub_8072B54
08072b70	thumb	sub_8072B70
08072ba4	thumb	sub_8072BA4
08073efc	thumb	sub_8073EFC
0807544c	thumb	SeasideArea_EnterMapGroup
080754e2	thumb	SeasideArea_LoadGFXAnims
08075530	thumb	SeasideArea_LoadBGAnim
080755c4	thumb	SeasideArea_UnkFunction_80755c4
080755e8	thumb	nullsub_74
080755ea	thumb	nullsub_75
080755ec	thumb	nullsub_76
080755ee	thumb	SeasideArea_SpawnMapObjectsForMap
08077d00	thumb	GreenArea_EnterMapGroup
08077d8a	thumb	GreenArea_LoadGFXAnims
08077de0	thumb	GreenArea_LoadBGAnim
08077e60	thumb	GreenArea_UnkFunction_8077e60
08077e80	thumb	nullsub_77
08077e82	thumb	nullsub_78
08077e84	thumb	GreenArea_SpawnMapObjectsForMap
0807931c	thumb	Underground_EnterMapGroup
0807939a	thumb	Underground_LoadGFXAnims
080793e8	thumb	Underground_LoadBGAnim
08079468	thumb	Underground_UnkFunction_8079468
08079488	thumb	nullsub_79
0807948a	thumb	nullsub_80
0807948c	thumb	Underground_SpawnMapObjectsForMap
0807a8e0	thumb	SkyACDCArea_EnterMapGroup
0807a974	thumb	SkyACDCArea_LoadGFXAnims
0807a9cc	thumb	SkyACDCArea_LoadBGAnim
0807a9fe	thumb	sub_807A9FE
0807aaac	thumb	SkyACDCArea_UnkFunction_807aaac
0807aad0	thumb	nullsub_81
0807aad2	thumb	nullsub_82
0807aad4	thumb	nullsub_83
0807aad6	thumb	SkyACDCArea_SpawnMapObjectsForMap
0807cdec	thumb	Undernet_EnterMapGroup
0807ce90	thumb	Undernet_LoadGFXAnims
0807cf24	thumb	Undernet_LoadBGAnim
0807cfcc	thumb	Undernet_UnkFunction_807cfcc
0807cff4	thumb	nullsub_84
0807cff6	thumb	nullsub_85
0807cff8	thumb	nullsub_86
0807cffa	thumb	nullsub_87
0807cffc	thumb	Undernet_SpawnMapObjectsForMap
0807ecd0	thumb	GraveyardImmortalArea_EnterMapGroup
0807ed6c	thumb	GraveyardImmortalArea_LoadGFXAnims
0807edd4	thumb	GraveyardImmortalArea_LoadBGAnim
0807ee68	thumb	GraveyardImmortalArea_UnkFunction_807ee68
0807ee8c	thumb	nullsub_88
0807ee8e	thumb	nullsub_89
0807ee90	thumb	nullsub_90
0807ee92	thumb	GraveyardImmortalArea_SpawnMapObjectsForMap
08080d90	thumb	sub_8080D90
08080da0	thumb	sub_8080DA0
08080dea	thumb	sub_8080DEA
08081308	thumb	sub_8081308
0808137c	thumb	sub_808137C
08086f18	thumb	sub_8086F18
08086f5c	thumb	sub_8086F5C
08086fa4	thumb	sub_8086FA4
08086fd8	thumb	sub_8086FD8
0808711c	thumb	sub_808711C
08087140	thumb	sub_8087140
08087150	thumb	sub_8087150
08087184	thumb	sub_8087184
080871c0	thumb	sub_80871C0
08088ca0	thumb	sub_8088CA0
08089160	thumb	sub_8089160
0808917c	thumb	sub_808917C
08089234	thumb	sub_8089234
08089244	thumb	sub_8089244
08089280	thumb	sub_8089280
08089370	thumb	sub_8089370
080895a8	thumb	sub_80895A8
0808964c	thumb	sub_808964C
080896b0	thumb	sub_80896B0
080896c4	thumb	sub_80896C4
080896d4	thumb	sub_80896D4
08089704	thumb	sub_8089704
08089792	thumb	sub_8089792
080897a6	thumb	sub_80897A6
080897e8	thumb	sub_80897E8
08089808	thumb	sub_8089808
08089826	thumb	sub_8089826
0808983a	thumb	sub_808983A
0808985a	thumb	sub_808985A
0808989c	thumb	sub_808989C
080898b2	thumb	sub_80898B2
080898e8	thumb	sub_80898E8
080898fc	thumb	sub_80898FC
0808991c	thumb	sub_808991C
08089960	thumb	sub_8089960
0808997e	thumb	sub_808997E
0808999c	thumb	sub_808999C
080899d8	thumb	sub_80899D8
080899f2	thumb	sub_80899F2
08089a10	thumb	sub_8089A10
08089a60	thumb	sub_8089A60
08089aca	thumb	sub_8089ACA
08089ae8	thumb	sub_8089AE8
08089b2e	thumb	sub_8089B2E
08089b54	thumb	sub_8089B54
08089b7e	thumb	sub_8089B7E
08089b94	thumb	sub_8089B94
08089baa	thumb	sub_8089BAA
08089bc0	thumb	sub_8089BC0
08089be4	thumb	sub_8089BE4
08089bfa	thumb	sub_8089BFA
08089c16	thumb	sub_8089C16
08089c78	thumb	sub_8089C78
08089ca4	thumb	sub_8089CA4
08089cb0	thumb	sub_8089CB0
08089cb4	thumb	sub_8089CB4
08089cc4	thumb	sub_8089CC4
08089cdc	thumb	sub_8089CDC
08089cf8	thumb	sub_8089CF8
08089d0e	thumb	sub_8089D0E
08089d26	thumb	sub_8089D26
08089d44	thumb	sub_8089D44
0808befc	thumb	sub_808BEFC
0808c378	thumb	sub_808C378
0808c644	thumb	sub_808C644
0808ca68	thumb	sub_808CA68
0808cad4	thumb	sub_808CAD4
0808cb0c	thumb	sub_808CB0C
0808cba0	thumb	sub_808CBA0
0808cbd8	thumb	sub_808CBD8
0808cc10	thumb	sub_808CC10
0808cc34	thumb	sub_808CC34
0808cc84	thumb	sub_808CC84
0808cc98	thumb	sub_808CC98
0808ccac	thumb	sub_808CCAC
0808cd04	thumb	sub_808CD04
0808cd24	thumb	sub_808CD24
0808cdc4	thumb	sub_808CDC4
0808ce28	thumb	sub_808CE28
0808ce70	thumb	sub_808CE70
0808cf34	thumb	sub_808CF34
0808cf50	thumb	sub_808CF50
0808cf8c	thumb	sub_808CF8C
0808cfb8	thumb	sub_808CFB8
0808d034	thumb	sub_808D034
0808d060	thumb	sub_808D060
0808d084	thumb	sub_808D084
0808d098	thumb	sub_808D098
0808d108	thumb	sub_808D108
0808d11c	thumb	sub_808D11C
0808d25c	thumb	sub_808D25C
0808f810	thumb	sub_808F810
0808f8ac	thumb	sub_808F8AC
0808f900	thumb	sub_808F900
0808f990	thumb	sub_808F990
0808f9c4	thumb	sub_808F9C4
0808fa38	thumb	sub_808FA38
0808fa7c	thumb	sub_808FA7C
0808fa84	thumb	sub_808FA84
0808fa8c	thumb	sub_808FA8C
0808fb18	thumb	sub_808FB18
0808fb4c	thumb	sub_808FB4C
0808fb68	thumb	sub_808FB68
0808fba0	thumb	sub_808FBA0
0808fbc0	thumb	sub_808FBC0
0808fbec	thumb	sub_808FBEC
0808fce4	thumb	sub_808FCE4
0808fcf0	thumb	sub_808FCF0
0808fd1c	thumb	sub_808FD1C
0808fd64	thumb	sub_808FD64
0808fdc0	thumb	sub_808FDC0
0808fe34	thumb	sub_808FE34
0808fe64	thumb	sub_808FE64
0808fe74	thumb	sub_808FE74
0808fea4	thumb	sub_808FEA4
0808fed8	thumb	sub_808FED8
0808ff00	thumb	sub_808FF00
0808ff30	thumb	sub_808FF30
0808ff44	thumb	sub_808FF44
0808ff70	thumb	sub_808FF70
0808ff8c	thumb	sub_808FF8C
0808ff9c	thumb	sub_808FF9C
0808ffc0	thumb	sub_808FFC0
08090004	thumb	sub_8090004
08090020	thumb	sub_8090020
0809003c	thumb	sub_809003C
0809005c	thumb	sub_809005C
080900c8	thumb	sub_80900C8
08090104	thumb	sub_8090104
0809019c	thumb	sub_809019C
080901ec	thumb	sub_80901EC
0809022c	thumb	sub_809022C
080902dc	thumb	sub_80902DC
08090308	thumb	sub_8090308
0809032c	thumb	sub_809032C
080924d0	thumb	sub_80924D0
080946c4	thumb	sub_80946C4
08094708	thumb	sub_8094708
08094714	thumb	sub_8094714
08094720	thumb	sub_8094720
08094738	thumb	sub_8094738
08098be8	thumb	sub_8098BE8
08099218	thumb	RunLMessageTextScript
08099d44	thumb	sub_8099D44
08099dac	thumb	sub_8099DAC
08099ffc	thumb	sub_8099FFC
0809a02c	thumb	sub_809A02C
0809a03c	thumb	sub_809A03C
0809a05c	thumb	sub_809A05C
0809a078	thumb	sub_809A078
0809a104	thumb	sub_809A104
0809a138	thumb	sub_809A138
0809a1b4	thumb	sub_809A1B4
0809a1fc	thumb	sub_809A1FC
0809a260	thumb	sub_809A260
0809a2dc	thumb	sub_809A2DC
0809a308	thumb	sub_809A308
0809a334	thumb	sub_809A334
0809a360	thumb	sub_809A360
0809a3bc	thumb	sub_809A3BC
0809a3cc	thumb	sub_809A3CC
0809a3ec	thumb	sub_809A3EC
0809a404	thumb	sub_809A404
0809a44c	thumb	sub_809A44C
0809a4b8	thumb	sub_809A4B8
0809a4ec	thumb	sub_809A4EC
0809a520	thumb	sub_809A520
0809a630	thumb	sub_809A630
0809a6a4	thumb	sub_809A6A4
0809a6ec	thumb	sub_809A6EC
0809a75c	thumb	sub_809A75C
0809a784	thumb	sub_809A784
0809a7b0	thumb	sub_809A7B0
0809a80c	thumb	sub_809A80C
0809a868	thumb	sub_809A868
0809a880	thumb	sub_809A880
0809a8e4	thumb	sub_809A8E4
0809a950	thumb	sub_809A950
0809a98c	thumb	sub_809A98C
0809a9cc	thumb	sub_809A9CC
0809aa04	thumb	sub_809AA04
0809aab8	thumb	sub_809AAB8
0809aadc	thumb	sub_809AADC
0809ab20	thumb	sub_809AB20
0809ac48	thumb	sub_809AC48
0809ac70	thumb	sub_809AC70
0809ac88	thumb	sub_809AC88
0809aca4	thumb	sub_809ACA4
0809acd0	thumb	sub_809ACD0
0809ad0c	thumb	sub_809AD0C
0809ad4c	thumb	sub_809AD4C
0809ada8	thumb	sub_809ADA8
0809af00	thumb	sub_809AF00
0809af7c	thumb	sub_809AF7C
0809b00c	thumb	sub_809B00C
0809b054	thumb	sub_809B054
0809b0d8	thumb	sub_809B0D8
0809b130	thumb	sub_809B130
0809b7a4	thumb	sub_809B7A4
0809b7ec	thumb	sub_809B7EC
0809b800	thumb	sub_809B800
0809b868	thumb	sub_809B868
0809b890	thumb	sub_809B890
0809b910	thumb	sub_809B910
0809b974	thumb	sub_809B974
0809b9ec	thumb	sub_809B9EC
0809ba14	thumb	sub_809BA14
0809bdb8	thumb	sub_809BDB8
0809bec0	thumb	sub_809BEC0
0809bfe8	thumb	sub_809BFE8
0809c01c	thumb	sub_809C01C
0809c09c	thumb	sub_809C09C
0809c7a0	thumb	sub_809C7A0
0809c7fc	thumb	sub_809C7FC
0809c814	thumb	sub_809C814
0809c830	thumb	sub_809C830
0809c870	thumb	sub_809C870
0809c890	thumb	sub_809C890
0809c940	thumb	sub_809C940
0809c954	thumb	sub_809C954
0809c968	thumb	sub_809C968
0809ca40	thumb	sub_809CA40
0809ca84	thumb	sub_809CA84
0809cb68	thumb	sub_809CB68
0809cb88	thumb	sub_809CB88
0809cc00	thumb	sub_809CC00
0809cc60	thumb	sub_809CC60
0809cd34	thumb	sub_809CD34
0809cd44	thumb	sub_809CD44
0809cd60	thumb	sub_809CD60
0809cdc4	thumb	sub_809CDC4
0809cdd4	thumb	sub_809CDD4
0809ce14	thumb	sub_809CE14
0809ce40	thumb	sub_809CE40
0809cf2c	thumb	sub_809CF2C
0809d19c	thumb	sub_809D19C
0809d270	thumb	sub_809D270
0809d348	thumb	sub_809D348
0809d470	thumb	sub_809D470
0809d4dc	thumb	sub_809D4DC
0809d560	thumb	sub_809D560
0809d5c4	thumb	sub_809D5C4
0809d61a	thumb	sub_809D61A
0809d6bc	thumb	sub_809D6BC
0809d730	thumb	sub_809D730
0809d75e	thumb	sub_809D75E
0809d7a8	thumb	sub_809D7A8
0809d7c8	thumb	sub_809D7C8
0809d7d8	thumb	sub_809D7D8
0809d7f8	thumb	sub_809D7F8
0809d800	thumb	sub_809D800
0809d8cc	thumb	sub_809D8CC
0809d8f4	thumb	sub_809D8F4
0809d92c	thumb	sub_809D92C
0809d964	thumb	sub_809D964
0809d9a0	thumb	sub_809D9A0
0809d9e0	thumb	sub_809D9E0
0809daf8	thumb	sub_809DAF8
0809db02	thumb	sub_809DB02
0809db50	thumb	sub_809DB50
0809db60	thumb	sub_809DB60
0809dbc4	thumb	sub_809DBC4
0809ddcc	thumb	sub_809DDCC
0809ddf0	thumb	sub_809DDF0
0809de30	thumb	sub_809DE30
0809de60	thumb	sub_809DE60
0809de98	thumb	sub_809DE98
0809ded4	thumb	sub_809DED4
0809df00	thumb	sub_809DF00
0809df28	thumb	sub_809DF28
0809df36	thumb	sub_809DF36
0809df44	thumb	sub_809DF44
0809dfa0	thumb	sub_809DFA0
0809dfc0	thumb	sub_809DFC0
0809e004	thumb	owPlayer_setJumptableIndex09AndOthers_809e004
0809e01c	thumb	sub_809E01C
0809e04c	thumb	sub_809E04C
0809e064	thumb	spawnOWPlayerObjectForEnterMap_809e064
0809e08a	thumb	sub_809E08A
0809e098	thumb	SetPlayerCanMoveEventFlag
0809e0a4	thumb	ClearPlayerCanMoveEventFlag
0809e0b0	thumb	owPlayer_lockPlayerForNonNPCDialogue_809E0B0
0809e0c6	thumb	nullsub_26
0809e0c8	thumb	owPlayer_809E0C8
0809e0fc	thumb	owPlayer_809E0FC
0809e114	thumb	owPlayer_809E114
0809e122	thumb	owPlayer_unlockPlayerAfterNonNPCDialogue_809E122
0809e13c	thumb	owPlayer_setS200ace0_fixedAnimationSelect_809e13c
0809e14c	thumb	sub_809E14C
0809e168	thumb	sub_809E168
0809e188	thumb	owPlayer_copyCoordsToNextCoordsWritePlayerCoordsThenIndirectlySetPlayerCoordsMaybe_809e188
0809e1a4	thumb	owPlayer_indirectlySetPlayerCoordsMaybe_809e1a4
0809e1ae	thumb	ReadOWPlayerObjectCoords
0809e1bc	thumb	sub_809E1BC
0809e1ca	thumb	sub_809E1CA
0809e1d8	thumb	owPlayer_copyCoordsToNextCoordsAddOffsetToCoordsThenOffsetS200ace0Coords_809e1d8
0809e1fa	thumb	owPlayer_offsetS200ace0Coords_809e1fa
0809e218	thumb	owPlayer_809e218
0809e228	thumb	returnZero_809E228
0809e230	thumb	owPlayer_setInteractionLocked_809e230
0809e23c	thumb	owPlayer_clearInteractionLocked_809e23c
0809e248	thumb	owPlayer_enableWallCollision_809e248
0809e254	thumb	owPlayer_disableWallCollision_809e254
0809e260	thumb	WriteOWPlayerLayerIndexOverride
0809e26a	thumb	ClearOWPlayerLayerIndexOverride
0809e276	thumb	GiveOWPlayerAttachedShadow
0809e284	thumb	GiveOWPlayerDetatchedShadow
0809e292	thumb	RemoveOWPlayerShadow
0809e2a0	thumb	owPlayer_setPalette_809e2a0
0809e2ae	thumb	SetOWPlayerFacingDirection
0809e2b8	thumb	GetOWPlayerFacingDirection
0809e2c2	thumb	owPlayer_setS2000aa0_param0x0to0x2_with0x40_0x40_0x0_respectively_809e2c2
0809e2c8	thumb	owPlayer_setS2000aa0_param0x0to0x2_809e2c8
0809e2d2	thumb	sub_809E2D2
0809e2dc	thumb	owPlayer_offsetS2000aa0_param0x0to0x2_809e2dc
0809e2f4	thumb	SetDefaultOWPlayerNaviColorShader
0809e2f6	thumb	SetOWPlayerNaviColorShader
0809e2fc	thumb	ZeroOWPlayerNaviPaletteIndex
0809e2fe	thumb	SetOWPlayerNaviPaletteIndex
0809e304	thumb	sub_809E304
0809e30c	thumb	sub_809E30C
0809e312	thumb	owPlayer_zeroS2000AA0Param0x4_809e312
0809e314	thumb	owPlayer_setS2000AA0Param0x4_809e314
0809e31a	thumb	sub_809E31A
0809e35e	thumb	sub_809E35E
0809e3a2	thumb	sub_809E3A2
0809e3aa	thumb	sub_809E3AA
0809e3b2	thumb	sub_809E3B2
0809e3c4	thumb	sub_809E3C4
0809e3d6	thumb	sub_809E3D6
0809e434	thumb	getOWPlayerSpriteFrameParameters_809E434
0809e442	thumb	MakeOWPlayerVisible
0809e452	thumb	MakeOWPlayerInvisible
0809e462	thumb	sub_809E462
0809e46e	thumb	sub_809E46E
0809e496	thumb	owPlayer_writeS200aec0_Unk20_809e496
0809e4a0	thumb	owPlayer_setAlpha_8002c7a_809e4a0
0809e4ae	thumb	DisableOWPlayerAlpha
0809e4bc	thumb	owPlayer_toggleUsingCopybot_809e4bc
0809e4f8	thumb	sub_809E4F8
0809e520	thumb	sub_809E520
0809e570	thumb	npc_809E570
0809e590	thumb	npc_init_809E590
0809e5e2	thumb	npc_standard_809E5E2
0809e6c8	thumb	npc_waitTimer_809e6c8
0809e6dc	thumb	npc_doNonCutsceneMovement_809E6DC
0809e704	thumb	npc_nonCutsceneMovementInit_809E704
0809e7d8	thumb	npc_nonCutsceneMovementUpdate_809E7D8
0809e84e	thumb	npc_doVerticalMovement_809e84e
0809e878	thumb	npc_809E878
0809e8cc	thumb	npc_doHopMovement_809e8cc
0809e8fc	thumb	npc_initHopMovement_809e8fc
0809e916	thumb	npc_updateHopMovement_809e916
0809e944	thumb	npc_initLeapMovement_809e944
0809e95e	thumb	npc_updateLeapMovement_809e95e
0809e9c0	thumb	npc_initDiagonalLeapMovement_809e9c0
0809e9da	thumb	npc_updateDiagonalLeapMovement_809e9da
0809ea3c	thumb	npc_waitAnimFrame_809ea3c
0809ea74	thumb	npc_runNativeCallback_809ea74
0809ea82	thumb	npc_waitCutsceneVar_809ea82
0809eaa0	thumb	npc_waitMysteryDataTaken_809eaa0
0809eada	thumb	npc_inChatbox_809EADA
0809eb04	thumb	npc_inChatbox_curAction_809EB04
0809eb20	thumb	npc_inChatbox_curAction_init_809EB20
0809ebbc	thumb	npc_inChatbox_curAction_waitClose_809EBBC
0809ebdc	thumb	npc_runPrimaryScript_809ebdc
0809ebf8	thumb	npc_runSecondaryScriptMaybe_809ebf8
0809ec1c	thumb	npc_decrementSecondaryTimer_809ec1c
0809ed80	thumb	NPCCommand_end
0809ed88	thumb	NPCCommand_jump
0809ed94	thumb	NPCCommand_free_and_end
0809edb2	thumb	NPCCommand_jump_if_flag_set
0809edd0	thumb	NPCCommand_jump_if_flag_clear
0809edee	thumb	NPCCommand_set_event_flag
0809ee00	thumb	NPCCommand_clear_event_flag
0809ee12	thumb	NPCCommand_set_active_and_visible
0809ee1a	thumb	NPCCommand_set_active_and_invisible
0809ee22	thumb	NPCCommand_set_collision_radius
0809ee2a	thumb	NPCCommand_set_z_reach
0809ee32	thumb	NPCCommand_shift_center
0809ee48	thumb	NPCCommand_enable_npc_interaction
0809ee56	thumb	NPCCommand_disable_npc_interaction
0809ee62	thumb	NPCCommand_set_npc_palette_index
0809ee6c	thumb	NPCCommand_pause
0809ee82	thumb	NPCCommand_init_hop
0809ee9c	thumb	NPCCommand_face_player_when_interacted
0809eeaa	thumb	NPCCommand_do_not_face_player_when_interacted
0809eeb6	thumb	NPCCommand_set_coords
0809eeda	thumb	NPCCommand_move_in_direction
0809eef8	thumb	NPCCommand_set_animation
0809ef00	thumb	NPCCommand_set_sprite
0809ef40	thumb	NPCCommand_set_text_script_index
0809ef48	thumb	NPCCommand_disable_layer_priority_override
0809ef50	thumb	NPCCommand_set_layer_priority_override_to_2
0809ef58	thumb	NPCCommand_set_layer_priority_override_to_3
0809ef60	thumb	NPCCommand_write_hidden_oam_pieces
0809ef6e	thumb	NPCCommand_set_individual_hidden_oam_piece
0809ef82	thumb	NPCCommand_clear_individual_hidden_oam_piece
0809ef9a	thumb	NPCCommand_disable_collision
0809efa6	thumb	NPCCommand_enable_collision
0809efb4	thumb	NPCCommand_give_attached_shadow
0809efc6	thumb	NPCCommand_give_detatched_shadow
0809efd8	thumb	NPCCommand_remove_shadow
0809effc	thumb	NPCCommand_set_sprite_to_cur_pet_navi
0809f01c	thumb	NPCCommand_set_sprite_with_category
0809f030	thumb	NPCCommand_toggle_sprite_mirror
0809f03c	thumb	NPCCommand_disable_collision_alternate
0809f048	thumb	NPCCommand_play_sound
0809f058	thumb	NPCCommand_init_mystery_data
0809f0ec	thumb	NPCCommand_wait_anim_frame
0809f104	thumb	NPCCommand_set_color_shader
0809f114	thumb	NPCCommand_set_mosaic
0809f12c	thumb	NPCCommand_set_animation_force_update
0809f138	thumb	NPCCommand_set_transform
0809f150	thumb	NPCCommand_remove_transform
0809f15a	thumb	NPCCommand_set_alpha
0809f16e	thumb	NPCCommand_run_secondary_script
0809f17c	thumb	NPCCommand_pause_secondary_script
0809f18e	thumb	NPCCommand_end_secondary_script
0809f198	thumb	NPCCommand_init_native_callback
0809f1c6	thumb	NPCCommand_jump_with_link
0809f1d8	thumb	NPCCommand_init_native_callback_with_args
0809f218	thumb	NPCCommand_init_movement
0809f23e	thumb	NPCCommand_change_movement_direction
0809f26a	thumb	NPCCommand_return_to_link
0809f270	thumb	NPCCommand_jump_if_progress_in_range
0809f292	thumb	NPCCommand_write_cutscene_var
0809f2a2	thumb	NPCCommand_jump_if_cutscene_var_equals
0809f2c0	thumb	NPCCommand_jump_if_cutscene_var_not_equal
0809f2de	thumb	NPCCommand_wait_cutscene_var
0809f2fc	thumb	NPCCommand_set_unk_flags_60_flag_0x200
0809f30c	thumb	NPCCommand_clear_unk_flags_60_flag_0x200
0809f31c	thumb	NPCCommand_set_text_script_index_and_ptr
0809f338	thumb	NPCCommand_wait_mystery_data_taken
0809f354	thumb	NPCCommand_set_obj_window_mode
0809f36e	thumb	NPCCommand_play_music
0809f37e	thumb	NPCCommand_set_sprite_0x3_bit5
0809f388	thumb	NPCCommand_remove_shadow_ignore_flags
0809f392	thumb	NPCCommand_do_camera_shake
0809f3a6	thumb	NPCCommand_jump_if_anim_not_equal
0809f3c0	thumb	NPCCommand_set_text_script_index_and_ptr_to_decomp_buffer
0809f3e8	thumb	NPCCommand_jump_alt
0809f3f6	thumb	NPCCommand_init_leap
0809f418	thumb	NPCCommand_init_vertical_movement
0809f438	thumb	NPCCommand_init_diagonal_leap
0809f45a	thumb	NPCCommand_init_groundman_minigame_prog
0809f4b8	thumb	NPCCommand_jack_out
0809f4ee	thumb	NPCCommand_jump_if_screen_fade_active
0809f506	thumb	sub_809F506
0809f516	thumb	npc_enableScript0x19_809f516
0809f51e	thumb	npc_disableScript0x19_809f51e
0809f526	thumb	sub_809F526
0809f5b0	thumb	sub_809F5B0
0809f5fc	thumb	sub_809F5FC
0809f612	thumb	sub_809F612
0809f638	thumb	sub_809F638
0809f64c	thumb	ReadNPCScriptHalfword
0809f656	thumb	ReadNPCScriptWord
0809f66c	thumb	sub_809F66C
0809f68c	thumb	sub_809F68C
0809f904	thumb	sub_809F904
0809f90c	thumb	sub_809F90C
0809f922	thumb	sub_809F922
0809f942	thumb	sub_809F942
0809f9be	thumb	sub_809F9BE
0809f9c8	thumb	zeroFill_e2004348
0809f9dc	thumb	sub_809F9DC
0809fa68	thumb	sub_809FA68
0809face	thumb	sub_809FACE
0809fade	thumb	sub_809FADE
0809faf4	thumb	sub_809FAF4
0809fb04	thumb	sub_809FB04
0809fb4c	thumb	sub_809FB4C
0809fbf2	thumb	sub_809FBF2
0809fc1c	thumb	sub_809FC1C
0809fc96	thumb	sub_809FC96
0809fd70	thumb	sub_809FD70
0809fdce	thumb	sub_809FDCE
0809fde0	thumb	sub_809FDE0
0809fe36	thumb	sub_809FE36
0809fe44	thumb	sub_809FE44
0809fe5e	thumb	sub_809FE5E
0809fe7a	thumb	sub_809FE7A
080a4984	thumb	ho_80A4984
080a49b0	thumb	sub_80A49B0
080a4a08	thumb	event_80A4A08
080a4a90	thumb	sub_80A4A90
080a4a98	thumb	sub_80A4A98
080a4ab8	thumb	sub_80A4AB8
080a4acc	thumb	sub_80A4ACC
080a4bd4	thumb	sub_80A4BD4
080a4bdc	thumb	sub_80A4BDC
080a4bfc	thumb	sub_80A4BFC
080a4c46	thumb	sub_80A4C46
080a4c5c	thumb	sub_80A4C5C
080a51c4	thumb	sub_80A51C4
080a51f8	thumb	sub_80A51F8
080a5268	thumb	sub_80A5268
080a52e4	thumb	sub_80A52E4
080a5304	thumb	sub_80A5304
080a5350	thumb	sub_80A5350
080a5428	thumb	sub_80A5428
080a5448	thumb	sub_80A5448
080a5494	thumb	sub_80A5494
080a549c	thumb	sub_80A549C
080a54a4	thumb	sub_80A54A4
080a54f0	thumb	sub_80A54F0
080a5514	thumb	sub_80A5514
080a5588	thumb	sub_80A5588
080a55cc	thumb	sub_80A55CC
080a55d4	thumb	sub_80A55D4
080a5690	thumb	sub_80A5690
080a5724	thumb	sub_80A5724
080a5744	thumb	sub_80A5744
080a5764	thumb	sub_80A5764
080a57ac	thumb	sub_80A57AC
080a57d0	thumb	sub_80A57D0
080a5828	thumb	sub_80A5828
080a5888	thumb	sub_80A5888
080a5890	thumb	sub_80A5890
080a58ac	thumb	sub_80A58AC
080a58e0	thumb	sub_80A58E0
080a58f4	thumb	sub_80A58F4
080a5954	thumb	sub_80A5954
080a596c	thumb	sub_80A596C
080a5974	thumb	sub_80A5974
080a59b8	thumb	sub_80A59B8
080a5a1c	thumb	sub_80A5A1C
080a5a5c	thumb	sub_80A5A5C
080a5ad4	thumb	sub_80A5AD4
080a5af8	thumb	sub_80A5AF8
080a5b70	thumb	sub_80A5B70
080a5c6c	thumb	sub_80A5C6C
080a5c74	thumb	sub_80A5C74
080a5c9c	thumb	sub_80A5C9C
080a5ce4	thumb	sub_80A5CE4
080a5cf0	thumb	sub_80A5CF0
080a5d0c	thumb	sub_80A5D0C
080a5d48	thumb	sub_80A5D48
080a5d80	thumb	sub_80A5D80
080a5de8	thumb	sub_80A5DE8
080a5e00	thumb	sub_80A5E00
080a5e08	thumb	sub_80A5E08
080a5e44	thumb	sub_80A5E44
080a5e8c	thumb	sub_80A5E8C
080a5ea0	thumb	sub_80A5EA0
080a5ec8	thumb	sub_80A5EC8
080a5f48	thumb	sub_80A5F48
080a5f68	thumb	sub_80A5F68
080a5f84	thumb	sub_80A5F84
080a5fd0	thumb	sub_80A5FD0
080a6014	thumb	sub_80A6014
080a6a16	thumb	sub_80A6A16
080a6a34	thumb	sub_80A6A34
080a6a62	thumb	sub_80A6A62
080a6b08	thumb	sub_80A6B08
080a6b10	thumb	sub_80A6B10
080a6bd8	thumb	sub_80A6BD8
080a6ca4	thumb	sub_80A6CA4
080a6cd4	thumb	sub_80A6CD4
080a6cfc	thumb	sub_80A6CFC
080a6d38	thumb	sub_80A6D38
080a6d42	thumb	sub_80A6D42
080a6d5c	thumb	sub_80A6D5C
080a6d7a	thumb	sub_80A6D7A
080a6d8a	thumb	sub_80A6D8A
080a6dac	thumb	sub_80A6DAC
080a6dc6	thumb	sub_80A6DC6
080a6ddc	thumb	sub_80A6DDC
080a6dec	thumb	sub_80A6DEC
080a6dfc	thumb	sub_80A6DFC
080a6e0c	thumb	sub_80A6E0C
080a6e22	thumb	sub_80A6E22
080a6e3a	thumb	sub_80A6E3A
080a6e4a	thumb	sub_80A6E4A
080a6e50	thumb	sub_80A6E50
080a6e70	thumb	sub_80A6E70
080a6e78	thumb	sub_80A6E78
080a6e98	thumb	sub_80A6E98
080a6ebc	thumb	sub_80A6EBC
080a6f2c	thumb	sub_80A6F2C
080a6f70	thumb	sub_80A6F70
080a6f78	thumb	sub_80A6F78
080a6fdc	thumb	sub_80A6FDC
080a704c	thumb	sub_80A704C
080a708c	thumb	sub_80A708C
080a70c0	thumb	sub_80A70C0
080a70fc	thumb	sub_80A70FC
080a7160	thumb	sub_80A7160
080a71ec	thumb	sub_80A71EC
080a7208	thumb	sub_80A7208
080a7238	thumb	sub_80A7238
080a72b4	thumb	sub_80A72B4
080a72d8	thumb	sub_80A72D8
080a7354	thumb	sub_80A7354
080a7398	thumb	sub_80A7398
080a73a0	thumb	sub_80A73A0
080a743c	thumb	sub_80A743C
080a7454	thumb	sub_80A7454
080a74a8	thumb	sub_80A74A8
080a7514	thumb	sub_80A7514
080a7528	thumb	sub_80A7528
080a755c	thumb	sub_80A755C
080a7590	thumb	sub_80A7590
080a75a4	thumb	sub_80A75A4
080a75dc	thumb	sub_80A75DC
080a7640	thumb	sub_80A7640
080a76cc	thumb	sub_80A76CC
080a76e8	thumb	sub_80A76E8
080a775c	thumb	sub_80A775C
080a77a8	thumb	sub_80A77A8
080a77c8	thumb	sub_80A77C8
080a77fc	thumb	sub_80A77FC
080a7812	thumb	sub_80A7812
080a781c	thumb	sub_80A781C
080a783c	thumb	sub_80A783C
080a786c	thumb	sub_80A786C
080a78ae	thumb	sub_80A78AE
080a78b8	thumb	sub_80A78B8
080a78e0	thumb	sub_80A78E0
080a7912	thumb	sub_80A7912
080a796c	thumb	sub_80A796C
080a79d4	thumb	sub_80A79D4
080a79dc	thumb	sub_80A79DC
080a7a40	thumb	sub_80A7A40
080a7aa4	thumb	sub_80A7AA4
080a7ad4	thumb	sub_80A7AD4
080a7ae0	thumb	sub_80A7AE0
080a7afa	thumb	sub_80A7AFA
080a7b32	thumb	sub_80A7B32
080a7b7a	thumb	sub_80A7B7A
080a7b90	thumb	sub_80A7B90
080a7b9e	thumb	sub_80A7B9E
080a7ba2	thumb	sub_80A7BA2
080a7baa	thumb	sub_80A7BAA
080a7bb2	thumb	sub_80A7BB2
080a7bba	thumb	sub_80A7BBA
080a7bc0	thumb	sub_80A7BC0
080a7c58	thumb	sub_80A7C58
080a7c84	thumb	sub_80A7C84
080a7ca4	thumb	sub_80A7CA4
080a7cea	thumb	sub_80A7CEA
080a7cf6	thumb	sub_80A7CF6
080a7cfe	thumb	sub_80A7CFE
080a7d90	thumb	sub_80A7D90
080a7db8	thumb	sub_80A7DB8
080a7e0c	thumb	sub_80A7E0C
080a7e14	thumb	sub_80A7E14
080a7e44	thumb	sub_80A7E44
080a7e4c	thumb	sub_80A7E4C
080a7e6c	thumb	sub_80A7E6C
080a7ea4	thumb	sub_80A7EA4
080a7ebe	thumb	sub_80A7EBE
080a7eda	thumb	sub_80A7EDA
080a7ef8	thumb	sub_80A7EF8
080a7f14	thumb	sub_80A7F14
080a7f26	thumb	sub_80A7F26
080a7f58	thumb	sub_80A7F58
080a7f78	thumb	sub_80A7F78
080a7fac	thumb	sub_80A7FAC
080a7fd4	thumb	sub_80A7FD4
080a8006	thumb	sub_80A8006
080a800a	thumb	sub_80A800A
080a8020	thumb	sub_80A8020
080a8038	thumb	sub_80A8038
080a8208	thumb	sub_80A8208
080a822c	thumb	sub_80A822C
080a827c	thumb	sub_80A827C
080a829c	thumb	sub_80A829C
080a82a4	thumb	sub_80A82A4
080a82dc	thumb	sub_80A82DC
080a8324	thumb	sub_80A8324
080a8394	thumb	sub_80A8394
080a83b8	thumb	sub_80A83B8
080a8424	thumb	sub_80A8424
080a8484	thumb	sub_80A8484
080a84c4	thumb	sub_80A84C4
080a84fc	thumb	sub_80A84FC
080a8518	thumb	sub_80A8518
080a8548	thumb	sub_80A8548
080a856c	thumb	sub_80A856C
080a8580	thumb	sub_80A8580
080a85b4	thumb	sub_80A85B4
080a860c	thumb	sub_80A860C
080a8644	thumb	sub_80A8644
080a8654	thumb	sub_80A8654
080a8674	thumb	sub_80A8674
080a86a0	thumb	sub_80A86A0
080a86ac	thumb	sub_80A86AC
080a86b4	thumb	sub_80A86B4
080a8728	thumb	sub_80A8728
080a8748	thumb	sub_80A8748
080a87d2	thumb	sub_80A87D2
080a87e8	thumb	sub_80A87E8
080a87f0	thumb	sub_80A87F0
080a8814	thumb	sub_80A8814
080a8848	thumb	sub_80A8848
080a8860	thumb	sub_80A8860
080a8870	thumb	sub_80A8870
080a8894	thumb	sub_80A8894
080a88e2	thumb	sub_80A88E2
080a8918	thumb	sub_80A8918
080a8980	thumb	sub_80A8980
080a8988	thumb	sub_80A8988
080a89dc	thumb	sub_80A89DC
080a89fc	thumb	sub_80A89FC
080a8a50	thumb	sub_80A8A50
080a8a74	thumb	sub_80A8A74
080a8a7c	thumb	sub_80A8A7C
080a8ab4	thumb	sub_80A8AB4
080a8af4	thumb	sub_80A8AF4
080a8b24	thumb	sub_80A8B24
080a8b2c	thumb	sub_80A8B2C
080a8b4c	thumb	sub_80A8B4C
080a8bbc	thumb	sub_80A8BBC
080a8c08	thumb	sub_80A8C08
080a8c7c	thumb	sub_80A8C7C
080a8c98	thumb	sub_80A8C98
080a8cb8	thumb	sub_80A8CB8
080a8ccc	thumb	sub_80A8CCC
080a8d02	thumb	sub_80A8D02
080a8d42	thumb	sub_80A8D42
080a8d7c	thumb	sub_80A8D7C
080a8db0	thumb	sub_80A8DB0
080a8df0	thumb	sub_80A8DF0
080a8e74	thumb	sub_80A8E74
080a8e9c	thumb	sub_80A8E9C
080a8f08	thumb	sub_80A8F08
080a8f48	thumb	sub_80A8F48
080a8fa0	thumb	sub_80A8FA0
080a8fe4	thumb	sub_80A8FE4
080a8ffc	thumb	sub_80A8FFC
080a9004	thumb	sub_80A9004
080a9038	thumb	sub_80A9038
080a908c	thumb	sub_80A908C
080a90b0	thumb	sub_80A90B0
080a90cc	thumb	sub_80A90CC
080a90e4	thumb	sub_80A90E4
080a9150	thumb	sub_80A9150
080a916c	thumb	sub_80A916C
080a91a4	thumb	sub_80A91A4
080a91d4	thumb	sub_80A91D4
080a91f4	thumb	sub_80A91F4
080a9218	thumb	sub_80A9218
080a9268	thumb	sub_80A9268
080a92b8	thumb	sub_80A92B8
080a92e0	thumb	sub_80A92E0
080a931c	thumb	sub_80A931C
080a9360	thumb	sub_80A9360
080a937c	thumb	sub_80A937C
080a93d0	thumb	sub_80A93D0
080a93d8	thumb	sub_80A93D8
080a93e8	thumb	sub_80A93E8
080a9430	thumb	sub_80A9430
080a9458	thumb	sub_80A9458
080a94dc	thumb	sub_80A94DC
080a94f8	thumb	sub_80A94F8
080a9568	thumb	sub_80A9568
080a9570	thumb	sub_80A9570
080a95a8	thumb	sub_80A95A8
080a95ec	thumb	sub_80A95EC
080a9614	thumb	sub_80A9614
080a9628	thumb	sub_80A9628
080a9658	thumb	sub_80A9658
080a9680	thumb	sub_80A9680
080a96c8	thumb	sub_80A96C8
080a96f0	thumb	sub_80A96F0
080a96fc	thumb	sub_80A96FC
080a971c	thumb	sub_80A971C
080a974c	thumb	sub_80A974C
080a979c	thumb	sub_80A979C
080a97f4	thumb	sub_80A97F4
080a9824	thumb	sub_80A9824
080a9844	thumb	sub_80A9844
080a9858	thumb	sub_80A9858
080a98cc	thumb	sub_80A98CC
080a98d4	thumb	sub_80A98D4
080a98f4	thumb	sub_80A98F4
080a9908	thumb	sub_80A9908
080a9a04	thumb	sub_80A9A04
080a9a0c	thumb	sub_80A9A0C
080a9a2c	thumb	sub_80A9A2C
080a9a76	thumb	sub_80A9A76
080a9a96	thumb	sub_80A9A96
080a9b70	thumb	sub_80A9B70
080a9b9c	thumb	sub_80A9B9C
080a9c26	thumb	sub_80A9C26
080a9ca6	thumb	sub_80A9CA6
080a9cae	thumb	sub_80A9CAE
080a9d10	thumb	sub_80A9D10
080a9d30	thumb	sub_80A9D30
080a9d86	thumb	sub_80A9D86
080a9db8	thumb	sub_80A9DB8
080a9dc0	thumb	sub_80A9DC0
080a9dfe	thumb	sub_80A9DFE
080a9e48	thumb	sub_80A9E48
080a9e5e	thumb	sub_80A9E5E
080a9eb6	thumb	sub_80A9EB6
080a9ecc	thumb	sub_80A9ECC
080a9eec	thumb	sub_80A9EEC
080a9f30	thumb	sub_80A9F30
080a9f4e	thumb	sub_80A9F4E
080a9f58	thumb	sub_80A9F58
080a9f78	thumb	sub_80A9F78
080a9fb8	thumb	sub_80A9FB8
080a9ffc	thumb	sub_80A9FFC
080aa004	thumb	sub_80AA004
080aa04c	thumb	sub_80AA04C
080aa058	thumb	sub_80AA058
080aa078	thumb	sub_80AA078
080aa0b8	thumb	sub_80AA0B8
080aa0fc	thumb	sub_80AA0FC
080aa104	thumb	sub_80AA104
080aa134	thumb	sub_80AA134
080aa140	thumb	sub_80AA140
080aa160	thumb	sub_80AA160
080aa194	thumb	sub_80AA194
080aa1c8	thumb	sub_80AA1C8
080aa1e0	thumb	sub_80AA1E0
080aa204	thumb	sub_80AA204
080aa248	thumb	sub_80AA248
080aa282	thumb	sub_80AA282
080aa2a8	thumb	sub_80AA2A8
080aa2d8	thumb	sub_80AA2D8
080aa2f8	thumb	sub_80AA2F8
080aa322	thumb	sub_80AA322
080aa36c	thumb	sub_80AA36C
080aa374	thumb	sub_80AA374
080aa394	thumb	sub_80AA394
080aa3c2	thumb	sub_80AA3C2
080aa402	thumb	sub_80AA402
080aa4b8	thumb	sub_80AA4B8
080aa4c0	thumb	sub_80AA4C0
080aa5e4	thumb	chooseRandomEncounterMaybe_80aa5e4
080aa5f4	thumb	sub_80AA5F4
080aa6a4	thumb	sub_80AA6A4
080aa6e8	thumb	sub_80AA6E8
080aa6ec	thumb	sub_80AA6EC
080aa756	thumb	sub_80AA756
080aa764	thumb	sub_80AA764
080aa778	thumb	sub_80AA778
080aa78c	thumb	sub_80AA78C
080aa7ac	thumb	sub_80AA7AC
080aa7c0	thumb	sub_80AA7C0
080aa7d4	thumb	sub_80AA7D4
080aa7e8	thumb	sub_80AA7E8
080aa7fc	thumb	sub_80AA7FC
080aa810	thumb	sub_80AA810
080aa824	thumb	sub_80AA824
080aa86e	thumb	sub_80AA86E
080aa88c	thumb	sub_80AA88C
080aa8e0	thumb	sub_80AA8E0
080aa910	thumb	sub_80AA910
080aaa1c	thumb	sub_80AAA1C
080aaa3c	thumb	sub_80AAA3C
080aaa98	thumb	sub_80AAA98
080aab04	thumb	sub_80AAB04
080aab68	thumb	sub_80AAB68
080aab88	thumb	sub_80AAB88
080aaba4	thumb	sub_80AABA4
080aac8c	thumb	sub_80AAC8C
080aad04	thumb	sub_80AAD04
080aad70	thumb	sub_80AAD70
080aada6	thumb	sub_80AADA6
080aae36	thumb	sub_80AAE36
080aae98	thumb	sub_80AAE98
080aed50	thumb	sub_80AED50
080b81ec	thumb	sub_80B81EC
080b8210	thumb	sub_80B8210
080b8230	thumb	sub_80B8230
080b829c	thumb	sub_80B829C
080b82c4	thumb	sub_80B82C4
080b82e0	thumb	sub_80B82E0
080b8338	thumb	sub_80B8338
080b8376	thumb	sub_80B8376
080b8390	thumb	sub_80B8390
080b83c0	thumb	sub_80B83C0
080b8406	thumb	sub_80B8406
080b843c	thumb	sub_80B843C
080b844a	thumb	sub_80B844A
080b845c	thumb	sub_80B845C
080b84a4	thumb	sub_80B84A4
080b84ec	thumb	sub_80B84EC
080b8512	thumb	sub_80B8512
080b8564	thumb	sub_80B8564
080b85e0	thumb	sub_80B85E0
080b8600	thumb	sub_80B8600
080b863a	thumb	sub_80B863A
080b86a4	thumb	sub_80B86A4
080b86c4	thumb	sub_80B86C4
080b86d4	thumb	sub_80B86D4
080b86f8	thumb	sub_80B86F8
080b8784	thumb	nullsub_8
080b8786	thumb	sub_80B8786
080b87a6	thumb	sub_80B87A6
080b87ac	thumb	sub_80B87AC
080b87f0	thumb	sub_80B87F0
080b8800	thumb	sub_80B8800
080b8810	thumb	sub_80B8810
080b881e	thumb	sub_80B881E
080b8844	thumb	sub_80B8844
080b8870	thumb	sub_80B8870
080b88d0	thumb	sub_80B88D0
080b88f0	thumb	sub_80B88F0
080b8932	thumb	sub_80B8932
080b89dc	thumb	sub_80B89DC
080b8a0a	thumb	sub_80B8A0A
080b8a18	thumb	sub_80B8A18
080b8a3c	thumb	sub_80B8A3C
080b8ad4	thumb	sub_80B8AD4
080b8b08	thumb	sub_80B8B08
080b8b6e	thumb	sub_80B8B6E
080b8ba0	thumb	sub_80B8BA0
080b8cd8	thumb	sub_80B8CD8
080b8cf8	thumb	sub_80B8CF8
080b8da6	thumb	sub_80B8DA6
080b8e30	thumb	sub_80B8E30
080b8e58	thumb	sub_80B8E58
080b8e62	thumb	sub_80B8E62
080b8e70	thumb	sub_80B8E70
080b8e7c	thumb	sub_80B8E7C
080b8ea0	thumb	sub_80B8EA0
080b8ec4	thumb	sub_80B8EC4
080b8f0a	thumb	sub_80B8F0A
080b8f30	thumb	sub_80B8F30
080b8f66	thumb	sub_80B8F66
080b8f8e	thumb	sub_80B8F8E
080b8fb6	thumb	sub_80B8FB6
080b8fea	thumb	sub_80B8FEA
080b9014	thumb	sub_80B9014
080b903a	thumb	sub_80B903A
080b9078	thumb	sub_80B9078
080b909c	thumb	sub_80B909C
080b90e4	thumb	sub_80B90E4
080b910c	thumb	sub_80B910C
080b9160	thumb	sub_80B9160
080b9188	thumb	sub_80B9188
080b91b0	thumb	sub_80B91B0
080b91e8	thumb	sub_80B91E8
080b921a	thumb	sub_80B921A
080b9240	thumb	sub_80B9240
080b9288	thumb	sub_80B9288
080b92b8	thumb	sub_80B92B8
080b92dc	thumb	sub_80B92DC
080b931a	thumb	sub_80B931A
080b9340	thumb	sub_80B9340
080b9376	thumb	sub_80B9376
080b939e	thumb	sub_80B939E
080b93c6	thumb	sub_80B93C6
080b9408	thumb	sub_80B9408
080b9432	thumb	sub_80B9432
080b9458	thumb	sub_80B9458
080b94bc	thumb	sub_80B94BC
080b94e0	thumb	sub_80B94E0
080b951e	thumb	sub_80B951E
080b954c	thumb	sub_80B954C
080b95ac	thumb	sub_80B95AC
080b95f2	thumb	sub_80B95F2
080b961a	thumb	sub_80B961A
080b966c	thumb	sub_80B966C
080b96c2	thumb	sub_80B96C2
080b971e	thumb	sub_80B971E
080b9750	thumb	sub_80B9750
080b9776	thumb	sub_80B9776
080b97c0	thumb	sub_80B97C0
080b97e4	thumb	sub_80B97E4
080b9822	thumb	sub_80B9822
080b9848	thumb	sub_80B9848
080b989c	thumb	sub_80B989C
080b98c4	thumb	sub_80B98C4
080b98ec	thumb	sub_80B98EC
080b9970	thumb	sub_80B9970
080b999a	thumb	sub_80B999A
080b99c0	thumb	sub_80B99C0
080b99e4	thumb	sub_80B99E4
080b9a34	thumb	sub_80B9A34
080b9a60	thumb	sub_80B9A60
080b9a96	thumb	sub_80B9A96
080b9aba	thumb	sub_80B9ABA
080b9aea	thumb	sub_80B9AEA
080b9b30	thumb	sub_80B9B30
080b9b58	thumb	sub_80B9B58
080b9b6e	thumb	sub_80B9B6E
080b9b94	thumb	sub_80B9B94
080b9c14	thumb	sub_80B9C14
080b9c38	thumb	sub_80B9C38
080b9c9c	thumb	sub_80B9C9C
080b9cdc	thumb	sub_80B9CDC
080b9d12	thumb	sub_80B9D12
080b9d36	thumb	sub_80B9D36
080b9d6e	thumb	sub_80B9D6E
080b9e40	thumb	sub_80B9E40
080b9f00	thumb	sub_80B9F00
080b9f0e	thumb	sub_80B9F0E
080b9f44	thumb	sub_80B9F44
080b9f68	thumb	sub_80B9F68
080b9fa6	thumb	sub_80B9FA6
080b9fd8	thumb	sub_80B9FD8
080ba02c	thumb	sub_80BA02C
080ba054	thumb	sub_80BA054
080ba090	thumb	sub_80BA090
080ba0d8	thumb	sub_80BA0D8
080ba0fc	thumb	sub_80BA0FC
080ba152	thumb	sub_80BA152
080ba186	thumb	sub_80BA186
080ba1b0	thumb	sub_80BA1B0
080ba1d6	thumb	sub_80BA1D6
080ba238	thumb	sub_80BA238
080ba294	thumb	sub_80BA294
080ba31c	thumb	sub_80BA31C
080ba364	thumb	sub_80BA364
080ba388	thumb	sub_80BA388
080ba3d8	thumb	sub_80BA3D8
080ba414	thumb	sub_80BA414
080ba468	thumb	sub_80BA468
080ba490	thumb	sub_80BA490
080ba4ba	thumb	sub_80BA4BA
080ba528	thumb	sub_80BA528
080ba56c	thumb	sub_80BA56C
080ba5aa	thumb	sub_80BA5AA
080ba5d2	thumb	sub_80BA5D2
080ba5f6	thumb	sub_80BA5F6
080ba62e	thumb	sub_80BA62E
080ba660	thumb	sub_80BA660
080ba686	thumb	sub_80BA686
080ba6a4	thumb	sub_80BA6A4
080ba6b6	thumb	sub_80BA6B6
080ba708	thumb	sub_80BA708
080ba72c	thumb	sub_80BA72C
080ba772	thumb	sub_80BA772
080ba7a0	thumb	sub_80BA7A0
080ba7f4	thumb	sub_80BA7F4
080ba81c	thumb	sub_80BA81C
080ba84c	thumb	sub_80BA84C
080ba89c	thumb	sub_80BA89C
080ba8d0	thumb	sub_80BA8D0
080ba8f6	thumb	sub_80BA8F6
080ba920	thumb	sub_80BA920
080ba946	thumb	sub_80BA946
080ba9a4	thumb	sub_80BA9A4
080baa0c	thumb	sub_80BAA0C
080baa4c	thumb	sub_80BAA4C
080baa8c	thumb	sub_80BAA8C
080baab0	thumb	sub_80BAAB0
080bab00	thumb	sub_80BAB00
080bab30	thumb	sub_80BAB30
080bab84	thumb	sub_80BAB84
080babac	thumb	sub_80BABAC
080bac50	thumb	sub_80BAC50
080bac98	thumb	sub_80BAC98
080bacbc	thumb	sub_80BACBC
080bad06	thumb	sub_80BAD06
080bad34	thumb	sub_80BAD34
080bad76	thumb	sub_80BAD76
080badb4	thumb	sub_80BADB4
080bade4	thumb	sub_80BADE4
080bae16	thumb	sub_80BAE16
080bae3c	thumb	sub_80BAE3C
080bae60	thumb	sub_80BAE60
080bae7a	thumb	sub_80BAE7A
080baec0	thumb	sub_80BAEC0
080baedc	thumb	sub_80BAEDC
080baf06	thumb	sub_80BAF06
080baf50	thumb	sub_80BAF50
080baf74	thumb	sub_80BAF74
080bb00c	thumb	sub_80BB00C
080bb048	thumb	sub_80BB048
080bb098	thumb	sub_80BB098
080bb0d2	thumb	sub_80BB0D2
080bb10c	thumb	sub_80BB10C
080bb13e	thumb	sub_80BB13E
080bb170	thumb	ho_80BB170
080bb19c	thumb	sub_80BB19C
080bb1a6	thumb	sub_80BB1A6
080bb1ba	thumb	sub_80BB1BA
080bb1c4	thumb	sub_80BB1C4
080bb1d8	thumb	sub_80BB1D8
080bb1fe	thumb	sub_80BB1FE
080bb228	thumb	sub_80BB228
080bb23e	thumb	sub_80BB23E
080bb278	thumb	sub_80BB278
080bb2a0	thumb	sub_80BB2A0
080bb2c4	thumb	sub_80BB2C4
080bb35c	thumb	sub_80BB35C
080bb398	thumb	sub_80BB398
080bb3f6	thumb	sub_80BB3F6
080bb42e	thumb	sub_80BB42E
080bb46a	thumb	sub_80BB46A
080bb49c	thumb	sub_80BB49C
080bb4ce	thumb	sub_80BB4CE
080bb4f8	thumb	sub_80BB4F8
080bb514	thumb	sub_80BB514
080bb52e	thumb	sub_80BB52E
080bb59a	thumb	sub_80BB59A
080bb5dc	thumb	sub_80BB5DC
080bb608	thumb	sub_80BB608
080bb62c	thumb	sub_80BB62C
080bb66a	thumb	sub_80BB66A
080bb694	thumb	sub_80BB694
080bb6e8	thumb	sub_80BB6E8
080bb710	thumb	sub_80BB710
080bb772	thumb	sub_80BB772
080bb79a	thumb	sub_80BB79A
080bb7cc	thumb	sub_80BB7CC
080bb7f6	thumb	sub_80BB7F6
080bb81c	thumb	sub_80BB81C
080bb866	thumb	sub_80BB866
080bb89c	thumb	sub_80BB89C
080bb8b0	thumb	sub_80BB8B0
080bb914	thumb	sub_80BB914
080bb938	thumb	sub_80BB938
080bb976	thumb	sub_80BB976
080bb99c	thumb	sub_80BB99C
080bb9f0	thumb	sub_80BB9F0
080bba26	thumb	sub_80BBA26
080bba8e	thumb	sub_80BBA8E
080bbab8	thumb	sub_80BBAB8
080bbac6	thumb	sub_80BBAC6
080bbaec	thumb	sub_80BBAEC
080bbb18	thumb	sub_80BBB18
080bbb38	thumb	sub_80BBB38
080bbb98	thumb	sub_80BBB98
080bbbbc	thumb	sub_80BBBBC
080bbc04	thumb	sub_80BBC04
080bbc2c	thumb	sub_80BBC2C
080bbc80	thumb	sub_80BBC80
080bbcd8	thumb	sub_80BBCD8
080bbd60	thumb	sub_80BBD60
080bbdac	thumb	sub_80BBDAC
080bbde8	thumb	sub_80BBDE8
080bbe0e	thumb	sub_80BBE0E
080bbe3a	thumb	sub_80BBE3A
080bbe58	thumb	sub_80BBE58
080bbf0c	thumb	sub_80BBF0C
080bbf30	thumb	sub_80BBF30
080bbf6e	thumb	sub_80BBF6E
080bbf94	thumb	sub_80BBF94
080bbfe8	thumb	sub_80BBFE8
080bc024	thumb	sub_80BC024
080bc058	thumb	sub_80BC058
080bc0b0	thumb	sub_80BC0B0
080bc0da	thumb	sub_80BC0DA
080bc100	thumb	sub_80BC100
080bc13e	thumb	sub_80BC13E
080bc160	thumb	sub_80BC160
080bc17c	thumb	sub_80BC17C
080bc19c	thumb	sub_80BC19C
080bc1da	thumb	sub_80BC1DA
080bc268	thumb	sub_80BC268
080bc284	thumb	sub_80BC284
080bc29c	thumb	sub_80BC29C
080bc2c8	thumb	sub_80BC2C8
080bc30e	thumb	sub_80BC30E
080bc36e	thumb	sub_80BC36E
080bc38a	thumb	sub_80BC38A
080bc3ae	thumb	sub_80BC3AE
080bc3b8	thumb	sub_80BC3B8
080bc424	thumb	sub_80BC424
080bc434	thumb	sub_80BC434
080bc468	thumb	sub_80BC468
080bc494	thumb	sub_80BC494
080bc4b4	thumb	sub_80BC4B4
080bc4fc	thumb	sub_80BC4FC
080bc524	thumb	sub_80BC524
080bc56e	thumb	sub_80BC56E
080bc58c	thumb	sub_80BC58C
080bc610	thumb	sub_80BC610
080bc638	thumb	sub_80BC638
080bc644	thumb	sub_80BC644
080bc650	thumb	sub_80BC650
080bc670	thumb	sub_80BC670
080bc78c	thumb	sub_80BC78C
080bc844	thumb	sub_80BC844
080bc87c	thumb	sub_80BC87C
080bc8a8	thumb	sub_80BC8A8
080bc8ec	thumb	sub_80BC8EC
080bc920	thumb	sub_80BC920
080bc958	thumb	sub_80BC958
080bc976	thumb	sub_80BC976
080bc998	thumb	sub_80BC998
080bc9be	thumb	sub_80BC9BE
080bc9d2	thumb	sub_80BC9D2
080bc9f8	thumb	sub_80BC9F8
080bca04	thumb	sub_80BCA04
080bca24	thumb	sub_80BCA24
080bca72	thumb	sub_80BCA72
080bcad4	thumb	sub_80BCAD4
080bcb12	thumb	sub_80BCB12
080bcb34	thumb	sub_80BCB34
080bcb50	thumb	sub_80BCB50
080bcb74	thumb	sub_80BCB74
080bcc0c	thumb	sub_80BCC0C
080bcc2c	thumb	sub_80BCC2C
080bcc88	thumb	sub_80BCC88
080bcc96	thumb	sub_80BCC96
080bccdc	thumb	sub_80BCCDC
080bcd14	thumb	sub_80BCD14
080bcd38	thumb	sub_80BCD38
080bce4c	thumb	sub_80BCE4C
080bce90	thumb	sub_80BCE90
080bceb2	thumb	sub_80BCEB2
080bcf3a	thumb	sub_80BCF3A
080bcf58	thumb	sub_80BCF58
080bcf7a	thumb	sub_80BCF7A
080bcff6	thumb	sub_80BCFF6
080bd064	thumb	sub_80BD064
080bd084	thumb	sub_80BD084
080bd0da	thumb	sub_80BD0DA
080bd114	thumb	sub_80BD114
080bd134	thumb	sub_80BD134
080bd156	thumb	sub_80BD156
080bd1b8	thumb	sub_80BD1B8
080bd1da	thumb	sub_80BD1DA
080bd20a	thumb	sub_80BD20A
080bd24c	thumb	sub_80BD24C
080bd278	thumb	sub_80BD278
080bd2d8	thumb	sub_80BD2D8
080bd374	thumb	sub_80BD374
080bd388	thumb	sub_80BD388
080bd3ac	thumb	sub_80BD3AC
080bd478	thumb	sub_80BD478
080bd4bc	thumb	sub_80BD4BC
080bd4dc	thumb	sub_80BD4DC
080bd538	thumb	sub_80BD538
080bd586	thumb	sub_80BD586
080bd5a8	thumb	sub_80BD5A8
080bd644	thumb	sub_80BD644
080bd67e	thumb	sub_80BD67E
080bd6b6	thumb	sub_80BD6B6
080bd742	thumb	sub_80BD742
080bd760	thumb	sub_80BD760
080bd788	thumb	sub_80BD788
080bd7d6	thumb	sub_80BD7D6
080bd7ea	thumb	sub_80BD7EA
080bd81a	thumb	sub_80BD81A
080bd834	thumb	sub_80BD834
080bd878	thumb	sub_80BD878
080bd89c	thumb	sub_80BD89C
080bd8bc	thumb	sub_80BD8BC
080bd960	thumb	sub_80BD960
080bd984	thumb	sub_80BD984
080bd9a2	thumb	sub_80BD9A2
080bd9d4	thumb	sub_80BD9D4
080bda08	thumb	sub_80BDA08
080bda7c	thumb	sub_80BDA7C
080bdae0	thumb	sub_80BDAE0
080bdb04	thumb	sub_80BDB04
080bdb3c	thumb	sub_80BDB3C
080bdb8c	thumb	sub_80BDB8C
080bdb9e	thumb	nullsub_9
080bdba4	thumb	sub_80BDBA4
080bdbc8	thumb	sub_80BDBC8
080bdcfc	thumb	sub_80BDCFC
080bdd40	thumb	sub_80BDD40
080bdd70	thumb	sub_80BDD70
080bdd88	thumb	sub_80BDD88
080bdda8	thumb	sub_80BDDA8
080bddca	thumb	sub_80BDDCA
080bde58	thumb	sub_80BDE58
080bdec0	thumb	sub_80BDEC0
080bdef0	thumb	sub_80BDEF0
080bdf0e	thumb	sub_80BDF0E
080bdf3c	thumb	sub_80BDF3C
080bdfa6	thumb	sub_80BDFA6
080be098	thumb	sub_80BE098
080be0ce	thumb	sub_80BE0CE
080be0fa	thumb	sub_80BE0FA
080be144	thumb	sub_80BE144
080be174	thumb	sub_80BE174
080be190	thumb	sub_80BE190
080be1dc	thumb	sub_80BE1DC
080be22e	thumb	sub_80BE22E
080be254	thumb	sub_80BE254
080be282	thumb	sub_80BE282
080be2b8	thumb	sub_80BE2B8
080be312	thumb	sub_80BE312
080be39a	thumb	sub_80BE39A
080be3c4	thumb	sub_80BE3C4
080be3e8	thumb	sub_80BE3E8
080be434	thumb	sub_80BE434
080be4d8	thumb	sub_80BE4D8
080be4f8	thumb	sub_80BE4F8
080be55c	thumb	sub_80BE55C
080be5cc	thumb	sub_80BE5CC
080be648	thumb	sub_80BE648
080be6bc	thumb	sub_80BE6BC
080be6d8	thumb	sub_80BE6D8
080be734	thumb	sub_80BE734
080be73e	thumb	sub_80BE73E
080be76a	thumb	sub_80BE76A
080be798	thumb	sub_80BE798
080be7bc	thumb	sub_80BE7BC
080be834	thumb	sub_80BE834
080be878	thumb	sub_80BE878
080be8a0	thumb	sub_80BE8A0
080be8ae	thumb	sub_80BE8AE
080be950	thumb	sub_80BE950
080be97a	thumb	sub_80BE97A
080bea10	thumb	sub_80BEA10
080bea50	thumb	sub_80BEA50
080bea78	thumb	sub_80BEA78
080beace	thumb	sub_80BEACE
080beb28	thumb	sub_80BEB28
080beb46	thumb	sub_80BEB46
080beb90	thumb	sub_80BEB90
080bebbc	thumb	sub_80BEBBC
080bebd8	thumb	sub_80BEBD8
080bec40	thumb	sub_80BEC40
080bec68	thumb	sub_80BEC68
080bec84	thumb	sub_80BEC84
080becc6	thumb	sub_80BECC6
080becf0	thumb	sub_80BECF0
080bed0c	thumb	sub_80BED0C
080bedcc	thumb	sub_80BEDCC
080bee04	thumb	sub_80BEE04
080bee62	thumb	sub_80BEE62
080bee80	thumb	sub_80BEE80
080beea2	thumb	sub_80BEEA2
080bef02	thumb	sub_80BEF02
080bef2c	thumb	sub_80BEF2C
080bef48	thumb	sub_80BEF48
080befc0	thumb	sub_80BEFC0
080befe2	thumb	sub_80BEFE2
080bf000	thumb	sub_80BF000
080bf07a	thumb	sub_80BF07A
080bf0f8	thumb	sub_80BF0F8
080bf11a	thumb	sub_80BF11A
080bf160	thumb	sub_80BF160
080bf192	thumb	sub_80BF192
080bf260	thumb	sub_80BF260
080bf284	thumb	sub_80BF284
080bf2d0	thumb	sub_80BF2D0
080bf2fc	thumb	sub_80BF2FC
080bf324	thumb	sub_80BF324
080bf340	thumb	sub_80BF340
080bf38a	thumb	sub_80BF38A
080bf3b0	thumb	sub_80BF3B0
080bf3cc	thumb	sub_80BF3CC
080bf402	thumb	sub_80BF402
080bf428	thumb	sub_80BF428
080bf44a	thumb	sub_80BF44A
080bf464	thumb	sub_80BF464
080bf4a4	thumb	sub_80BF4A4
080bf4d0	thumb	sub_80BF4D0
080bf4ec	thumb	sub_80BF4EC
080bf522	thumb	sub_80BF522
080bf548	thumb	sub_80BF548
080bf56a	thumb	sub_80BF56A
080bf588	thumb	sub_80BF588
080bf5e0	thumb	sub_80BF5E0
080bf67e	thumb	sub_80BF67E
080bf69c	thumb	sub_80BF69C
080bf6ae	thumb	sub_80BF6AE
080bf6ec	thumb	sub_80BF6EC
080bf710	thumb	sub_80BF710
080bf7bc	thumb	sub_80BF7BC
080bf800	thumb	sub_80BF800
080bf81c	thumb	sub_80BF81C
080bf866	thumb	sub_80BF866
080bf888	thumb	sub_80BF888
080bf8a8	thumb	sub_80BF8A8
080bf8da	thumb	sub_80BF8DA
080bf94e	thumb	sub_80BF94E
080bf97c	thumb	sub_80BF97C
080bf9b0	thumb	sub_80BF9B0
080bf9cc	thumb	sub_80BF9CC
080bf9fe	thumb	sub_80BF9FE
080bfa1c	thumb	sub_80BFA1C
080bfa38	thumb	sub_80BFA38
080bfaae	thumb	sub_80BFAAE
080bfad8	thumb	sub_80BFAD8
080bfaf8	thumb	sub_80BFAF8
080bfb74	thumb	sub_80BFB74
080bfbfa	thumb	sub_80BFBFA
080bfc28	thumb	sub_80BFC28
080bfc44	thumb	sub_80BFC44
080bfc94	thumb	sub_80BFC94
080bfcb2	thumb	sub_80BFCB2
080bfcd0	thumb	sub_80BFCD0
080bfd02	thumb	sub_80BFD02
080bfd90	thumb	sub_80BFD90
080bfdfc	thumb	sub_80BFDFC
080bfe24	thumb	sub_80BFE24
080bfe6e	thumb	sub_80BFE6E
080bfe8c	thumb	sub_80BFE8C
080bff00	thumb	sub_80BFF00
080bff28	thumb	sub_80BFF28
080bff34	thumb	sub_80BFF34
080bff3e	thumb	sub_80BFF3E
080bff56	thumb	sub_80BFF56
080bff68	thumb	sub_80BFF68
080bff88	thumb	sub_80BFF88
080bffc0	thumb	sub_80BFFC0
080c0030	thumb	sub_80C0030
080c004c	thumb	sub_80C004C
080c006a	thumb	sub_80C006A
080c006e	thumb	sub_80C006E
080c0072	thumb	sub_80C0072
080c0098	thumb	sub_80C0098
080c00b8	thumb	sub_80C00B8
080c00c2	thumb	sub_80C00C2
080c00ce	thumb	sub_80C00CE
080c00ea	thumb	sub_80C00EA
080c0116	thumb	sub_80C0116
080c0136	thumb	sub_80C0136
080c0144	thumb	sub_80C0144
080c0178	thumb	sub_80C0178
080c0198	thumb	sub_80C0198
080c01d8	thumb	sub_80C01D8
080c023c	thumb	sub_80C023C
080c025c	thumb	sub_80C025C
080c02a6	thumb	sub_80C02A6
080c02be	thumb	sub_80C02BE
080c02ca	thumb	sub_80C02CA
080c02da	thumb	sub_80C02DA
080c02f8	thumb	sub_80C02F8
080c031e	thumb	sub_80C031E
080c0334	thumb	sub_80C0334
080c0358	thumb	sub_80C0358
080c03ae	thumb	sub_80C03AE
080c03d4	thumb	sub_80C03D4
080c0404	thumb	sub_80C0404
080c0448	thumb	sub_80C0448
080c047a	thumb	sub_80C047A
080c0498	thumb	sub_80C0498
080c04a2	thumb	sub_80C04A2
080c04ac	thumb	sub_80C04AC
080c04cc	thumb	sub_80C04CC
080c0526	thumb	sub_80C0526
080c0544	thumb	sub_80C0544
080c0584	thumb	sub_80C0584
080c05c6	thumb	sub_80C05C6
080c060a	thumb	sub_80C060A
080c063c	thumb	sub_80C063C
080c065c	thumb	sub_80C065C
080c0680	thumb	sub_80C0680
080c06bc	thumb	sub_80C06BC
080c06dc	thumb	sub_80C06DC
080c0710	thumb	sub_80C0710
080c072e	thumb	sub_80C072E
080c075e	thumb	sub_80C075E
080c0790	thumb	sub_80C0790
080c07bc	thumb	sub_80C07BC
080c07dc	thumb	sub_80C07DC
080c0840	thumb	sub_80C0840
080c0870	thumb	sub_80C0870
080c088c	thumb	sub_80C088C
080c08ee	thumb	sub_80C08EE
080c0912	thumb	sub_80C0912
080c0938	thumb	sub_80C0938
080c0956	thumb	sub_80C0956
080c0988	thumb	sub_80C0988
080c09c6	thumb	sub_80C09C6
080c0a0e	thumb	sub_80C0A0E
080c0a4c	thumb	sub_80C0A4C
080c0a6c	thumb	sub_80C0A6C
080c0a90	thumb	sub_80C0A90
080c0b4a	thumb	sub_80C0B4A
080c0b76	thumb	sub_80C0B76
080c0b90	thumb	sub_80C0B90
080c0bc2	thumb	sub_80C0BC2
080c0c04	thumb	sub_80C0C04
080c0c20	thumb	sub_80C0C20
080c0c48	thumb	sub_80C0C48
080c0c8c	thumb	sub_80C0C8C
080c0c9a	thumb	sub_80C0C9A
080c0d98	thumb	sub_80C0D98
080c0db0	thumb	sub_80C0DB0
080c0dc2	thumb	sub_80C0DC2
080c0dd8	thumb	sub_80C0DD8
080c0e04	thumb	sub_80C0E04
080c0e24	thumb	sub_80C0E24
080c0ee2	thumb	sub_80C0EE2
080c0f52	thumb	sub_80C0F52
080c0f6c	thumb	sub_80C0F6C
080c0f8c	thumb	sub_80C0F8C
080c0fe8	thumb	sub_80C0FE8
080c1078	thumb	sub_80C1078
080c1094	thumb	sub_80C1094
080c10ac	thumb	sub_80C10AC
080c10c8	thumb	sub_80C10C8
080c10e8	thumb	sub_80C10E8
080c10f2	thumb	sub_80C10F2
080c10fe	thumb	sub_80C10FE
080c114e	thumb	sub_80C114E
080c1182	thumb	sub_80C1182
080c11ac	thumb	sub_80C11AC
080c11cc	thumb	sub_80C11CC
080c1204	thumb	sub_80C1204
080c1268	thumb	sub_80C1268
080c12a6	thumb	sub_80C12A6
080c1320	thumb	sub_80C1320
080c138e	thumb	sub_80C138E
080c13e4	thumb	sub_80C13E4
080c1400	thumb	sub_80C1400
080c1460	thumb	sub_80C1460
080c1466	thumb	sub_80C1466
080c1492	thumb	sub_80C1492
080c14b2	thumb	sub_80C14B2
080c14ec	thumb	sub_80C14EC
080c1514	thumb	sub_80C1514
080c1538	thumb	sub_80C1538
080c1570	thumb	sub_80C1570
080c1590	thumb	sub_80C1590
080c15ec	thumb	sub_80C15EC
080c1610	thumb	sub_80C1610
080c1630	thumb	sub_80C1630
080c166a	thumb	sub_80C166A
080c1698	thumb	sub_80C1698
080c16be	thumb	sub_80C16BE
080c16e0	thumb	sub_80C16E0
080c1734	thumb	sub_80C1734
080c174a	thumb	sub_80C174A
080c1786	thumb	sub_80C1786
080c17b2	thumb	sub_80C17B2
080c17e6	thumb	sub_80C17E6
080c17f4	thumb	sub_80C17F4
080c1820	thumb	sub_80C1820
080c185c	thumb	sub_80C185C
080c188c	thumb	sub_80C188C
080c18b0	thumb	sub_80C18B0
080c1a10	thumb	sub_80C1A10
080c1a34	thumb	sub_80C1A34
080c1a7c	thumb	sub_80C1A7C
080c1ab8	thumb	sub_80C1AB8
080c1aee	thumb	sub_80C1AEE
080c1b2e	thumb	sub_80C1B2E
080c1bc8	thumb	sub_80C1BC8
080c1bec	thumb	sub_80C1BEC
080c1ca0	thumb	sub_80C1CA0
080c1cc4	thumb	sub_80C1CC4
080c1da0	thumb	sub_80C1DA0
080c1dc4	thumb	sub_80C1DC4
080c1e7a	thumb	sub_80C1E7A
080c1eac	thumb	sub_80C1EAC
080c1ece	thumb	sub_80C1ECE
080c1ef4	thumb	sub_80C1EF4
080c2000	thumb	sub_80C2000
080c205c	thumb	sub_80C205C
080c2082	thumb	sub_80C2082
080c20b4	thumb	sub_80C20B4
080c2110	thumb	sub_80C2110
080c2138	thumb	sub_80C2138
080c215c	thumb	sub_80C215C
080c21ac	thumb	sub_80C21AC
080c21e0	thumb	sub_80C21E0
080c2216	thumb	sub_80C2216
080c2256	thumb	sub_80C2256
080c2300	thumb	sub_80C2300
080c2324	thumb	sub_80C2324
080c23cc	thumb	sub_80C23CC
080c23f0	thumb	sub_80C23F0
080c2498	thumb	sub_80C2498
080c24d2	thumb	sub_80C24D2
080c24f4	thumb	sub_80C24F4
080c2518	thumb	sub_80C2518
080c2600	thumb	sub_80C2600
080c2678	thumb	sub_80C2678
080c26a0	thumb	sub_80C26A0
080c26c8	thumb	sub_80C26C8
080c26f0	thumb	sub_80C26F0
080c2710	thumb	sub_80C2710
080c2770	thumb	sub_80C2770
080c2798	thumb	sub_80C2798
080c27b4	thumb	sub_80C27B4
080c2804	thumb	sub_80C2804
080c2854	thumb	sub_80C2854
080c2878	thumb	sub_80C2878
080c290c	thumb	sub_80C290C
080c2934	thumb	sub_80C2934
080c296c	thumb	sub_80C296C
080c29fc	thumb	sub_80C29FC
080c2a2c	thumb	sub_80C2A2C
080c2a3a	thumb	sub_80C2A3A
080c2a4c	thumb	sub_80C2A4C
080c2a78	thumb	sub_80C2A78
080c2a9c	thumb	sub_80C2A9C
080c2af8	thumb	sub_80C2AF8
080c2b20	thumb	sub_80C2B20
080c2b3c	thumb	sub_80C2B3C
080c2b8c	thumb	sub_80C2B8C
080c2be6	thumb	sub_80C2BE6
080c2c14	thumb	sub_80C2C14
080c2cb4	thumb	sub_80C2CB4
080c2d56	thumb	sub_80C2D56
080c2d8c	thumb	sub_80C2D8C
080c2e30	thumb	sub_80C2E30
080c2e6e	thumb	sub_80C2E6E
080c2eb0	thumb	sub_80C2EB0
080c2ec4	thumb	sub_80C2EC4
080c2f40	thumb	sub_80C2F40
080c2f76	thumb	sub_80C2F76
080c2f84	thumb	sub_80C2F84
080c2f96	thumb	sub_80C2F96
080c2fbc	thumb	sub_80C2FBC
080c3000	thumb	sub_80C3000
080c3024	thumb	sub_80C3024
080c30c2	thumb	sub_80C30C2
080c3100	thumb	sub_80C3100
080c314e	thumb	sub_80C314E
080c31b0	thumb	sub_80C31B0
080c31f0	thumb	sub_80C31F0
080c3218	thumb	sub_80C3218
080c323c	thumb	sub_80C323C
080c32b6	thumb	sub_80C32B6
080c32d8	thumb	sub_80C32D8
080c32f4	thumb	sub_80C32F4
080c330e	thumb	sub_80C330E
080c3322	thumb	sub_80C3322
080c3348	thumb	sub_80C3348
080c3368	thumb	sub_80C3368
080c33ae	thumb	sub_80C33AE
080c33ca	thumb	sub_80C33CA
080c3408	thumb	sub_80C3408
080c3448	thumb	sub_80C3448
080c3460	thumb	sub_80C3460
080c34b8	thumb	sub_80C34B8
080c34e0	thumb	sub_80C34E0
080c3504	thumb	sub_80C3504
080c3550	thumb	sub_80C3550
080c3558	thumb	sub_80C3558
080c3584	thumb	sub_80C3584
080c3598	thumb	sub_80C3598
080c35ce	thumb	sub_80C35CE
080c3630	thumb	sub_80C3630
080c364a	thumb	sub_80C364A
080c3678	thumb	sub_80C3678
080c36a0	thumb	sub_80C36A0
080c36ae	thumb	sub_80C36AE
080c3700	thumb	sub_80C3700
080c3710	thumb	sub_80C3710
080c3734	thumb	sub_80C3734
080c3758	thumb	sub_80C3758
080c37ac	thumb	sub_80C37AC
080c37ec	thumb	sub_80C37EC
080c3816	thumb	sub_80C3816
080c383e	thumb	sub_80C383E
080c3852	thumb	sub_80C3852
080c38a0	thumb	sub_80C38A0
080c38ba	thumb	sub_80C38BA
080c38da	thumb	sub_80C38DA
080c3900	thumb	sub_80C3900
080c390e	thumb	sub_80C390E
080c3946	thumb	sub_80C3946
080c3970	thumb	sub_80C3970
080c3994	thumb	sub_80C3994
080c39ba	thumb	sub_80C39BA
080c3a24	thumb	sub_80C3A24
080c3a50	thumb	sub_80C3A50
080c3a78	thumb	sub_80C3A78
080c3a98	thumb	sub_80C3A98
080c3aca	thumb	sub_80C3ACA
080c3b06	thumb	sub_80C3B06
080c3b30	thumb	sub_80C3B30
080c3b54	thumb	sub_80C3B54
080c3bc0	thumb	sub_80C3BC0
080c3c2c	thumb	sub_80C3C2C
080c3ca0	thumb	sub_80C3CA0
080c3cd0	thumb	sub_80C3CD0
080c3ce8	thumb	sub_80C3CE8
080c3d0c	thumb	sub_80C3D0C
080c3d32	thumb	sub_80C3D32
080c3d9c	thumb	sub_80C3D9C
080c3dc8	thumb	sub_80C3DC8
080c3ddc	thumb	sub_80C3DDC
080c3e00	thumb	sub_80C3E00
080c3e2e	thumb	sub_80C3E2E
080c3e46	thumb	sub_80C3E46
080c3e88	thumb	sub_80C3E88
080c3e98	thumb	sub_80C3E98
080c3ebc	thumb	sub_80C3EBC
080c3ee0	thumb	sub_80C3EE0
080c3f00	thumb	sub_80C3F00
080c3f52	thumb	sub_80C3F52
080c4038	thumb	sub_80C4038
080c4072	thumb	sub_80C4072
080c407c	thumb	sub_80C407C
080c4086	thumb	sub_80C4086
080c4090	thumb	sub_80C4090
080c409c	thumb	sub_80C409C
080c40d8	thumb	sub_80C40D8
080c40f8	thumb	sub_80C40F8
080c4146	thumb	sub_80C4146
080c41d8	thumb	sub_80C41D8
080c4204	thumb	sub_80C4204
080c4348	thumb	sub_80C4348
080c4368	thumb	sub_80C4368
080c43c4	thumb	sub_80C43C4
080c4484	thumb	sub_80C4484
080c44a8	thumb	sub_80C44A8
080c44c8	thumb	sub_80C44C8
080c44d2	thumb	sub_80C44D2
080c44e4	thumb	sub_80C44E4
080c44fa	thumb	sub_80C44FA
080c4510	thumb	sub_80C4510
080c451a	thumb	sub_80C451A
080c4526	thumb	sub_80C4526
080c4530	thumb	sub_80C4530
080c4550	thumb	sub_80C4550
080c458c	thumb	sub_80C458C
080c461c	thumb	sub_80C461C
080c464c	thumb	sub_80C464C
080c468c	thumb	sub_80C468C
080c46b0	thumb	sub_80C46B0
080c46b6	thumb	sub_80C46B6
080c46c0	thumb	sub_80C46C0
080c46c6	thumb	sub_80C46C6
080c46cc	thumb	sub_80C46CC
080c46fc	thumb	sub_80C46FC
080c471c	thumb	sub_80C471C
080c4766	thumb	sub_80C4766
080c47ec	thumb	sub_80C47EC
080c481c	thumb	sub_80C481C
080c4828	thumb	sub_80C4828
080c4848	thumb	sub_80C4848
080c48fc	thumb	sub_80C48FC
080c493c	thumb	sub_80C493C
080c4958	thumb	sub_80C4958
080c49a4	thumb	sub_80C49A4
080c49e4	thumb	sub_80C49E4
080c4a52	thumb	sub_80C4A52
080c4a6c	thumb	sub_80C4A6C
080c4aac	thumb	sub_80C4AAC
080c4aec	thumb	sub_80C4AEC
080c4b18	thumb	sub_80C4B18
080c4b48	thumb	sub_80C4B48
080c4b84	thumb	sub_80C4B84
080c4c12	thumb	sub_80C4C12
080c4c3a	thumb	sub_80C4C3A
080c4c46	thumb	sub_80C4C46
080c4c4c	thumb	sub_80C4C4C
080c4c52	thumb	sub_80C4C52
080c4e58	thumb	sub_80C4E58
080c4e7c	thumb	sub_80C4E7C
080c4f02	thumb	sub_80C4F02
080c4ffe	thumb	sub_80C4FFE
080c5014	thumb	sub_80C5014
080c5050	thumb	sub_80C5050
080c5090	thumb	sub_80C5090
080c50b8	thumb	sub_80C50B8
080c50dc	thumb	sub_80C50DC
080c5116	thumb	sub_80C5116
080c5176	thumb	sub_80C5176
080c518c	thumb	sub_80C518C
080c51ac	thumb	sub_80C51AC
080c51cc	thumb	sub_80C51CC
080c524c	thumb	sub_80C524C
080c529a	thumb	sub_80C529A
080c52b0	thumb	sub_80C52B0
080c52d0	thumb	sub_80C52D0
080c532e	thumb	sub_80C532E
080c536a	thumb	object_spawnCollisionRegion
080c53a6	thumb	sub_80C53A6
080c53c0	thumb	sub_80C53C0
080c53e4	thumb	sub_80C53E4
080c53fa	thumb	sub_80C53FA
080c54e0	thumb	sub_80C54E0
080c552a	thumb	sub_80C552A
080c5578	thumb	sub_80C5578
080c5590	thumb	sub_80C5590
080c55b0	thumb	sub_80C55B0
080c55d4	thumb	sub_80C55D4
080c55e4	thumb	sub_80C55E4
080c5654	thumb	sub_80C5654
080c56b4	thumb	sub_80C56B4
080c5760	thumb	sub_80C5760
080c579e	thumb	sub_80C579E
080c57c0	thumb	sub_80C57C0
080c57e4	thumb	sub_80C57E4
080c57f4	thumb	sub_80C57F4
080c5886	thumb	sub_80C5886
080c58e0	thumb	sub_80C58E0
080c59b6	thumb	sub_80C59B6
080c59f6	thumb	sub_80C59F6
080c5a34	thumb	sub_80C5A34
080c5a58	thumb	sub_80C5A58
080c5ad4	thumb	sub_80C5AD4
080c5b40	thumb	sub_80C5B40
080c5b76	thumb	sub_80C5B76
080c5bb0	thumb	sub_80C5BB0
080c5bd4	thumb	sub_80C5BD4
080c5c40	thumb	sub_80C5C40
080c5c9c	thumb	sub_80C5C9C
080c5d84	thumb	sub_80C5D84
080c5dbc	thumb	sub_80C5DBC
080c5ddc	thumb	sub_80C5DDC
080c5e00	thumb	sub_80C5E00
080c5e44	thumb	sub_80C5E44
080c5e84	thumb	sub_80C5E84
080c5f0c	thumb	sub_80C5F0C
080c5f2c	thumb	sub_80C5F2C
080c5f4a	thumb	sub_80C5F4A
080c5f60	thumb	sub_80C5F60
080c5f84	thumb	sub_80C5F84
080c5fde	thumb	sub_80C5FDE
080c6018	thumb	sub_80C6018
080c60a8	thumb	sub_80C60A8
080c60cc	thumb	sub_80C60CC
080c619c	thumb	sub_80C619C
080c6248	thumb	sub_80C6248
080c6264	thumb	sub_80C6264
080c6280	thumb	sub_80C6280
080c62a0	thumb	sub_80C62A0
080c62b0	thumb	sub_80C62B0
080c62f8	thumb	sub_80C62F8
080c6330	thumb	sub_80C6330
080c6358	thumb	sub_80C6358
080c63ae	thumb	sub_80C63AE
080c6414	thumb	sub_80C6414
080c6438	thumb	sub_80C6438
080c647c	thumb	sub_80C647C
080c64a0	thumb	sub_80C64A0
080c6524	thumb	sub_80C6524
080c6536	thumb	sub_80C6536
080c6548	thumb	sub_80C6548
080c6580	thumb	sub_80C6580
080c65a0	thumb	sub_80C65A0
080c65ee	thumb	sub_80C65EE
080c6650	thumb	sub_80C6650
080c667c	thumb	sub_80C667C
080c6698	thumb	sub_80C6698
080c66e4	thumb	sub_80C66E4
080c6726	thumb	sub_80C6726
080c673a	thumb	sub_80C673A
080c6774	thumb	sub_80C6774
080c67a4	thumb	sub_80C67A4
080c67d8	thumb	sub_80C67D8
080c67f8	thumb	sub_80C67F8
080c681c	thumb	sub_80C681C
080c6854	thumb	sub_80C6854
080c68b0	thumb	sub_80C68B0
080c6946	thumb	sub_80C6946
080c6964	thumb	sub_80C6964
080c69ac	thumb	sub_80C69AC
080c6a08	thumb	sub_80C6A08
080c6a34	thumb	sub_80C6A34
080c6a50	thumb	sub_80C6A50
080c6aac	thumb	sub_80C6AAC
080c6ab8	thumb	sub_80C6AB8
080c6ada	thumb	sub_80C6ADA
080c6b40	thumb	sub_80C6B40
080c6b64	thumb	sub_80C6B64
080c6c14	thumb	sub_80C6C14
080c6c6a	thumb	sub_80C6C6A
080c6cba	thumb	sub_80C6CBA
080c6ce4	thumb	sub_80C6CE4
080c6cfc	thumb	sub_80C6CFC
080c6d1e	thumb	sub_80C6D1E
080c6dcc	thumb	sub_80C6DCC
080c6dfc	thumb	sub_80C6DFC
080c6e50	thumb	sub_80C6E50
080c6e90	thumb	sub_80C6E90
080c6ee0	thumb	sub_80C6EE0
080c6f08	thumb	sub_80C6F08
080c6f50	thumb	sub_80C6F50
080c6fc8	thumb	sub_80C6FC8
080c7030	thumb	sub_80C7030
080c7074	thumb	sub_80C7074
080c7098	thumb	sub_80C7098
080c70d8	thumb	sub_80C70D8
080c7114	thumb	sub_80C7114
080c7132	thumb	sub_80C7132
080c71a4	thumb	sub_80C71A4
080c71c4	thumb	sub_80C71C4
080c7250	thumb	sub_80C7250
080c72b0	thumb	sub_80C72B0
080c72bc	thumb	sub_80C72BC
080c72dc	thumb	sub_80C72DC
080c7306	thumb	sub_80C7306
080c734e	thumb	sub_80C734E
080c7382	thumb	sub_80C7382
080c73be	thumb	sub_80C73BE
080c740c	thumb	sub_80C740C
080c742c	thumb	sub_80C742C
080c7450	thumb	sub_80C7450
080c7484	thumb	sub_80C7484
080c7524	thumb	sub_80C7524
080c7530	thumb	sub_80C7530
080c7544	thumb	sub_80C7544
080c7572	thumb	sub_80C7572
080c758e	thumb	sub_80C758E
080c761c	thumb	sub_80C761C
080c7632	thumb	sub_80C7632
080c76b8	thumb	sub_80C76B8
080c776c	thumb	sub_80C776C
080c780c	thumb	sub_80C780C
080c78dc	thumb	sub_80C78DC
080c78f8	thumb	sub_80C78F8
080c791e	thumb	sub_80C791E
080c793c	thumb	sub_80C793C
080c795c	thumb	sub_80C795C
080c7980	thumb	sub_80C7980
080c79bc	thumb	sub_80C79BC
080c7a06	thumb	sub_80C7A06
080c7a20	thumb	sub_80C7A20
080c7a58	thumb	sub_80C7A58
080c7a6c	thumb	sub_80C7A6C
080c7a94	thumb	sub_80C7A94
080c7b88	thumb	sub_80C7B88
080c7bcc	thumb	sub_80C7BCC
080c7c18	thumb	sub_80C7C18
080c7c3c	thumb	sub_80C7C3C
080c7cc0	thumb	sub_80C7CC0
080c7d08	thumb	sub_80C7D08
080c7d50	thumb	sub_80C7D50
080c7d78	thumb	sub_80C7D78
080c7d98	thumb	sub_80C7D98
080c7e24	thumb	sub_80C7E24
080c7e6c	thumb	sub_80C7E6C
080c7ec8	thumb	sub_80C7EC8
080c7f20	thumb	sub_80C7F20
080c7f40	thumb	sub_80C7F40
080c7f64	thumb	sub_80C7F64
080c7fdc	thumb	sub_80C7FDC
080c802c	thumb	sub_80C802C
080c8070	thumb	sub_80C8070
080c8098	thumb	sub_80C8098
080c80b8	thumb	sub_80C80B8
080c8100	thumb	sub_80C8100
080c8144	thumb	sub_80C8144
080c81a6	thumb	sub_80C81A6
080c81cc	thumb	sub_80C81CC
080c81f0	thumb	sub_80C81F0
080c8232	thumb	sub_80C8232
080c8268	thumb	sub_80C8268
080c829c	thumb	sub_80C829C
080c82a8	thumb	sub_80C82A8
080c82d0	thumb	sub_80C82D0
080c8310	thumb	sub_80C8310
080c832e	thumb	sub_80C832E
080c8368	thumb	sub_80C8368
080c8388	thumb	sub_80C8388
080c83b8	thumb	sub_80C83B8
080c8498	thumb	sub_80C8498
080c84e0	thumb	sub_80C84E0
080c8514	thumb	sub_80C8514
080c853c	thumb	sub_80C853C
080c856c	thumb	sub_80C856C
080c85c0	thumb	sub_80C85C0
080c85f4	thumb	sub_80C85F4
080c8660	thumb	sub_80C8660
080c86b0	thumb	sub_80C86B0
080c8708	thumb	sub_80C8708
080c876c	thumb	sub_80C876C
080c87b8	thumb	sub_80C87B8
080c87dc	thumb	sub_80C87DC
080c8806	thumb	sub_80C8806
080c882c	thumb	sub_80C882C
080c8850	thumb	sub_80C8850
080c8892	thumb	sub_80C8892
080c88c8	thumb	sub_80C88C8
080c89a4	thumb	sub_80C89A4
080c89ac	thumb	sub_80C89AC
080c89c8	thumb	sub_80C89C8
080c8a60	thumb	sub_80C8A60
080c8a7a	thumb	sub_80C8A7A
080c8aa4	thumb	sub_80C8AA4
080c8ac8	thumb	sub_80C8AC8
080c8b3e	thumb	sub_80C8B3E
080c8b80	thumb	sub_80C8B80
080c8c44	thumb	sub_80C8C44
080c8c4c	thumb	sub_80C8C4C
080c8c74	thumb	sub_80C8C74
080c8ca4	thumb	sub_80C8CA4
080c8d10	thumb	sub_80C8D10
080c8d64	thumb	sub_80C8D64
080c8d8e	thumb	sub_80C8D8E
080c8dbc	thumb	sub_80C8DBC
080c8de0	thumb	sub_80C8DE0
080c8e08	thumb	sub_80C8E08
080c8e2c	thumb	sub_80C8E2C
080c8e6e	thumb	sub_80C8E6E
080c8eac	thumb	sub_80C8EAC
080c8ed0	thumb	sub_80C8ED0
080c8f14	thumb	sub_80C8F14
080c8f60	thumb	sub_80C8F60
080c8f74	thumb	sub_80C8F74
080c8fa0	thumb	sub_80C8FA0
080c8fdc	thumb	sub_80C8FDC
080c8ffc	thumb	sub_80C8FFC
080c9024	thumb	sub_80C9024
080c9074	thumb	sub_80C9074
080c90dc	thumb	sub_80C90DC
080c913c	thumb	sub_80C913C
080c9184	thumb	sub_80C9184
080c91a0	thumb	sub_80C91A0
080c91c4	thumb	sub_80C91C4
080c91fe	thumb	sub_80C91FE
080c9238	thumb	sub_80C9238
080c92cc	thumb	sub_80C92CC
080c92f4	thumb	sub_80C92F4
080c9360	thumb	sub_80C9360
080c93cc	thumb	sub_80C93CC
080c93f0	thumb	sub_80C93F0
080c940c	thumb	sub_80C940C
080c94bc	thumb	sub_80C94BC
080c950c	thumb	sub_80C950C
080c954c	thumb	sub_80C954C
080c956c	thumb	sub_80C956C
080c95ec	thumb	sub_80C95EC
080c9620	thumb	sub_80C9620
080c9640	thumb	sub_80C9640
080c96a0	thumb	sub_80C96A0
080c96c8	thumb	sub_80C96C8
080c9726	thumb	sub_80C9726
080c9774	thumb	sub_80C9774
080c97b4	thumb	sub_80C97B4
080c97e0	thumb	sub_80C97E0
080c980c	thumb	nullsub_101
080c980e	thumb	nullsub_102
080c9810	thumb	nullsub_93
080c9814	thumb	nullsub_94
080c9816	thumb	nullsub_95
080c9824	thumb	sub_80C9824
080c9848	thumb	sub_80C9848
080c98dc	thumb	sub_80C98DC
080c9964	thumb	sub_80C9964
080c9a58	thumb	sub_80C9A58
080c9aaa	thumb	sub_80C9AAA
080c9b36	thumb	sub_80C9B36
080c9b64	thumb	sub_80C9B64
080c9ba4	thumb	sub_80C9BA4
080c9bc4	thumb	sub_80C9BC4
080c9be8	thumb	sub_80C9BE8
080c9c5c	thumb	sub_80C9C5C
080c9ca2	thumb	sub_80C9CA2
080c9cc4	thumb	sub_80C9CC4
080c9cda	thumb	sub_80C9CDA
080c9d00	thumb	sub_80C9D00
080c9d24	thumb	sub_80C9D24
080c9d9e	thumb	sub_80C9D9E
080c9de0	thumb	sub_80C9DE0
080c9e20	thumb	sub_80C9E20
080c9e88	thumb	sub_80C9E88
080c9ea6	thumb	sub_80C9EA6
080c9ece	thumb	sub_80C9ECE
080c9ee6	thumb	sub_80C9EE6
080c9f18	thumb	sub_80C9F18
080c9f78	thumb	sub_80C9F78
080c9f98	thumb	sub_80C9F98
080ca074	thumb	sub_80CA074
080ca0b0	thumb	sub_80CA0B0
080ca0e2	thumb	sub_80CA0E2
080ca104	thumb	sub_80CA104
080ca19e	thumb	sub_80CA19E
080ca234	thumb	sub_80CA234
080ca2a8	thumb	sub_80CA2A8
080ca2cc	thumb	sub_80CA2CC
080ca2d4	thumb	sub_80CA2D4
080ca3a0	thumb	sub_80CA3A0
080ca408	thumb	sub_80CA408
080ca4d8	thumb	sub_80CA4D8
080ca4f6	thumb	sub_80CA4F6
080ca510	thumb	sub_80CA510
080ca544	thumb	sub_80CA544
080ca568	thumb	sub_80CA568
080ca61a	thumb	sub_80CA61A
080ca686	thumb	sub_80CA686
080ca69c	thumb	sub_80CA69C
080ca6b8	thumb	sub_80CA6B8
080ca6d8	thumb	sub_80CA6D8
080ca7ac	thumb	sub_80CA7AC
080ca834	thumb	sub_80CA834
080ca88e	thumb	sub_80CA88E
080ca8e2	thumb	sub_80CA8E2
080ca90e	thumb	sub_80CA90E
080ca938	thumb	sub_80CA938
080ca95c	thumb	sub_80CA95C
080ca9ca	thumb	sub_80CA9CA
080caa2c	thumb	sub_80CAA2C
080cab14	thumb	sub_80CAB14
080cab28	thumb	sub_80CAB28
080cab44	thumb	sub_80CAB44
080cab68	thumb	sub_80CAB68
080cab88	thumb	sub_80CAB88
080cab90	thumb	sub_80CAB90
080cabd0	thumb	sub_80CABD0
080cac00	thumb	sub_80CAC00
080cac44	thumb	sub_80CAC44
080cac58	thumb	sub_80CAC58
080cac82	thumb	sub_80CAC82
080cad14	thumb	sub_80CAD14
080cad28	thumb	sub_80CAD28
080cad4c	thumb	sub_80CAD4C
080cade0	thumb	sub_80CADE0
080cae28	thumb	sub_80CAE28
080cae94	thumb	sub_80CAE94
080caec0	thumb	sub_80CAEC0
080caec8	thumb	sub_80CAEC8
080caef0	thumb	sub_80CAEF0
080caf14	thumb	sub_80CAF14
080caf9c	thumb	sub_80CAF9C
080cafc8	thumb	sub_80CAFC8
080cb078	thumb	sub_80CB078
080cb080	thumb	sub_80CB080
080cb0ae	thumb	sub_80CB0AE
080cb0dc	thumb	sub_80CB0DC
080cb10c	thumb	sub_80CB10C
080cb154	thumb	sub_80CB154
080cb184	thumb	sub_80CB184
080cb1da	thumb	sub_80CB1DA
080cb1e2	thumb	sub_80CB1E2
080cb208	thumb	sub_80CB208
080cb248	thumb	sub_80CB248
080cb284	thumb	sub_80CB284
080cb2a8	thumb	sub_80CB2A8
080cb368	thumb	sub_80CB368
080cb3a0	thumb	sub_80CB3A0
080cb3fc	thumb	sub_80CB3FC
080cb410	thumb	sub_80CB410
080cb434	thumb	sub_80CB434
080cb45c	thumb	sub_80CB45C
080cb49c	thumb	sub_80CB49C
080cb4c0	thumb	sub_80CB4C0
080cb4d4	thumb	sub_80CB4D4
080cb5b4	thumb	sub_80CB5B4
080cb628	thumb	sub_80CB628
080cb686	thumb	sub_80CB686
080cb6b0	thumb	sub_80CB6B0
080cb6ca	thumb	sub_80CB6CA
080cb6f8	thumb	sub_80CB6F8
080cb71c	thumb	sub_80CB71C
080cb762	thumb	sub_80CB762
080cb7bc	thumb	sub_80CB7BC
080cb898	thumb	sub_80CB898
080cb8de	thumb	sub_80CB8DE
080cb900	thumb	sub_80CB900
080cb924	thumb	sub_80CB924
080cb964	thumb	sub_80CB964
080cb9e2	thumb	sub_80CB9E2
080cba34	thumb	sub_80CBA34
080cba52	thumb	sub_80CBA52
080cbab8	thumb	sub_80CBAB8
080cbaf2	thumb	sub_80CBAF2
080cbafa	thumb	sub_80CBAFA
080cbb44	thumb	sub_80CBB44
080cbb64	thumb	sub_80CBB64
080cbb76	thumb	sub_80CBB76
080cbc38	thumb	sub_80CBC38
080cbcb0	thumb	sub_80CBCB0
080cbcf4	thumb	sub_80CBCF4
080cbd10	thumb	sub_80CBD10
080cbd32	thumb	sub_80CBD32
080cbde6	thumb	sub_80CBDE6
080cbe4a	thumb	sub_80CBE4A
080cbe82	thumb	sub_80CBE82
080cbf04	thumb	sub_80CBF04
080cbf54	thumb	sub_80CBF54
080cbf8c	thumb	sub_80CBF8C
080cbfae	thumb	sub_80CBFAE
080cc006	thumb	sub_80CC006
080cc044	thumb	sub_80CC044
080cc064	thumb	sub_80CC064
080cc090	thumb	sub_80CC090
080cc0b2	thumb	sub_80CC0B2
080cc0e8	thumb	sub_80CC0E8
080cc110	thumb	sub_80CC110
080cc1a0	thumb	sub_80CC1A0
080cc208	thumb	sub_80CC208
080cc23e	thumb	sub_80CC23E
080cc260	thumb	sub_80CC260
080cc29e	thumb	sub_80CC29E
080cc36c	thumb	sub_80CC36C
080cc3b8	thumb	sub_80CC3B8
080cc3dc	thumb	sub_80CC3DC
080cc400	thumb	sub_80CC400
080cc428	thumb	sub_80CC428
080cc43a	thumb	sub_80CC43A
080cc472	thumb	sub_80CC472
080cc486	thumb	sub_80CC486
080cc4c4	thumb	sub_80CC4C4
080cc4ec	thumb	sub_80CC4EC
080cc562	thumb	sub_80CC562
080cc584	thumb	sub_80CC584
080cc5a8	thumb	sub_80CC5A8
080cc5c8	thumb	sub_80CC5C8
080cc668	thumb	sub_80CC668
080cc6e8	thumb	sub_80CC6E8
080cc73c	thumb	sub_80CC73C
080cc76c	thumb	sub_80CC76C
080cc790	thumb	sub_80CC790
080cc800	thumb	sub_80CC800
080cc868	thumb	sub_80CC868
080cc892	thumb	sub_80CC892
080cc8ba	thumb	sub_80CC8BA
080cc918	thumb	sub_80CC918
080cc944	thumb	sub_80CC944
080cc964	thumb	sub_80CC964
080cc9aa	thumb	sub_80CC9AA
080cc9fc	thumb	sub_80CC9FC
080cca40	thumb	sub_80CCA40
080cca60	thumb	sub_80CCA60
080ccab8	thumb	sub_80CCAB8
080ccaf4	thumb	sub_80CCAF4
080ccbd0	thumb	sub_80CCBD0
080ccbdc	thumb	sub_80CCBDC
080ccbf6	thumb	sub_80CCBF6
080ccc1e	thumb	sub_80CCC1E
080ccc26	thumb	sub_80CCC26
080ccc48	thumb	sub_80CCC48
080ccc68	thumb	sub_80CCC68
080cccbc	thumb	sub_80CCCBC
080ccce0	thumb	sub_80CCCE0
080ccd24	thumb	sub_80CCD24
080ccd30	thumb	sub_80CCD30
080ccd42	thumb	sub_80CCD42
080ccd4a	thumb	sub_80CCD4A
080ccd70	thumb	sub_80CCD70
080ccd94	thumb	sub_80CCD94
080ccdfc	thumb	sub_80CCDFC
080cce64	thumb	sub_80CCE64
080cceac	thumb	sub_80CCEAC
080cced0	thumb	sub_80CCED0
080ccf88	thumb	sub_80CCF88
080ccfac	thumb	sub_80CCFAC
080ccfdc	thumb	sub_80CCFDC
080ccffc	thumb	sub_80CCFFC
080cd08c	thumb	sub_80CD08C
080cd0e0	thumb	sub_80CD0E0
080cd0f8	thumb	sub_80CD0F8
080cd114	thumb	sub_80CD114
080cd12c	thumb	sub_80CD12C
080cd144	thumb	sub_80CD144
080cd160	thumb	sub_80CD160
080cd1ae	thumb	sub_80CD1AE
080cd1be	thumb	sub_80CD1BE
080cd236	thumb	sub_80CD236
080cd26c	thumb	sub_80CD26C
080cd2b4	thumb	sub_80CD2B4
080cd2ec	thumb	sub_80CD2EC
080cd310	thumb	sub_80CD310
080cd3b0	thumb	sub_80CD3B0
080cd414	thumb	sub_80CD414
080cd488	thumb	sub_80CD488
080cd4ac	thumb	sub_80CD4AC
080cd4ec	thumb	sub_80CD4EC
080cd50c	thumb	sub_80CD50C
080cd5f8	thumb	sub_80CD5F8
080cd654	thumb	sub_80CD654
080cd6fc	thumb	sub_80CD6FC
080cd700	thumb	sub_80CD700
080cd78e	thumb	sub_80CD78E
080cd7a0	thumb	sub_80CD7A0
080cd7d0	thumb	sub_80CD7D0
080cd830	thumb	sub_80CD830
080cd858	thumb	sub_80CD858
080cd886	thumb	sub_80CD886
080cd8ec	thumb	sub_80CD8EC
080cd90c	thumb	sub_80CD90C
080cd91e	thumb	sub_80CD91E
080cd9ca	thumb	sub_80CD9CA
080cda1c	thumb	sub_80CDA1C
080cdad8	thumb	sub_80CDAD8
080cdafc	thumb	sub_80CDAFC
080cdb2c	thumb	sub_80CDB2C
080cdb50	thumb	sub_80CDB50
080cdb80	thumb	sub_80CDB80
080cdbac	thumb	sub_80CDBAC
080cdbe8	thumb	sub_80CDBE8
080cdc7c	thumb	sub_80CDC7C
080cdcbc	thumb	sub_80CDCBC
080cdd44	thumb	sub_80CDD44
080cdd64	thumb	sub_80CDD64
080cddfc	thumb	sub_80CDDFC
080cde44	thumb	sub_80CDE44
080cde68	thumb	sub_80CDE68
080cdec8	thumb	sub_80CDEC8
080cdef8	thumb	sub_80CDEF8
080cdf18	thumb	sub_80CDF18
080cdf60	thumb	sub_80CDF60
080cdf84	thumb	sub_80CDF84
080cdfa4	thumb	sub_80CDFA4
080cdfee	thumb	sub_80CDFEE
080ce034	thumb	sub_80CE034
080ce05e	thumb	sub_80CE05E
080ce0a4	thumb	sub_80CE0A4
080ce0ec	thumb	sub_80CE0EC
080ce118	thumb	sub_80CE118
080ce138	thumb	sub_80CE138
080ce178	thumb	sub_80CE178
080ce198	thumb	sub_80CE198
080ce1d6	thumb	sub_80CE1D6
080ce21c	thumb	sub_80CE21C
080ce224	thumb	sub_80CE224
080ce24c	thumb	sub_80CE24C
080ce270	thumb	sub_80CE270
080ce2b4	thumb	sub_80CE2B4
080ce308	thumb	sub_80CE308
080ce3c4	thumb	sub_80CE3C4
080ce424	thumb	sub_80CE424
080ce44e	thumb	sub_80CE44E
080ce468	thumb	sub_80CE468
080ce530	thumb	sub_80CE530
080ce554	thumb	sub_80CE554
080ce5f0	thumb	sub_80CE5F0
080ce64c	thumb	sub_80CE64C
080ce690	thumb	sub_80CE690
080ce6e6	thumb	sub_80CE6E6
080ce70c	thumb	sub_80CE70C
080ce730	thumb	sub_80CE730
080ce782	thumb	sub_80CE782
080ce7c4	thumb	sub_80CE7C4
080ce7ee	thumb	sub_80CE7EE
080ce81c	thumb	sub_80CE81C
080ce83c	thumb	sub_80CE83C
080ce87c	thumb	sub_80CE87C
080ce8d8	thumb	sub_80CE8D8
080ce8f4	thumb	sub_80CE8F4
080ce932	thumb	sub_80CE932
080ce9a4	thumb	sub_80CE9A4
080ce9cc	thumb	sub_80CE9CC
080ce9dc	thumb	sub_80CE9DC
080cea0a	thumb	sub_80CEA0A
080cea24	thumb	sub_80CEA24
080cea42	thumb	sub_80CEA42
080cea88	thumb	sub_80CEA88
080ceaa2	thumb	sub_80CEAA2
080ceac2	thumb	sub_80CEAC2
080ceaee	thumb	sub_80CEAEE
080ceb00	thumb	sub_80CEB00
080ceb24	thumb	sub_80CEB24
080ceb66	thumb	sub_80CEB66
080ceb9c	thumb	sub_80CEB9C
080cebbe	thumb	sub_80CEBBE
080cec1a	thumb	sub_80CEC1A
080cec7c	thumb	sub_80CEC7C
080ced58	thumb	sub_80CED58
080ced78	thumb	sub_80CED78
080cee38	thumb	sub_80CEE38
080cee78	thumb	sub_80CEE78
080cee9c	thumb	sub_80CEE9C
080cef0a	thumb	sub_80CEF0A
080cef5c	thumb	sub_80CEF5C
080cef90	thumb	sub_80CEF90
080ceffc	thumb	sub_80CEFFC
080cf030	thumb	sub_80CF030
080cf058	thumb	sub_80CF058
080cf080	thumb	sub_80CF080
080cf0d0	thumb	sub_80CF0D0
080cf0f0	thumb	sub_80CF0F0
080cf18c	thumb	sub_80CF18C
080cf1dc	thumb	sub_80CF1DC
080cf250	thumb	sub_80CF250
080cf2b4	thumb	sub_80CF2B4
080cf324	thumb	sub_80CF324
080cf332	thumb	sub_80CF332
080cf374	thumb	sub_80CF374
080cf3be	thumb	sub_80CF3BE
080cf3dc	thumb	sub_80CF3DC
080cf488	thumb	sub_80CF488
080cf4c8	thumb	sub_80CF4C8
080cf4e6	thumb	sub_80CF4E6
080cf554	thumb	sub_80CF554
080cf594	thumb	sub_80CF594
080cf5b2	thumb	sub_80CF5B2
080cf5c8	thumb	sub_80CF5C8
080cf5ec	thumb	sub_80CF5EC
080cf658	thumb	sub_80CF658
080cf700	thumb	sub_80CF700
080cf76c	thumb	sub_80CF76C
080cf778	thumb	sub_80CF778
080cf7a4	thumb	sub_80CF7A4
080cf7f0	thumb	sub_80CF7F0
080cf810	thumb	sub_80CF810
080cf8b0	thumb	sub_80CF8B0
080cf8f8	thumb	sub_80CF8F8
080cf91e	thumb	sub_80CF91E
080cf954	thumb	sub_80CF954
080cf974	thumb	sub_80CF974
080cfa18	thumb	sub_80CFA18
080cfa6c	thumb	sub_80CFA6C
080cfac0	thumb	sub_80CFAC0
080cfb28	thumb	sub_80CFB28
080cfb2c	thumb	sub_80CFB2C
080cfbc4	thumb	sub_80CFBC4
080cfc08	thumb	sub_80CFC08
080cfc28	thumb	sub_80CFC28
080cfc5e	thumb	sub_80CFC5E
080cfc96	thumb	sub_80CFC96
080cfca8	thumb	sub_80CFCA8
080cfcd6	thumb	sub_80CFCD6
080cfcf8	thumb	sub_80CFCF8
080cfd1c	thumb	sub_80CFD1C
080cfd64	thumb	sub_80CFD64
080cfd80	thumb	sub_80CFD80
080cfdb0	thumb	sub_80CFDB0
080cfdf2	thumb	sub_80CFDF2
080cfe08	thumb	sub_80CFE08
080cfe5c	thumb	sub_80CFE5C
080cfec4	thumb	sub_80CFEC4
080cfee4	thumb	sub_80CFEE4
080cff62	thumb	sub_80CFF62
080cffb0	thumb	sub_80CFFB0
080cffbc	thumb	sub_80CFFBC
080d0026	thumb	sub_80D0026
080d0044	thumb	sub_80D0044
080d006e	thumb	sub_80D006E
080d008c	thumb	sub_80D008C
080d00a0	thumb	sub_80D00A0
080d00c4	thumb	sub_80D00C4
080d0132	thumb	sub_80D0132
080d0168	thumb	sub_80D0168
080d01bc	thumb	sub_80D01BC
080d01c8	thumb	sub_80D01C8
080d01fe	thumb	sub_80D01FE
080d020e	thumb	sub_80D020E
080d0230	thumb	sub_80D0230
080d0268	thumb	sub_80D0268
080d028c	thumb	sub_80D028C
080d02d6	thumb	sub_80D02D6
080d0310	thumb	sub_80D0310
080d033c	thumb	sub_80D033C
080d035c	thumb	sub_80D035C
080d036c	thumb	sub_80D036C
080d0394	thumb	sub_80D0394
080d03b8	thumb	sub_80D03B8
080d0454	thumb	sub_80D0454
080d0498	thumb	sub_80D0498
080d04d2	thumb	sub_80D04D2
080d04da	thumb	sub_80D04DA
080d0500	thumb	sub_80D0500
080d0524	thumb	sub_80D0524
080d0566	thumb	sub_80D0566
080d0590	thumb	sub_80D0590
080d05c4	thumb	sub_80D05C4
080d05ec	thumb	sub_80D05EC
080d0610	thumb	sub_80D0610
080d0634	thumb	sub_80D0634
080d072c	thumb	sub_80D072C
080d0766	thumb	sub_80D0766
080d07a0	thumb	sub_80D07A0
080d07cc	thumb	sub_80D07CC
080d07fc	thumb	sub_80D07FC
080d0868	thumb	sub_80D0868
080d08cc	thumb	sub_80D08CC
080d0916	thumb	sub_80D0916
080d0952	thumb	sub_80D0952
080d0996	thumb	sub_80D0996
080d09be	thumb	sub_80D09BE
080d0a5c	thumb	sub_80D0A5C
080d0a80	thumb	sub_80D0A80
080d0aa8	thumb	sub_80D0AA8
080d0ac8	thumb	sub_80D0AC8
080d0b0e	thumb	sub_80D0B0E
080d0b54	thumb	sub_80D0B54
080d0bd4	thumb	sub_80D0BD4
080d0c1c	thumb	sub_80D0C1C
080d0c24	thumb	sub_80D0C24
080d0c5c	thumb	sub_80D0C5C
080d0c7c	thumb	sub_80D0C7C
080d0cb4	thumb	sub_80D0CB4
080d0ce0	thumb	sub_80D0CE0
080d0d28	thumb	sub_80D0D28
080d0d7c	thumb	sub_80D0D7C
080d0dac	thumb	sub_80D0DAC
080d0e14	thumb	sub_80D0E14
080d0e64	thumb	sub_80D0E64
080d0e9e	thumb	sub_80D0E9E
080d0f0c	thumb	sub_80D0F0C
080d0f32	thumb	sub_80D0F32
080d0f8c	thumb	sub_80D0F8C
080d0fb0	thumb	sub_80D0FB0
080d102e	thumb	sub_80D102E
080d1094	thumb	sub_80D1094
080d10b8	thumb	sub_80D10B8
080d1106	thumb	sub_80D1106
080d1136	thumb	sub_80D1136
080d1182	thumb	sub_80D1182
080d11b4	thumb	sub_80D11B4
080d11fc	thumb	sub_80D11FC
080d1218	thumb	sub_80D1218
080d123c	thumb	sub_80D123C
080d124e	thumb	sub_80D124E
080d12ca	thumb	sub_80D12CA
080d1394	thumb	sub_80D1394
080d13f6	thumb	sub_80D13F6
080d141a	thumb	sub_80D141A
080d142c	thumb	sub_80D142C
080d1442	thumb	sub_80D1442
080d146a	thumb	sub_80D146A
080d149e	thumb	sub_80D149E
080d1514	thumb	sub_80D1514
080d1538	thumb	sub_80D1538
080d15a4	thumb	sub_80D15A4
080d15e4	thumb	sub_80D15E4
080d1610	thumb	sub_80D1610
080d16d6	thumb	sub_80D16D6
080d1700	thumb	sub_80D1700
080d172c	thumb	sub_80D172C
080d1784	thumb	sub_80D1784
080d17a4	thumb	sub_80D17A4
080d17c8	thumb	sub_80D17C8
080d1860	thumb	sub_80D1860
080d18ae	thumb	sub_80D18AE
080d18d8	thumb	sub_80D18D8
080d18f8	thumb	sub_80D18F8
080d1934	thumb	sub_80D1934
080d19c0	thumb	sub_80D19C0
080d19d4	thumb	sub_80D19D4
080d1a00	thumb	sub_80D1A00
080d1a08	thumb	sub_80D1A08
080d1a28	thumb	sub_80D1A28
080d1a64	thumb	sub_80D1A64
080d1ab0	thumb	sub_80D1AB0
080d1ad2	thumb	sub_80D1AD2
080d1b22	thumb	sub_80D1B22
080d1b48	thumb	sub_80D1B48
080d1b68	thumb	sub_80D1B68
080d1b9a	thumb	sub_80D1B9A
080d1bf4	thumb	sub_80D1BF4
080d1c20	thumb	sub_80D1C20
080d1c44	thumb	sub_80D1C44
080d1c5a	thumb	sub_80D1C5A
080d1d14	thumb	sub_80D1D14
080d1d90	thumb	sub_80D1D90
080d1dee	thumb	sub_80D1DEE
080d1e08	thumb	sub_80D1E08
080d1e32	thumb	sub_80D1E32
080d1e7e	thumb	sub_80D1E7E
080d1eb8	thumb	sub_80D1EB8
080d1ee8	thumb	sub_80D1EE8
080d1ef2	thumb	sub_80D1EF2
080d1f0e	thumb	sub_80D1F0E
080d1f68	thumb	sub_80D1F68
080d1fa0	thumb	sub_80D1FA0
080d1fd8	thumb	sub_80D1FD8
080d200c	thumb	sub_80D200C
080d2034	thumb	sub_80D2034
080d2058	thumb	sub_80D2058
080d20e8	thumb	sub_80D20E8
080d214c	thumb	sub_80D214C
080d2176	thumb	sub_80D2176
080d21f8	thumb	sub_80D21F8
080d2222	thumb	sub_80D2222
080d2290	thumb	sub_80D2290
080d22b0	thumb	sub_80D22B0
080d2320	thumb	sub_80D2320
080d236c	thumb	sub_80D236C
080d2398	thumb	sub_80D2398
080d239c	thumb	sub_80D239C
080d2430	thumb	sub_80D2430
080d2460	thumb	sub_80D2460
080d2480	thumb	sub_80D2480
080d24f0	thumb	sub_80D24F0
080d2514	thumb	sub_80D2514
080d255a	thumb	sub_80D255A
080d2580	thumb	sub_80D2580
080d2596	thumb	sub_80D2596
080d25d4	thumb	sub_80D25D4
080d25f8	thumb	sub_80D25F8
080d2684	thumb	sub_80D2684
080d2714	thumb	sub_80D2714
080d2750	thumb	sub_80D2750
080d2780	thumb	sub_80D2780
080d27a0	thumb	sub_80D27A0
080d27e2	thumb	sub_80D27E2
080d282c	thumb	sub_80D282C
080d289e	thumb	sub_80D289E
080d2904	thumb	sub_80D2904
080d2986	thumb	sub_80D2986
080d29b2	thumb	sub_80D29B2
080d29ba	thumb	sub_80D29BA
080d29f4	thumb	sub_80D29F4
080d2a14	thumb	sub_80D2A14
080d2a58	thumb	sub_80D2A58
080d2a68	thumb	sub_80D2A68
080d2a94	thumb	sub_80D2A94
080d2ab4	thumb	sub_80D2AB4
080d2b2c	thumb	sub_80D2B2C
080d2b8e	thumb	sub_80D2B8E
080d2bb2	thumb	sub_80D2BB2
080d2bc0	thumb	sub_80D2BC0
080d2bdc	thumb	sub_80D2BDC
080d2c00	thumb	sub_80D2C00
080d2c10	thumb	sub_80D2C10
080d2c28	thumb	sub_80D2C28
080d2c40	thumb	sub_80D2C40
080d2cbe	thumb	sub_80D2CBE
080d2d40	thumb	sub_80D2D40
080d2e38	thumb	sub_80D2E38
080d2e86	thumb	sub_80D2E86
080d2e94	thumb	sub_80D2E94
080d2ebc	thumb	sub_80D2EBC
080d2edc	thumb	sub_80D2EDC
080d2f3c	thumb	sub_80D2F3C
080d2f70	thumb	sub_80D2F70
080d2fa0	thumb	sub_80D2FA0
080d2fc2	thumb	sub_80D2FC2
080d2fe0	thumb	sub_80D2FE0
080d2fec	thumb	sub_80D2FEC
080d3004	thumb	sub_80D3004
080d3048	thumb	sub_80D3048
080d3058	thumb	sub_80D3058
080d30a4	thumb	sub_80D30A4
080d30d0	thumb	sub_80D30D0
080d30f4	thumb	sub_80D30F4
080d317c	thumb	sub_80D317C
080d31ec	thumb	sub_80D31EC
080d3240	thumb	ho_80D3240
080d325c	thumb	sub_80D325C
080d3278	thumb	sub_80D3278
080d32c4	thumb	sub_80D32C4
080d32fe	thumb	sub_80D32FE
080d3326	thumb	sub_80D3326
080d3342	thumb	sub_80D3342
080d3374	thumb	sub_80D3374
080d3404	thumb	sub_80D3404
080d343c	thumb	sub_80D343C
080d3474	thumb	sub_80D3474
080d3496	thumb	sub_80D3496
080d34cc	thumb	sub_80D34CC
080d34ec	thumb	sub_80D34EC
080d3500	thumb	sub_80D3500
080d358c	thumb	sub_80D358C
080d35e0	thumb	sub_80D35E0
080d3620	thumb	sub_80D3620
080d3638	thumb	sub_80D3638
080d3654	thumb	sub_80D3654
080d3678	thumb	sub_80D3678
080d369e	thumb	sub_80D369E
080d36ce	thumb	sub_80D36CE
080d3742	thumb	sub_80D3742
080d3770	thumb	sub_80D3770
080d37f4	thumb	sub_80D37F4
080d385c	thumb	sub_80D385C
080d387c	thumb	sub_80D387C
080d390a	thumb	sub_80D390A
080d3946	thumb	sub_80D3946
080d398e	thumb	sub_80D398E
080d39bc	thumb	sub_80D39BC
080d39e0	thumb	sub_80D39E0
080d3a7c	thumb	sub_80D3A7C
080d3b08	thumb	sub_80D3B08
080d3b4e	thumb	sub_80D3B4E
080d3bc2	thumb	sub_80D3BC2
080d3c44	thumb	sub_80D3C44
080d3c6c	thumb	sub_80D3C6C
080d3cb0	thumb	sub_80D3CB0
080d3ce0	thumb	sub_80D3CE0
080d3d22	thumb	sub_80D3D22
080d3d68	thumb	sub_80D3D68
080d3d90	thumb	sub_80D3D90
080d3dc4	thumb	sub_80D3DC4
080d3dfa	thumb	sub_80D3DFA
080d3ee8	thumb	sub_80D3EE8
080d3f10	thumb	sub_80D3F10
080d3f32	thumb	sub_80D3F32
080d3f42	thumb	sub_80D3F42
080d3f88	thumb	sub_80D3F88
080d3f96	thumb	sub_80D3F96
080d4004	thumb	sub_80D4004
080d4020	thumb	sub_80D4020
080d4030	thumb	sub_80D4030
080d4088	thumb	sub_80D4088
080d40a8	thumb	sub_80D40A8
080d4144	thumb	sub_80D4144
080d4198	thumb	sub_80D4198
080d41b6	thumb	sub_80D41B6
080d41d8	thumb	sub_80D41D8
080d41e8	thumb	sub_80D41E8
080d41fc	thumb	sub_80D41FC
080d4228	thumb	sub_80D4228
080d4242	thumb	sub_80D4242
080d42b0	thumb	sub_80D42B0
080d42cc	thumb	sub_80D42CC
080d42e8	thumb	sub_80D42E8
080d435c	thumb	sub_80D435C
080d4392	thumb	sub_80D4392
080d43c0	thumb	sub_80D43C0
080d43e8	thumb	sub_80D43E8
080d4408	thumb	sub_80D4408
080d4440	thumb	sub_80D4440
080d4464	thumb	sub_80D4464
080d4472	thumb	sub_80D4472
080d44d2	thumb	sub_80D44D2
080d4544	thumb	sub_80D4544
080d4570	thumb	sub_80D4570
080d458c	thumb	sub_80D458C
080d45ae	thumb	sub_80D45AE
080d45ec	thumb	sub_80D45EC
080d4604	thumb	sub_80D4604
080d464a	thumb	sub_80D464A
080d4674	thumb	sub_80D4674
080d46b8	thumb	sub_80D46B8
080d46d8	thumb	sub_80D46D8
080d4754	thumb	sub_80D4754
080d47c0	thumb	sub_80D47C0
080d4870	thumb	sub_80D4870
080d4888	thumb	sub_80D4888
080d48a8	thumb	sub_80D48A8
080d48ae	thumb	sub_80D48AE
080d49a0	thumb	sub_80D49A0
080d49cc	thumb	sub_80D49CC
080d49f6	thumb	sub_80D49F6
080d4a28	thumb	sub_80D4A28
080d4a48	thumb	sub_80D4A48
080d4a98	thumb	sub_80D4A98
080d4b00	thumb	sub_80D4B00
080d4b44	thumb	sub_80D4B44
080d4b68	thumb	sub_80D4B68
080d4b88	thumb	sub_80D4B88
080d4bc0	thumb	sub_80D4BC0
080d4bf6	thumb	sub_80D4BF6
080d4c0a	thumb	sub_80D4C0A
080d4c34	thumb	sub_80D4C34
080d4c3a	thumb	sub_80D4C3A
080d4c6c	thumb	sub_80D4C6C
080d4c84	thumb	sub_80D4C84
080d4ca4	thumb	sub_80D4CA4
080d4d34	thumb	sub_80D4D34
080d4d88	thumb	sub_80D4D88
080d4dc8	thumb	sub_80D4DC8
080d4dcc	thumb	sub_80D4DCC
080d4df0	thumb	sub_80D4DF0
080d4e64	thumb	sub_80D4E64
080d4ebc	thumb	sub_80D4EBC
080d4ee0	thumb	sub_80D4EE0
080d4efc	thumb	sub_80D4EFC
080d4fa6	thumb	sub_80D4FA6
080d4ff6	thumb	sub_80D4FF6
080d5028	thumb	sub_80D5028
080d5050	thumb	sub_80D5050
080d50c6	thumb	sub_80D50C6
080d50fc	thumb	sub_80D50FC
080d5128	thumb	sub_80D5128
080d5138	thumb	sub_80D5138
080d5160	thumb	sub_80D5160
080d51e4	thumb	sub_80D51E4
080d5240	thumb	sub_80D5240
080d5280	thumb	sub_80D5280
080d52c4	thumb	sub_80D52C4
080d52fa	thumb	sub_80D52FA
080d532c	thumb	sub_80D532C
080d5348	thumb	sub_80D5348
080d535c	thumb	sub_80D535C
080d538c	thumb	sub_80D538C
080d53f4	thumb	sub_80D53F4
080d5448	thumb	sub_80D5448
080d5482	thumb	sub_80D5482
080d54c0	thumb	sub_80D54C0
080d54f0	thumb	sub_80D54F0
080d5516	thumb	sub_80D5516
080d5580	thumb	sub_80D5580
080d55a4	thumb	sub_80D55A4
080d55f8	thumb	sub_80D55F8
080d5634	thumb	sub_80D5634
080d5684	thumb	sub_80D5684
080d5718	thumb	sub_80D5718
080d5740	thumb	sub_80D5740
080d5764	thumb	sub_80D5764
080d5806	thumb	sub_80D5806
080d584e	thumb	sub_80D584E
080d5874	thumb	sub_80D5874
080d5890	thumb	sub_80D5890
080d58b4	thumb	sub_80D58B4
080d58d8	thumb	sub_80D58D8
080d592c	thumb	sub_80D592C
080d595c	thumb	sub_80D595C
080d5994	thumb	sub_80D5994
080d59e2	thumb	sub_80D59E2
080d5a0a	thumb	sub_80D5A0A
080d5a9c	thumb	sub_80D5A9C
080d5abc	thumb	sub_80D5ABC
080d5ae0	thumb	sub_80D5AE0
080d5b84	thumb	sub_80D5B84
080d5bcc	thumb	sub_80D5BCC
080d5c00	thumb	sub_80D5C00
080d5c26	thumb	sub_80D5C26
080d5c48	thumb	sub_80D5C48
080d5c6c	thumb	sub_80D5C6C
080d5c9a	thumb	sub_80D5C9A
080d5cc8	thumb	sub_80D5CC8
080d5cdc	thumb	sub_80D5CDC
080d5d34	thumb	sub_80D5D34
080d5d54	thumb	sub_80D5D54
080d5d78	thumb	sub_80D5D78
080d5dc8	thumb	sub_80D5DC8
080d5df4	thumb	sub_80D5DF4
080d5ea8	thumb	sub_80D5EA8
080d5eb0	thumb	sub_80D5EB0
080d5ede	thumb	sub_80D5EDE
080d5f08	thumb	sub_80D5F08
080d5f2c	thumb	sub_80D5F2C
080d5fa0	thumb	sub_80D5FA0
080d6020	thumb	sub_80D6020
080d6098	thumb	sub_80D6098
080d60bc	thumb	sub_80D60BC
080d6164	thumb	sub_80D6164
080d61a8	thumb	sub_80D61A8
080d61d2	thumb	sub_80D61D2
080d61fc	thumb	sub_80D61FC
080d622c	thumb	sub_80D622C
080d6250	thumb	sub_80D6250
080d62e8	thumb	sub_80D62E8
080d6364	thumb	sub_80D6364
080d63fc	thumb	sub_80D63FC
080d6424	thumb	sub_80D6424
080d644e	thumb	sub_80D644E
080d650c	thumb	sub_80D650C
080d6544	thumb	sub_80D6544
080d655c	thumb	sub_80D655C
080d6580	thumb	sub_80D6580
080d65e0	thumb	sub_80D65E0
080d65fc	thumb	sub_80D65FC
080d6694	thumb	sub_80D6694
080d66e2	thumb	sub_80D66E2
080d677c	thumb	sub_80D677C
080d67a6	thumb	sub_80D67A6
080d67d2	thumb	sub_80D67D2
080d67ec	thumb	sub_80D67EC
080d6810	thumb	sub_80D6810
080d685a	thumb	sub_80D685A
080d6874	thumb	sub_80D6874
080d688c	thumb	sub_80D688C
080d68e0	thumb	sub_80D68E0
080d6924	thumb	sub_80D6924
080d6944	thumb	sub_80D6944
080d6952	thumb	sub_80D6952
080d69b8	thumb	sub_80D69B8
080d69e2	thumb	sub_80D69E2
080d6a02	thumb	sub_80D6A02
080d6a20	thumb	sub_80D6A20
080d6a44	thumb	sub_80D6A44
080d6b28	thumb	sub_80D6B28
080d6b78	thumb	sub_80D6B78
080d6b9c	thumb	sub_80D6B9C
080d6bb0	thumb	sub_80D6BB0
080d6bc2	thumb	sub_80D6BC2
080d6bd4	thumb	sub_80D6BD4
080d6c04	thumb	sub_80D6C04
080d6c56	thumb	sub_80D6C56
080d6c88	thumb	sub_80D6C88
080d6d10	thumb	sub_80D6D10
080d6d18	thumb	sub_80D6D18
080d6d3e	thumb	sub_80D6D3E
080d6d80	thumb	sub_80D6D80
080d6db0	thumb	sub_80D6DB0
080d6e1e	thumb	sub_80D6E1E
080d6e70	thumb	sub_80D6E70
080d6eb0	thumb	sub_80D6EB0
080d6ee0	thumb	sub_80D6EE0
080d6f04	thumb	sub_80D6F04
080d6f74	thumb	sub_80D6F74
080d6fdc	thumb	sub_80D6FDC
080d7008	thumb	sub_80D7008
080d703a	thumb	sub_80D703A
080d7068	thumb	sub_80D7068
080d708c	thumb	sub_80D708C
080d7100	thumb	sub_80D7100
080d715c	thumb	sub_80D715C
080d7186	thumb	sub_80D7186
080d71d6	thumb	sub_80D71D6
080d71fe	thumb	sub_80D71FE
080d7278	thumb	sub_80D7278
080d729c	thumb	sub_80D729C
080d730a	thumb	sub_80D730A
080d7358	thumb	sub_80D7358
080d7382	thumb	sub_80D7382
080d73ac	thumb	sub_80D73AC
080d73d6	thumb	sub_80D73D6
080d7400	thumb	sub_80D7400
080d7420	thumb	sub_80D7420
080d74dc	thumb	sub_80D74DC
080d7578	thumb	sub_80D7578
080d75a4	thumb	sub_80D75A4
080d75d4	thumb	sub_80D75D4
080d75fc	thumb	sub_80D75FC
080d761c	thumb	sub_80D761C
080d774c	thumb	sub_80D774C
080d77d4	thumb	sub_80D77D4
080d7878	thumb	sub_80D7878
080d787c	thumb	sub_80D787C
080d789c	thumb	sub_80D789C
080d7928	thumb	sub_80D7928
080d795c	thumb	sub_80D795C
080d7996	thumb	sub_80D7996
080d79ac	thumb	sub_80D79AC
080d7a0e	thumb	sub_80D7A0E
080d7a2a	thumb	sub_80D7A2A
080d7a78	thumb	sub_80D7A78
080d7a96	thumb	sub_80D7A96
080d7acc	thumb	sub_80D7ACC
080d7af0	thumb	sub_80D7AF0
080d7b5c	thumb	sub_80D7B5C
080d7bb0	thumb	sub_80D7BB0
080d7be0	thumb	sub_80D7BE0
080d7c6e	thumb	sub_80D7C6E
080d7c7e	thumb	sub_80D7C7E
080d7cb0	thumb	sub_80D7CB0
080d7ccc	thumb	sub_80D7CCC
080d7d4c	thumb	sub_80D7D4C
080d7dc0	thumb	sub_80D7DC0
080d7de4	thumb	sub_80D7DE4
080d7e08	thumb	sub_80D7E08
080d7e7a	thumb	sub_80D7E7A
080d7e98	thumb	sub_80D7E98
080d7ed4	thumb	sub_80D7ED4
080d7ef6	thumb	sub_80D7EF6
080d807c	thumb	sub_80D807C
080d80b4	thumb	sub_80D80B4
080d8172	thumb	sub_80D8172
080d8222	thumb	sub_80D8222
080d8242	thumb	sub_80D8242
080d825c	thumb	sub_80D825C
080d8280	thumb	sub_80D8280
080d8310	thumb	sub_80D8310
080d837c	thumb	sub_80D837C
080d83a0	thumb	sub_80D83A0
080d83cc	thumb	sub_80D83CC
080d8400	thumb	sub_80D8400
080d842e	thumb	sub_80D842E
080d8444	thumb	sub_80D8444
080d8464	thumb	sub_80D8464
080d84de	thumb	sub_80D84DE
080d852c	thumb	sub_80D852C
080d8558	thumb	sub_80D8558
080d855c	thumb	sub_80D855C
080d85f0	thumb	sub_80D85F0
080d8620	thumb	sub_80D8620
080d8644	thumb	sub_80D8644
080d868e	thumb	sub_80D868E
080d86b0	thumb	sub_80D86B0
080d86d2	thumb	sub_80D86D2
080d8706	thumb	sub_80D8706
080d8746	thumb	sub_80D8746
080d876e	thumb	sub_80D876E
080d879c	thumb	sub_80D879C
080d87c0	thumb	sub_80D87C0
080d881c	thumb	sub_80D881C
080d884c	thumb	sub_80D884C
080d8868	thumb	sub_80D8868
080d88b8	thumb	sub_80D88B8
080d88e0	thumb	sub_80D88E0
080d8908	thumb	sub_80D8908
080d8988	thumb	sub_80D8988
080d8a3c	thumb	sub_80D8A3C
080d8ab6	thumb	sub_80D8AB6
080d8adc	thumb	sub_80D8ADC
080d8b18	thumb	sub_80D8B18
080d8b52	thumb	sub_80D8B52
080d8b96	thumb	sub_80D8B96
080d8bbc	thumb	sub_80D8BBC
080d8bd4	thumb	sub_80D8BD4
080d8c06	thumb	sub_80D8C06
080d8c10	thumb	sub_80D8C10
080d8c5c	thumb	sub_80D8C5C
080d8c7c	thumb	sub_80D8C7C
080d8cf0	thumb	sub_80D8CF0
080d8d58	thumb	nullsub_97
080d8d5a	thumb	sub_80D8D5A
080d8d7e	thumb	sub_80D8D7E
080d8dee	thumb	sub_80D8DEE
080d8e10	thumb	sub_80D8E10
080d8e34	thumb	sub_80D8E34
080d8eb0	thumb	sub_80D8EB0
080d8ec6	thumb	sub_80D8EC6
080d8ee4	thumb	sub_80D8EE4
080d8f20	thumb	sub_80D8F20
080d8f64	thumb	nullsub_11
080d8f66	thumb	sub_80D8F66
080d8f98	thumb	sub_80D8F98
080d8fb8	thumb	sub_80D8FB8
080d8fc4	thumb	sub_80D8FC4
080d8fe4	thumb	sub_80D8FE4
080d9024	thumb	sub_80D9024
080d907c	thumb	sub_80D907C
080d90ae	thumb	sub_80D90AE
080d90c8	thumb	sub_80D90C8
080d9120	thumb	sub_80D9120
080d9130	thumb	sub_80D9130
080d9154	thumb	sub_80D9154
080d9178	thumb	sub_80D9178
080d91c8	thumb	sub_80D91C8
080d9210	thumb	sub_80D9210
080d924e	thumb	sub_80D924E
080d9284	thumb	sub_80D9284
080d9298	thumb	sub_80D9298
080d9350	thumb	sub_80D9350
080d937c	thumb	sub_80D937C
080d9434	thumb	sub_80D9434
080d9498	thumb	sub_80D9498
080d94b8	thumb	sub_80D94B8
080d94c2	thumb	sub_80D94C2
080d94e6	thumb	sub_80D94E6
080d94f2	thumb	sub_80D94F2
080d9532	thumb	sub_80D9532
080d954c	thumb	sub_80D954C
080d956c	thumb	sub_80D956C
080d95b0	thumb	sub_80D95B0
080d9638	thumb	sub_80D9638
080d964e	thumb	sub_80D964E
080d967c	thumb	sub_80D967C
080d9682	thumb	sub_80D9682
080d9690	thumb	sub_80D9690
080d96a4	thumb	sub_80D96A4
080d96c8	thumb	sub_80D96C8
080d9746	thumb	sub_80D9746
080d9788	thumb	sub_80D9788
080d97ec	thumb	sub_80D97EC
080d981c	thumb	sub_80D981C
080d984c	thumb	sub_80D984C
080d9870	thumb	sub_80D9870
080d98e8	thumb	sub_80D98E8
080d9930	thumb	sub_80D9930
080d995c	thumb	sub_80D995C
080d99a4	thumb	sub_80D99A4
080d99ec	thumb	sub_80D99EC
080d9a50	thumb	sub_80D9A50
080d9a74	thumb	sub_80D9A74
080d9aba	thumb	sub_80D9ABA
080d9b2c	thumb	sub_80D9B2C
080d9c1c	thumb	sub_80D9C1C
080d9c54	thumb	sub_80D9C54
080d9ca4	thumb	sub_80D9CA4
080d9cc2	thumb	sub_80D9CC2
080d9ce4	thumb	sub_80D9CE4
080d9d4c	thumb	sub_80D9D4C
080d9d6c	thumb	sub_80D9D6C
080d9e24	thumb	sub_80D9E24
080d9e94	thumb	sub_80D9E94
080d9f2c	thumb	sub_80D9F2C
080d9f84	thumb	sub_80D9F84
080d9f90	thumb	sub_80D9F90
080d9fa8	thumb	sub_80D9FA8
080d9fc2	thumb	sub_80D9FC2
080da050	thumb	sub_80DA050
080da070	thumb	sub_80DA070
080da07c	thumb	sub_80DA07C
080da108	thumb	sub_80DA108
080da15c	thumb	sub_80DA15C
080da172	thumb	sub_80DA172
080da1a4	thumb	sub_80DA1A4
080da1ae	thumb	sub_80DA1AE
080da1c6	thumb	sub_80DA1C6
080da1f8	thumb	sub_80DA1F8
080da248	thumb	sub_80DA248
080da266	thumb	sub_80DA266
080da290	thumb	sub_80DA290
080da2d8	thumb	sub_80DA2D8
080da2ec	thumb	sub_80DA2EC
080da37a	thumb	sub_80DA37A
080da390	thumb	sub_80DA390
080da3c0	thumb	sub_80DA3C0
080da3ec	thumb	sub_80DA3EC
080da424	thumb	sub_80DA424
080da448	thumb	sub_80DA448
080da470	thumb	sub_80DA470
080da494	thumb	sub_80DA494
080da53a	thumb	sub_80DA53A
080da58c	thumb	sub_80DA58C
080da5d2	thumb	sub_80DA5D2
080da5fc	thumb	sub_80DA5FC
080da620	thumb	sub_80DA620
080da662	thumb	sub_80DA662
080da68c	thumb	sub_80DA68C
080da710	thumb	sub_80DA710
080da736	thumb	sub_80DA736
080da7ec	thumb	sub_80DA7EC
080da80c	thumb	sub_80DA80C
080da834	thumb	sub_80DA834
080da886	thumb	sub_80DA886
080da8ec	thumb	sub_80DA8EC
080da908	thumb	sub_80DA908
080da956	thumb	sub_80DA956
080da974	thumb	sub_80DA974
080da9a2	thumb	sub_80DA9A2
080da9dc	thumb	sub_80DA9DC
080da9fe	thumb	sub_80DA9FE
080daa28	thumb	sub_80DAA28
080daa48	thumb	sub_80DAA48
080daa86	thumb	sub_80DAA86
080daabc	thumb	sub_80DAABC
080dab22	thumb	sub_80DAB22
080dab8a	thumb	sub_80DAB8A
080dab9c	thumb	sub_80DAB9C
080dabc4	thumb	sub_80DABC4
080dabe8	thumb	sub_80DABE8
080dac0c	thumb	sub_80DAC0C
080dace4	thumb	sub_80DACE4
080dad0c	thumb	sub_80DAD0C
080dad84	thumb	sub_80DAD84
080dade0	thumb	sub_80DADE0
080dae48	thumb	sub_80DAE48
080dae70	thumb	sub_80DAE70
080dae94	thumb	sub_80DAE94
080daec4	thumb	sub_80DAEC4
080daf2a	thumb	sub_80DAF2A
080daf74	thumb	sub_80DAF74
080daf98	thumb	sub_80DAF98
080db014	thumb	sub_80DB014
080db03e	thumb	sub_80DB03E
080db04c	thumb	sub_80DB04C
080db078	thumb	sub_80DB078
080db0bc	thumb	sub_80DB0BC
080db0d0	thumb	sub_80DB0D0
080db0e4	thumb	sub_80DB0E4
080db108	thumb	sub_80DB108
080db148	thumb	sub_80DB148
080db198	thumb	sub_80DB198
080db1e0	thumb	sub_80DB1E0
080db252	thumb	sub_80DB252
080db2c6	thumb	sub_80DB2C6
080db304	thumb	sub_80DB304
080db324	thumb	sub_80DB324
080db376	thumb	sub_80DB376
080db3b4	thumb	sub_80DB3B4
080db41c	thumb	sub_80DB41C
080db474	thumb	sub_80DB474
080db48a	thumb	sub_80DB48A
080db4b4	thumb	sub_80DB4B4
080db4ce	thumb	sub_80DB4CE
080db570	thumb	sub_80DB570
080db590	thumb	sub_80DB590
080db5e8	thumb	sub_80DB5E8
080db666	thumb	sub_80DB666
080db684	thumb	sub_80DB684
080db6a4	thumb	sub_80DB6A4
080db6d4	thumb	sub_80DB6D4
080db726	thumb	sub_80DB726
080db75c	thumb	sub_80DB75C
080db7b2	thumb	sub_80DB7B2
080db800	thumb	sub_80DB800
080db828	thumb	sub_80DB828
080db864	thumb	sub_80DB864
080db890	thumb	sub_80DB890
080db8cc	thumb	sub_80DB8CC
080db8ec	thumb	sub_80DB8EC
080db934	thumb	sub_80DB934
080db970	thumb	sub_80DB970
080db994	thumb	sub_80DB994
080db9b8	thumb	sub_80DB9B8
080dba50	thumb	sub_80DBA50
080dba7c	thumb	sub_80DBA7C
080dbb0c	thumb	sub_80DBB0C
080dbb40	thumb	sub_80DBB40
080dbb64	thumb	sub_80DBB64
080dbc0a	thumb	sub_80DBC0A
080dbc48	thumb	sub_80DBC48
080dbc90	thumb	sub_80DBC90
080dbcba	thumb	sub_80DBCBA
080dbcec	thumb	sub_80DBCEC
080dbd10	thumb	sub_80DBD10
080dbda0	thumb	sub_80DBDA0
080dbdbc	thumb	sub_80DBDBC
080dbe4c	thumb	sub_80DBE4C
080dbe82	thumb	sub_80DBE82
080dbea2	thumb	sub_80DBEA2
080dbeba	thumb	sub_80DBEBA
080dbee6	thumb	sub_80DBEE6
080dbf04	thumb	sub_80DBF04
080dbfc0	thumb	sub_80DBFC0
080dc000	thumb	sub_80DC000
080dc018	thumb	sub_80DC018
080dc0ac	thumb	sub_80DC0AC
080dc0c0	thumb	sub_80DC0C0
080dc0e8	thumb	sub_80DC0E8
080dc108	thumb	sub_80DC108
080dc160	thumb	sub_80DC160
080dc180	thumb	sub_80DC180
080dc1a2	thumb	sub_80DC1A2
080dc22c	thumb	sub_80DC22C
080dc260	thumb	sub_80DC260
080dc280	thumb	sub_80DC280
080dc2d4	thumb	sub_80DC2D4
080dc310	thumb	sub_80DC310
080dc38a	thumb	sub_80DC38A
080dc3b2	thumb	sub_80DC3B2
080dc3f8	thumb	sub_80DC3F8
080dc41c	thumb	sub_80DC41C
080dc45e	thumb	sub_80DC45E
080dc484	thumb	sub_80DC484
080dc4b8	thumb	sub_80DC4B8
080dc4de	thumb	sub_80DC4DE
080dc4fc	thumb	sub_80DC4FC
080dc520	thumb	sub_80DC520
080dc588	thumb	sub_80DC588
080dc5b4	thumb	sub_80DC5B4
080dc5da	thumb	sub_80DC5DA
080dc5f8	thumb	sub_80DC5F8
080dc61c	thumb	sub_80DC61C
080dc668	thumb	sub_80DC668
080dc6bc	thumb	sub_80DC6BC
080dc6d2	thumb	sub_80DC6D2
080dc70c	thumb	sub_80DC70C
080dc730	thumb	sub_80DC730
080dc778	thumb	sub_80DC778
080dc7fc	thumb	sub_80DC7FC
080dc872	thumb	sub_80DC872
080dc92c	thumb	sub_80DC92C
080dc964	thumb	sub_80DC964
080dc986	thumb	sub_80DC986
080dc99c	thumb	sub_80DC99C
080dc9ec	thumb	sub_80DC9EC
080dc9f0	thumb	sub_80DC9F0
080dca38	thumb	sub_80DCA38
080dcacc	thumb	sub_80DCACC
080dcafa	thumb	sub_80DCAFA
080dcb1c	thumb	sub_80DCB1C
080dcb4c	thumb	sub_80DCB4C
080dcb9c	thumb	sub_80DCB9C
080dcbcc	thumb	sub_80DCBCC
080dcc70	thumb	sub_80DCC70
080dcc96	thumb	sub_80DCC96
080dccd4	thumb	sub_80DCCD4
080dccf8	thumb	sub_80DCCF8
080dcd48	thumb	sub_80DCD48
080dcd74	thumb	sub_80DCD74
080dcdd4	thumb	sub_80DCDD4
080dcdfa	thumb	sub_80DCDFA
080dce18	thumb	sub_80DCE18
080dce38	thumb	sub_80DCE38
080dce5c	thumb	sub_80DCE5C
080dce9e	thumb	sub_80DCE9E
080dcec6	thumb	sub_80DCEC6
080dcef4	thumb	sub_80DCEF4
080dcf18	thumb	sub_80DCF18
080dcf88	thumb	sub_80DCF88
080dcff4	thumb	sub_80DCFF4
080dd03a	thumb	sub_80DD03A
080dd062	thumb	sub_80DD062
080dd0ac	thumb	sub_80DD0AC
080dd0d0	thumb	sub_80DD0D0
080dd15c	thumb	sub_80DD15C
080dd1ac	thumb	sub_80DD1AC
080dd204	thumb	sub_80DD204
080dd22e	thumb	sub_80DD22E
080dd25e	thumb	sub_80DD25E
080dd2b6	thumb	sub_80DD2B6
080dd2e0	thumb	sub_80DD2E0
080dd322	thumb	sub_80DD322
080dd34c	thumb	sub_80DD34C
080dd370	thumb	sub_80DD370
080dd382	thumb	sub_80DD382
080dd438	thumb	sub_80DD438
080dd4b0	thumb	sub_80DD4B0
080dd4e8	thumb	sub_80DD4E8
080dd538	thumb	sub_80DD538
080dd584	thumb	sub_80DD584
080dd594	thumb	sub_80DD594
080dd5b4	thumb	sub_80DD5B4
080dd5c8	thumb	sub_80DD5C8
080dd5e2	thumb	sub_80DD5E2
080dd6f4	thumb	sub_80DD6F4
080dd738	thumb	sub_80DD738
080dd764	thumb	sub_80DD764
080dd784	thumb	sub_80DD784
080dd7fc	thumb	sub_80DD7FC
080dd848	thumb	sub_80DD848
080dd87c	thumb	sub_80DD87C
080dd8d2	thumb	sub_80DD8D2
080dd8f0	thumb	sub_80DD8F0
080dd91a	thumb	sub_80DD91A
080dd930	thumb	sub_80DD930
080dd940	thumb	sub_80DD940
080dd970	thumb	sub_80DD970
080dda08	thumb	sub_80DDA08
080dda5a	thumb	sub_80DDA5A
080dda84	thumb	sub_80DDA84
080ddaa8	thumb	sub_80DDAA8
080ddb24	thumb	sub_80DDB24
080ddb98	thumb	sub_80DDB98
080ddbac	thumb	sub_80DDBAC
080ddbca	thumb	sub_80DDBCA
080ddbde	thumb	sub_80DDBDE
080ddc10	thumb	sub_80DDC10
080ddc30	thumb	sub_80DDC30
080ddcf4	thumb	sub_80DDCF4
080ddd30	thumb	sub_80DDD30
080dddb8	thumb	sub_80DDDB8
080dddcc	thumb	sub_80DDDCC
080dddf0	thumb	sub_80DDDF0
080dde14	thumb	sub_80DDE14
080dde82	thumb	sub_80DDE82
080ddef4	thumb	sub_80DDEF4
080ddf18	thumb	sub_80DDF18
080ddf86	thumb	sub_80DDF86
080ddfb6	thumb	sub_80DDFB6
080ddfde	thumb	sub_80DDFDE
080de000	thumb	sub_80DE000
080de024	thumb	sub_80DE024
080de080	thumb	sub_80DE080
080de088	thumb	sub_80DE088
080de112	thumb	sub_80DE112
080de13c	thumb	sub_80DE13C
080de160	thumb	sub_80DE160
080de168	thumb	sub_80DE168
080de1b8	thumb	sub_80DE1B8
080de1f4	thumb	sub_80DE1F4
080de21a	thumb	sub_80DE21A
080de266	thumb	sub_80DE266
080de2b0	thumb	sub_80DE2B0
080de2f0	thumb	sub_80DE2F0
080de30e	thumb	sub_80DE30E
080de350	thumb	sub_80DE350
080de38c	thumb	sub_80DE38C
080de3b0	thumb	sub_80DE3B0
080de404	thumb	sub_80DE404
080de428	thumb	sub_80DE428
080de430	thumb	sub_80DE430
080de4ec	thumb	sub_80DE4EC
080de544	thumb	sub_80DE544
080de594	thumb	sub_80DE594
080de618	thumb	sub_80DE618
080de660	thumb	sub_80DE660
080de67e	thumb	sub_80DE67E
080de6d0	thumb	sub_80DE6D0
080de70c	thumb	sub_80DE70C
080de730	thumb	sub_80DE730
080de768	thumb	sub_80DE768
080de7a0	thumb	sub_80DE7A0
080de7c8	thumb	sub_80DE7C8
080de7f4	thumb	sub_80DE7F4
080de818	thumb	sub_80DE818
080de8a4	thumb	sub_80DE8A4
080de8c0	thumb	sub_80DE8C0
080de924	thumb	sub_80DE924
080de960	thumb	sub_80DE960
080de984	thumb	sub_80DE984
080de9e4	thumb	sub_80DE9E4
080dea7c	thumb	sub_80DEA7C
080deaa0	thumb	sub_80DEAA0
080deaa8	thumb	sub_80DEAA8
080deb1c	thumb	sub_80DEB1C
080deb70	thumb	sub_80DEB70
080deb94	thumb	sub_80DEB94
080dec3c	thumb	sub_80DEC3C
080dec84	thumb	sub_80DEC84
080decbc	thumb	sub_80DECBC
080ded58	thumb	sub_80DED58
080ded80	thumb	sub_80DED80
080dede0	thumb	sub_80DEDE0
080dee60	thumb	sub_80DEE60
080dee84	thumb	sub_80DEE84
080dee8c	thumb	sub_80DEE8C
080deee8	thumb	sub_80DEEE8
080def1c	thumb	sub_80DEF1C
080def3c	thumb	sub_80DEF3C
080defc6	thumb	sub_80DEFC6
080defd6	thumb	sub_80DEFD6
080df016	thumb	sub_80DF016
080df0a4	thumb	sub_80DF0A4
080df0c8	thumb	sub_80DF0C8
080df132	thumb	sub_80DF132
080df188	thumb	sub_80DF188
080df1ac	thumb	sub_80DF1AC
080df1fc	thumb	sub_80DF1FC
080df218	thumb	sub_80DF218
080df262	thumb	sub_80DF262
080df288	thumb	sub_80DF288
080df2a0	thumb	sub_80DF2A0
080df328	thumb	sub_80DF328
080df34c	thumb	sub_80DF34C
080df3cc	thumb	sub_80DF3CC
080df3f0	thumb	sub_80DF3F0
080df41c	thumb	sub_80DF41C
080df488	thumb	sub_80DF488
080df4b0	thumb	sub_80DF4B0
080df4d4	thumb	sub_80DF4D4
080df4fc	thumb	sub_80DF4FC
080df520	thumb	sub_80DF520
080df574	thumb	sub_80DF574
080df5a0	thumb	sub_80DF5A0
080df5a4	thumb	sub_80DF5A4
080df5c0	thumb	sub_80DF5C0
080df626	thumb	sub_80DF626
080df66a	thumb	sub_80DF66A
080df6ce	thumb	sub_80DF6CE
080df742	thumb	sub_80DF742
080df7d6	thumb	sub_80DF7D6
080df848	thumb	sub_80DF848
080df876	thumb	sub_80DF876
080df880	thumb	sub_80DF880
080df88c	thumb	sub_80DF88C
080df89a	thumb	sub_80DF89A
080df8a8	thumb	sub_80DF8A8
080df8b6	thumb	sub_80DF8B6
080df8c4	thumb	sub_80DF8C4
080df8d2	thumb	sub_80DF8D2
080df90c	thumb	sub_80DF90C
080df930	thumb	sub_80DF930
080dfa58	thumb	sub_80DFA58
080dfaa8	thumb	sub_80DFAA8
080dface	thumb	sub_80DFACE
080dfad6	thumb	sub_80DFAD6
080dfb20	thumb	sub_80DFB20
080dfb2c	thumb	sub_80DFB2C
080dfb56	thumb	sub_80DFB56
080dfb80	thumb	sub_80DFB80
080dfbe4	thumb	sub_80DFBE4
080dfc38	thumb	sub_80DFC38
080dfc58	thumb	sub_80DFC58
080dfc8c	thumb	sub_80DFC8C
080dfce0	thumb	sub_80DFCE0
080dfd38	thumb	sub_80DFD38
080dfd56	thumb	sub_80DFD56
080dfd74	thumb	sub_80DFD74
080dfda0	thumb	sub_80DFDA0
080dfdac	thumb	sub_80DFDAC
080dfdc8	thumb	sub_80DFDC8
080dfdd6	thumb	sub_80DFDD6
080dfe1c	thumb	sub_80DFE1C
080dfe28	thumb	sub_80DFE28
080dfe40	thumb	sub_80DFE40
080dfe64	thumb	sub_80DFE64
080dfea8	thumb	sub_80DFEA8
080dfee8	thumb	sub_80DFEE8
080dff84	thumb	sub_80DFF84
080dffa2	thumb	sub_80DFFA2
080dffb8	thumb	sub_80DFFB8
080dffdc	thumb	sub_80DFFDC
080e002c	thumb	sub_80E002C
080e00b0	thumb	sub_80E00B0
080e0118	thumb	sub_80E0118
080e01ee	thumb	sub_80E01EE
080e0226	thumb	sub_80E0226
080e0248	thumb	sub_80E0248
080e025e	thumb	sub_80E025E
080e02ac	thumb	sub_80E02AC
080e02f4	thumb	sub_80E02F4
080e0348	thumb	sub_80E0348
080e0376	thumb	sub_80E0376
080e0568	thumb	sub_80E0568
080e05c4	thumb	sub_80E05C4
080e05f6	thumb	SpawnT4BattleObjectWithId0
080e0602	thumb	sub_80E0602
080e060e	thumb	sub_80E060E
080e0616	thumb	sub_80E0616
080e0638	thumb	sub_80E0638
080e0654	thumb	sub_80E0654
080e0668	thumb	sub_80E0668
080e0684	thumb	sub_80E0684
080e06e0	thumb	sub_80E06E0
080e06f8	thumb	sub_80E06F8
080e0710	thumb	sub_80E0710
080e0730	thumb	sub_80E0730
080e0754	thumb	sub_80E0754
080e07e0	thumb	sub_80E07E0
080e0844	thumb	sub_80E0844
080e0864	thumb	sub_80E0864
080e08a6	thumb	sub_80E08A6
080e08c4	thumb	sub_80E08C4
080e08e0	thumb	nullsub_99
080e08fc	thumb	sub_80E08FC
080e091c	thumb	sub_80E091C
080e0954	thumb	sub_80E0954
080e09ee	thumb	sub_80E09EE
080e0a0a	thumb	sub_80E0A0A
080e0ad4	thumb	sub_80E0AD4
080e0b08	thumb	sub_80E0B08
080e0b8c	thumb	sub_80E0B8C
080e0c74	thumb	sub_80E0C74
080e0caa	thumb	sub_80E0CAA
080e0d38	thumb	sub_80E0D38
080e0d98	thumb	sub_80E0D98
080e0dc0	thumb	sub_80E0DC0
080e0dca	thumb	sub_80E0DCA
080e0dd0	thumb	sub_80E0DD0
080e0df0	thumb	sub_80E0DF0
080e0e10	thumb	sub_80E0E10
080e0e20	thumb	sub_80E0E20
080e0f02	thumb	sub_80E0F02
080e0f22	thumb	sub_80E0F22
080e0f28	thumb	sub_80E0F28
080e0f2e	thumb	sub_80E0F2E
080e0f5e	thumb	sub_80E0F5E
080e0fa0	thumb	sub_80E0FA0
080e0fc0	thumb	sub_80E0FC0
080e100a	thumb	sub_80E100A
080e1028	thumb	sub_80E1028
080e1054	thumb	sub_80E1054
080e107c	thumb	sub_80E107C
080e1084	thumb	sub_80E1084
080e10a4	thumb	sub_80E10A4
080e10c0	thumb	sub_80E10C0
080e114c	thumb	sub_80E114C
080e11e0	thumb	sub_80E11E0
080e11fc	thumb	sub_80E11FC
080e121c	thumb	sub_80E121C
080e12ba	thumb	sub_80E12BA
080e1332	thumb	sub_80E1332
080e1352	thumb	sub_80E1352
080e13dc	thumb	sub_80E13DC
080e146c	thumb	sub_80E146C
080e14ac	thumb	sub_80E14AC
080e14ec	thumb	sub_80E14EC
080e1502	thumb	sub_80E1502
080e1520	thumb	sub_80E1520
080e1540	thumb	sub_80E1540
080e1566	thumb	sub_80E1566
080e1620	thumb	sub_80E1620
080e1644	thumb	sub_80E1644
080e164a	thumb	sub_80E164A
080e1654	thumb	sub_80E1654
080e1662	thumb	sub_80E1662
080e1670	thumb	sub_80E1670
080e16cc	thumb	sub_80E16CC
080e1704	thumb	sub_80E1704
080e1730	thumb	sub_80E1730
080e175c	thumb	sub_80E175C
080e17ac	thumb	sub_80E17AC
080e17e8	thumb	sub_80E17E8
080e1808	thumb	sub_80E1808
080e1830	thumb	sub_80E1830
080e1854	thumb	sub_80E1854
080e1880	thumb	sub_80E1880
080e18da	thumb	sub_80E18DA
080e18f8	thumb	sub_80E18F8
080e192c	thumb	sub_80E192C
080e199a	thumb	sub_80E199A
080e19bc	thumb	sub_80E19BC
080e19dc	thumb	sub_80E19DC
080e19f4	thumb	sub_80E19F4
080e1a0c	thumb	sub_80E1A0C
080e1a5e	thumb	sub_80E1A5E
080e1a6a	thumb	sub_80E1A6A
080e1a86	thumb	sub_80E1A86
080e1a90	thumb	sub_80E1A90
080e1ab4	thumb	sub_80E1AB4
080e1afa	thumb	sub_80E1AFA
080e1b0a	thumb	sub_80E1B0A
080e1b1e	thumb	sub_80E1B1E
080e1b3c	thumb	sub_80E1B3C
080e1b48	thumb	sub_80E1B48
080e1b68	thumb	sub_80E1B68
080e1bbe	thumb	sub_80E1BBE
080e1bdc	thumb	sub_80E1BDC
080e1c24	thumb	sub_80E1C24
080e1c66	thumb	sub_80E1C66
080e1cb0	thumb	sub_80E1CB0
080e1cd6	thumb	sub_80E1CD6
080e1cf8	thumb	sub_80E1CF8
080e1d18	thumb	sub_80E1D18
080e1d54	thumb	sub_80E1D54
080e1d72	thumb	sub_80E1D72
080e1d7a	thumb	sub_80E1D7A
080e1d88	thumb	sub_80E1D88
080e1dac	thumb	sub_80E1DAC
080e1dfc	thumb	sub_80E1DFC
080e1e0c	thumb	sub_80E1E0C
080e1e20	thumb	sub_80E1E20
080e1e3e	thumb	sub_80E1E3E
080e1e4c	thumb	sub_80E1E4C
080e1e70	thumb	sub_80E1E70
080e1ec6	thumb	sub_80E1EC6
080e1f32	thumb	sub_80E1F32
080e1fb6	thumb	sub_80E1FB6
080e2068	thumb	sub_80E2068
080e2080	thumb	sub_80E2080
080e20b0	thumb	sub_80E20B0
080e213c	thumb	sub_80E213C
080e21ac	thumb	sub_80E21AC
080e21d8	thumb	sub_80E21D8
080e21f8	thumb	sub_80E21F8
080e2208	thumb	sub_80E2208
080e2244	thumb	sub_80E2244
080e225c	thumb	sub_80E225C
080e2280	thumb	sub_80E2280
080e2358	thumb	sub_80E2358
080e2388	thumb	sub_80E2388
080e23a4	thumb	sub_80E23A4
080e23c4	thumb	sub_80E23C4
080e23e8	thumb	sub_80E23E8
080e24b8	thumb	sub_80E24B8
080e24e4	thumb	sub_80E24E4
080e2504	thumb	sub_80E2504
080e2528	thumb	sub_80E2528
080e2566	thumb	sub_80E2566
080e25d0	thumb	sub_80E25D0
080e25f0	thumb	sub_80E25F0
080e2628	thumb	sub_80E2628
080e268c	thumb	sub_80E268C
080e269a	thumb	sub_80E269A
080e26d8	thumb	sub_80E26D8
080e2712	thumb	sub_80E2712
080e28a8	thumb	sub_80E28A8
080e28c8	thumb	sub_80E28C8
080e292c	thumb	sub_80E292C
080e29e6	thumb	sub_80E29E6
080e29f8	thumb	sub_80E29F8
080e2a30	thumb	sub_80E2A30
080e2a64	thumb	sub_80E2A64
080e2a9a	thumb	sub_80E2A9A
080e2aca	thumb	sub_80E2ACA
080e2ae8	thumb	sub_80E2AE8
080e2b08	thumb	sub_80E2B08
080e2b2c	thumb	sub_80E2B2C
080e2b5a	thumb	sub_80E2B5A
080e2b7c	thumb	sub_80E2B7C
080e2b9c	thumb	sub_80E2B9C
080e2bc0	thumb	sub_80E2BC0
080e2be0	thumb	sub_80E2BE0
080e2c08	thumb	sub_80E2C08
080e2c70	thumb	sub_80E2C70
080e2c80	thumb	sub_80E2C80
080e2ca4	thumb	sub_80E2CA4
080e2cc4	thumb	sub_80E2CC4
080e2ce8	thumb	sub_80E2CE8
080e2d08	thumb	sub_80E2D08
080e2d30	thumb	sub_80E2D30
080e2d54	thumb	sub_80E2D54
080e2d76	thumb	sub_80E2D76
080e2d98	thumb	sub_80E2D98
080e2de0	thumb	sub_80E2DE0
080e2e34	thumb	sub_80E2E34
080e2e54	thumb	sub_80E2E54
080e2e78	thumb	sub_80E2E78
080e2e94	thumb	sub_80E2E94
080e2ebc	thumb	sub_80E2EBC
080e2f24	thumb	sub_80E2F24
080e2f56	thumb	sub_80E2F56
080e2f74	thumb	sub_80E2F74
080e2f8c	thumb	sub_80E2F8C
080e2fe0	thumb	sub_80E2FE0
080e2fe8	thumb	sub_80E2FE8
080e3038	thumb	sub_80E3038
080e309c	thumb	sub_80E309C
080e30bc	thumb	sub_80E30BC
080e30e0	thumb	sub_80E30E0
080e3128	thumb	sub_80E3128
080e3150	thumb	sub_80E3150
080e3174	thumb	sub_80E3174
080e318e	thumb	sub_80E318E
080e31c0	thumb	sub_80E31C0
080e31d8	thumb	sub_80E31D8
080e31f8	thumb	sub_80E31F8
080e321c	thumb	sub_80E321C
080e3242	thumb	sub_80E3242
080e3264	thumb	sub_80E3264
080e3290	thumb	sub_80E3290
080e32b8	thumb	sub_80E32B8
080e32d8	thumb	sub_80E32D8
080e336e	thumb	sub_80E336E
080e33d2	thumb	sub_80E33D2
080e33fa	thumb	sub_80E33FA
080e341e	thumb	sub_80E341E
080e3422	thumb	sub_80E3422
080e3428	thumb	sub_80E3428
080e342c	thumb	sub_80E342C
080e344c	thumb	sub_80E344C
080e3470	thumb	sub_80E3470
080e349e	thumb	sub_80E349E
080e34c0	thumb	sub_80E34C0
080e34e0	thumb	sub_80E34E0
080e3504	thumb	sub_80E3504
080e353e	thumb	sub_80E353E
080e3560	thumb	sub_80E3560
080e358c	thumb	sub_80E358C
080e359e	thumb	sub_80E359E
080e35a4	thumb	sub_80E35A4
080e35c4	thumb	sub_80E35C4
080e35e8	thumb	sub_80E35E8
080e360e	thumb	sub_80E360E
080e362c	thumb	sub_80E362C
080e3728	thumb	sub_80E3728
080e3748	thumb	sub_80E3748
080e376c	thumb	sub_80E376C
080e37d2	thumb	sub_80E37D2
080e37f4	thumb	sub_80E37F4
080e3824	thumb	sub_80E3824
080e386a	thumb	sub_80E386A
080e38c8	thumb	sub_80E38C8
080e38ee	thumb	sub_80E38EE
080e3904	thumb	sub_80E3904
080e3930	thumb	sub_80E3930
080e3950	thumb	sub_80E3950
080e3962	thumb	sub_80E3962
080e3976	thumb	sub_80E3976
080e39a0	thumb	sub_80E39A0
080e39d0	thumb	sub_80E39D0
080e3a32	thumb	sub_80E3A32
080e3a74	thumb	sub_80E3A74
080e3a92	thumb	sub_80E3A92
080e3ab8	thumb	sub_80E3AB8
080e3ad8	thumb	sub_80E3AD8
080e3afc	thumb	sub_80E3AFC
080e3b50	thumb	sub_80E3B50
080e3b70	thumb	sub_80E3B70
080e3b94	thumb	sub_80E3B94
080e3bea	thumb	sub_80E3BEA
080e3c14	thumb	sub_80E3C14
080e3cc4	thumb	sub_80E3CC4
080e3cf2	thumb	sub_80E3CF2
080e3d1a	thumb	sub_80E3D1A
080e3d68	thumb	sub_80E3D68
080e3d90	thumb	sub_80E3D90
080e3de0	thumb	sub_80E3DE0
080e3e34	thumb	sub_80E3E34
080e3e38	thumb	sub_80E3E38
080e3eb4	thumb	sub_80E3EB4
080e3edc	thumb	sub_80E3EDC
080e3efc	thumb	sub_80E3EFC
080e3f2a	thumb	sub_80E3F2A
080e3f6c	thumb	sub_80E3F6C
080e3fa2	thumb	sub_80E3FA2
080e3fb4	thumb	sub_80E3FB4
080e3fc4	thumb	sub_80E3FC4
080e3fd0	thumb	sub_80E3FD0
080e3ffc	thumb	sub_80E3FFC
080e403e	thumb	sub_80E403E
080e40c2	thumb	sub_80E40C2
080e40ec	thumb	sub_80E40EC
080e410c	thumb	sub_80E410C
080e4130	thumb	sub_80E4130
080e4164	thumb	sub_80E4164
080e4188	thumb	sub_80E4188
080e41a8	thumb	sub_80E41A8
080e41cc	thumb	sub_80E41CC
080e41f0	thumb	sub_80E41F0
080e4220	thumb	sub_80E4220
080e4266	thumb	sub_80E4266
080e4288	thumb	sub_80E4288
080e42aa	thumb	sub_80E42AA
080e4344	thumb	sub_80E4344
080e4364	thumb	sub_80E4364
080e43a8	thumb	sub_80E43A8
080e43f6	thumb	sub_80E43F6
080e440c	thumb	sub_80E440C
080e442c	thumb	sub_80E442C
080e4450	thumb	sub_80E4450
080e4470	thumb	sub_80E4470
080e44bc	thumb	sub_80E44BC
080e44e0	thumb	sub_80E44E0
080e4510	thumb	sub_80E4510
080e4532	thumb	sub_80E4532
080e4566	thumb	sub_80E4566
080e459c	thumb	sub_80E459C
080e45f8	thumb	sub_80E45F8
080e4612	thumb	sub_80E4612
080e4634	thumb	sub_80E4634
080e4654	thumb	sub_80E4654
080e4678	thumb	sub_80E4678
080e46b6	thumb	sub_80E46B6
080e46d8	thumb	sub_80E46D8
080e46f8	thumb	sub_80E46F8
080e475c	thumb	sub_80E475C
080e4790	thumb	sub_80E4790
080e47a4	thumb	sub_80E47A4
080e47b4	thumb	sub_80E47B4
080e47d4	thumb	sub_80E47D4
080e47f8	thumb	sub_80E47F8
080e4824	thumb	sub_80E4824
080e4848	thumb	sub_80E4848
080e4868	thumb	sub_80E4868
080e48c0	thumb	sub_80E48C0
080e48f0	thumb	sub_80E48F0
080e48f8	thumb	sub_80E48F8
080e4910	thumb	sub_80E4910
080e4930	thumb	sub_80E4930
080e4954	thumb	sub_80E4954
080e49a2	thumb	sub_80E49A2
080e49c4	thumb	sub_80E49C4
080e4a1c	thumb	sub_80E4A1C
080e4a4c	thumb	sub_80E4A4C
080e4a6e	thumb	sub_80E4A6E
080e4aae	thumb	sub_80E4AAE
080e4b34	thumb	sub_80E4B34
080e4b58	thumb	sub_80E4B58
080e4b68	thumb	sub_80E4B68
080e4b88	thumb	sub_80E4B88
080e4b9e	thumb	sub_80E4B9E
080e4bc0	thumb	sub_80E4BC0
080e4bd4	thumb	sub_80E4BD4
080e4c26	thumb	sub_80E4C26
080e4c78	thumb	sub_80E4C78
080e4c96	thumb	sub_80E4C96
080e4cb8	thumb	sub_80E4CB8
080e4cdc	thumb	sub_80E4CDC
080e4d1e	thumb	sub_80E4D1E
080e4d8a	thumb	sub_80E4D8A
080e4da2	thumb	sub_80E4DA2
080e4db0	thumb	sub_80E4DB0
080e4dd0	thumb	sub_80E4DD0
080e4e84	thumb	sub_80E4E84
080e4eb8	thumb	sub_80E4EB8
080e4ec8	thumb	sub_80E4EC8
080e4f18	thumb	sub_80E4F18
080e4fb6	thumb	sub_80E4FB6
080e4fca	thumb	sub_80E4FCA
080e4fe8	thumb	sub_80E4FE8
080e4ffc	thumb	sub_80E4FFC
080e5024	thumb	sub_80E5024
080e5050	thumb	sub_80E5050
080e5068	thumb	sub_80E5068
080e50c4	thumb	sub_80E50C4
080e50e4	thumb	sub_80E50E4
080e50fe	thumb	sub_80E50FE
080e5150	thumb	sub_80E5150
080e5174	thumb	sub_80E5174
080e5208	thumb	sub_80E5208
080e5244	thumb	sub_80E5244
080e5264	thumb	sub_80E5264
080e527a	thumb	sub_80E527A
080e5296	thumb	sub_80E5296
080e52b0	thumb	sub_80E52B0
080e5304	thumb	sub_80E5304
080e5314	thumb	sub_80E5314
080e532c	thumb	sub_80E532C
080e5368	thumb	sub_80E5368
080e5386	thumb	sub_80E5386
080e5410	thumb	sub_80E5410
080e541a	thumb	sub_80E541A
080e543c	thumb	sub_80E543C
080e544c	thumb	sub_80E544C
080e5470	thumb	sub_80E5470
080e5494	thumb	sub_80E5494
080e54dc	thumb	sub_80E54DC
080e54fc	thumb	sub_80E54FC
080e5546	thumb	sub_80E5546
080e557a	thumb	sub_80E557A
080e558a	thumb	sub_80E558A
080e55c0	thumb	sub_80E55C0
080e55e0	thumb	sub_80E55E0
080e5600	thumb	sub_80E5600
080e566c	thumb	sub_80E566C
080e569c	thumb	sub_80E569C
080e56d0	thumb	sub_80E56D0
080e5700	thumb	sub_80E5700
080e5710	thumb	sub_80E5710
080e5734	thumb	sub_80E5734
080e57a0	thumb	sub_80E57A0
080e57bc	thumb	sub_80E57BC
080e5872	thumb	sub_80E5872
080e58a8	thumb	sub_80E58A8
080e58d2	thumb	sub_80E58D2
080e58f4	thumb	sub_80E58F4
080e5910	thumb	sub_80E5910
080e5944	thumb	sub_80E5944
080e5964	thumb	sub_80E5964
080e5988	thumb	sub_80E5988
080e59c6	thumb	sub_80E59C6
080e59e8	thumb	sub_80E59E8
080e5a08	thumb	sub_80E5A08
080e5a22	thumb	sub_80E5A22
080e5a64	thumb	sub_80E5A64
080e5a8a	thumb	sub_80E5A8A
080e5ad6	thumb	sub_80E5AD6
080e5b5e	thumb	sub_80E5B5E
080e5b62	thumb	sub_80E5B62
080e5b6e	thumb	sub_80E5B6E
080e5b7a	thumb	sub_80E5B7A
080e5b88	thumb	sub_80E5B88
080e5ba2	thumb	sub_80E5BA2
080e5bde	thumb	sub_80E5BDE
080e5bf6	thumb	sub_80E5BF6
080e5c0c	thumb	sub_80E5C0C
080e5c2c	thumb	sub_80E5C2C
080e5c4c	thumb	sub_80E5C4C
080e5ca0	thumb	sub_80E5CA0
080e5d12	thumb	sub_80E5D12
080e5d3e	thumb	sub_80E5D3E
080e5d44	thumb	sub_80E5D44
080e5d68	thumb	sub_80E5D68
080e5daa	thumb	sub_80E5DAA
080e5ddc	thumb	sub_80E5DDC
080e5e00	thumb	sub_80E5E00
080e5e20	thumb	sub_80E5E20
080e5e44	thumb	sub_80E5E44
080e5ea8	thumb	sub_80E5EA8
080e5ecc	thumb	sub_80E5ECC
080e5eec	thumb	sub_80E5EEC
080e5f10	thumb	sub_80E5F10
080e5f78	thumb	sub_80E5F78
080e5f9c	thumb	sub_80E5F9C
080e5fbc	thumb	sub_80E5FBC
080e5fdc	thumb	sub_80E5FDC
080e6000	thumb	sub_80E6000
080e6088	thumb	sub_80E6088
080e60a8	thumb	sub_80E60A8
080e60cc	thumb	sub_80E60CC
080e60ec	thumb	sub_80E60EC
080e6180	thumb	sub_80E6180
080e619e	thumb	sub_80E619E
080e61d2	thumb	sub_80E61D2
080e61f4	thumb	sub_80E61F4
080e621c	thumb	sub_80E621C
080e6254	thumb	sub_80E6254
080e6274	thumb	sub_80E6274
080e6298	thumb	sub_80E6298
080e62b4	thumb	sub_80E62B4
080e62d2	thumb	sub_80E62D2
080e62f4	thumb	sub_80E62F4
080e6316	thumb	sub_80E6316
080e6338	thumb	sub_80E6338
080e636a	thumb	sub_80E636A
080e63d0	thumb	sub_80E63D0
080e6438	thumb	sub_80E6438
080e6458	thumb	sub_80E6458
080e6480	thumb	sub_80E6480
080e64a0	thumb	sub_80E64A0
080e64c4	thumb	sub_80E64C4
080e64e8	thumb	sub_80E64E8
080e650a	thumb	sub_80E650A
080e655c	thumb	sub_80E655C
080e6580	thumb	sub_80E6580
080e65e0	thumb	sub_80E65E0
080e6600	thumb	sub_80E6600
080e6644	thumb	sub_80E6644
080e667c	thumb	sub_80E667C
080e6720	thumb	sub_80E6720
080e6758	thumb	sub_80E6758
080e6778	thumb	sub_80E6778
080e679c	thumb	sub_80E679C
080e67e6	thumb	sub_80E67E6
080e680c	thumb	sub_80E680C
080e682c	thumb	sub_80E682C
080e6850	thumb	sub_80E6850
080e6878	thumb	sub_80E6878
080e689c	thumb	sub_80E689C
080e68bc	thumb	sub_80E68BC
080e68dc	thumb	sub_80E68DC
080e68f8	thumb	sub_80E68F8
080e6924	thumb	sub_80E6924
080e696c	thumb	sub_80E696C
080e698e	thumb	sub_80E698E
080e6a7c	thumb	sub_80E6A7C
080e6a90	thumb	sub_80E6A90
080e6ab0	thumb	sub_80E6AB0
080e6ad0	thumb	sub_80E6AD0
080e6af0	thumb	sub_80E6AF0
080e6b36	thumb	sub_80E6B36
080e6b64	thumb	sub_80E6B64
080e6b88	thumb	sub_80E6B88
080e6ba6	thumb	sub_80E6BA6
080e6bdc	thumb	sub_80E6BDC
080e6bfc	thumb	sub_80E6BFC
080e6c1c	thumb	sub_80E6C1C
080e6c34	thumb	sub_80E6C34
080e6c8c	thumb	sub_80E6C8C
080e6caa	thumb	sub_80E6CAA
080e6dfc	thumb	sub_80E6DFC
080e6e44	thumb	sub_80E6E44
080e6e64	thumb	sub_80E6E64
080e6e74	thumb	sub_80E6E74
080e6ea0	thumb	sub_80E6EA0
080e6f10	thumb	sub_80E6F10
080e6f32	thumb	sub_80E6F32
080e6f88	thumb	sub_80E6F88
080e6fa8	thumb	sub_80E6FA8
080e6fcc	thumb	sub_80E6FCC
080e7008	thumb	sub_80E7008
080e702c	thumb	sub_80E702C
080e704c	thumb	sub_80E704C
080e7070	thumb	sub_80E7070
080e70a6	thumb	sub_80E70A6
080e70c8	thumb	sub_80E70C8
080e70f8	thumb	sub_80E70F8
080e7142	thumb	sub_80E7142
080e717a	thumb	sub_80E717A
080e71a0	thumb	sub_80E71A0
080e71b8	thumb	sub_80E71B8
080e71c4	thumb	sub_80E71C4
080e71e4	thumb	sub_80E71E4
080e7208	thumb	sub_80E7208
080e723e	thumb	sub_80E723E
080e7260	thumb	sub_80E7260
080e7280	thumb	sub_80E7280
080e72a4	thumb	sub_80E72A4
080e72c8	thumb	sub_80E72C8
080e7394	thumb	sub_80E7394
080e73a2	thumb	sub_80E73A2
080e7450	thumb	sub_80E7450
080e7464	thumb	sub_80E7464
080e7486	thumb	sub_80E7486
080e74d4	thumb	sub_80E74D4
080e74f4	thumb	sub_80E74F4
080e7518	thumb	sub_80E7518
080e7546	thumb	sub_80E7546
080e7568	thumb	sub_80E7568
080e7588	thumb	sub_80E7588
080e75ac	thumb	sub_80E75AC
080e7600	thumb	sub_80E7600
080e7624	thumb	sub_80E7624
080e7644	thumb	sub_80E7644
080e7668	thumb	sub_80E7668
080e76d4	thumb	sub_80E76D4
080e76f8	thumb	sub_80E76F8
080e7718	thumb	sub_80E7718
080e7756	thumb	sub_80E7756
080e7774	thumb	sub_80E7774
080e7788	thumb	sub_80E7788
080e77b8	thumb	sub_80E77B8
080e7816	thumb	sub_80E7816
080e7896	thumb	sub_80E7896
080e78ae	thumb	sub_80E78AE
080e78bc	thumb	sub_80E78BC
080e78e0	thumb	sub_80E78E0
080e792a	thumb	sub_80E792A
080e7942	thumb	sub_80E7942
080e795c	thumb	sub_80E795C
080e798c	thumb	sub_80E798C
080e79ce	thumb	sub_80E79CE
080e7a50	thumb	sub_80E7A50
080e7a66	thumb	sub_80E7A66
080e7a88	thumb	sub_80E7A88
080e7aa0	thumb	sub_80E7AA0
080e7ab0	thumb	sub_80E7AB0
080e7acc	thumb	sub_80E7ACC
080e7afc	thumb	sub_80E7AFC
080e7b4a	thumb	sub_80E7B4A
080e7bd8	thumb	sub_80E7BD8
080e7bf0	thumb	sub_80E7BF0
080e7bfc	thumb	sub_80E7BFC
080e7c1c	thumb	sub_80E7C1C
080e7c40	thumb	sub_80E7C40
080e7ca8	thumb	sub_80E7CA8
080e7ccc	thumb	sub_80E7CCC
080e7cec	thumb	sub_80E7CEC
080e7d6a	thumb	sub_80E7D6A
080e7d80	thumb	sub_80E7D80
080e7d84	thumb	sub_80E7D84
080e7da4	thumb	sub_80E7DA4
080e7dc4	thumb	sub_80E7DC4
080e7de4	thumb	sub_80E7DE4
080e7e08	thumb	sub_80E7E08
080e7e42	thumb	sub_80E7E42
080e7e64	thumb	sub_80E7E64
080e7e9c	thumb	sub_80E7E9C
080e7ebc	thumb	sub_80E7EBC
080e7ee0	thumb	sub_80E7EE0
080e7f16	thumb	sub_80E7F16
080e7f38	thumb	sub_80E7F38
080e7f58	thumb	sub_80E7F58
080e7f80	thumb	sub_80E7F80
080e7fba	thumb	sub_80E7FBA
080e7fdc	thumb	sub_80E7FDC
080e7ffc	thumb	sub_80E7FFC
080e8020	thumb	sub_80E8020
080e8058	thumb	sub_80E8058
080e807c	thumb	sub_80E807C
080e809c	thumb	sub_80E809C
080e80e0	thumb	sub_80E80E0
080e8124	thumb	sub_80E8124
080e8138	thumb	sub_80E8138
080e8158	thumb	sub_80E8158
080e817c	thumb	sub_80E817C
080e81b4	thumb	sub_80E81B4
080e81d8	thumb	sub_80E81D8
080e81f8	thumb	sub_80E81F8
080e821c	thumb	sub_80E821C
080e8244	thumb	sub_80E8244
080e8268	thumb	sub_80E8268
080e8288	thumb	sub_80E8288
080e829e	thumb	sub_80E829E
080e82c0	thumb	sub_80E82C0
080e82d4	thumb	sub_80E82D4
080e8326	thumb	sub_80E8326
080e8378	thumb	sub_80E8378
080e8396	thumb	sub_80E8396
080e83b8	thumb	sub_80E83B8
080e83d8	thumb	sub_80E83D8
080e83fc	thumb	sub_80E83FC
080e8464	thumb	sub_80E8464
080e8486	thumb	sub_80E8486
080e84d0	thumb	sub_80E84D0
080e857c	thumb	sub_80E857C
080e859c	thumb	sub_80E859C
080e85a8	thumb	sub_80E85A8
080e85fa	thumb	sub_80E85FA
080e8612	thumb	sub_80E8612
080e862e	thumb	sub_80E862E
080e863e	thumb	sub_80E863E
080e8656	thumb	sub_80E8656
080e8688	thumb	sub_80E8688
080e86ac	thumb	sub_80E86AC
080e86f6	thumb	sub_80E86F6
080e8770	thumb	sub_80E8770
080e8788	thumb	sub_80E8788
080e8794	thumb	sub_80E8794
080e87b8	thumb	sub_80E87B8
080e8802	thumb	sub_80E8802
080e887c	thumb	sub_80E887C
080e8894	thumb	sub_80E8894
080e88a0	thumb	sub_80E88A0
080e88c0	thumb	sub_80E88C0
080e88d8	thumb	sub_80E88D8
080e8912	thumb	sub_80E8912
080e8938	thumb	sub_80E8938
080e895c	thumb	sub_80E895C
080e89ba	thumb	sub_80E89BA
080e8a2a	thumb	sub_80E8A2A
080e8a46	thumb	sub_80E8A46
080e8a52	thumb	sub_80E8A52
080e8a60	thumb	sub_80E8A60
080e8a80	thumb	sub_80E8A80
080e8aa4	thumb	sub_80E8AA4
080e8adc	thumb	sub_80E8ADC
080e8b00	thumb	sub_80E8B00
080e8b20	thumb	sub_80E8B20
080e8b44	thumb	sub_80E8B44
080e8b64	thumb	sub_80E8B64
080e8b70	thumb	sub_80E8B70
080e8bb0	thumb	sub_80E8BB0
080e8bc0	thumb	sub_80E8BC0
080e8be2	thumb	sub_80E8BE2
080e8bf8	thumb	sub_80E8BF8
080e8c44	thumb	sub_80E8C44
080e8c84	thumb	sub_80E8C84
080e8cc4	thumb	sub_80E8CC4
080e8cfa	thumb	sub_80E8CFA
080e8d92	thumb	sub_80E8D92
080e8df0	thumb	sub_80E8DF0
080e8e10	thumb	sub_80E8E10
080e8e18	thumb	sub_80E8E18
080e8e34	thumb	sub_80E8E34
080e8e82	thumb	sub_80E8E82
080e8e92	thumb	sub_80E8E92
080e8ea0	thumb	sub_80E8EA0
080e8ee0	thumb	sub_80E8EE0
080e8f00	thumb	sub_80E8F00
080e8f5c	thumb	sub_80E8F5C
080e8f74	thumb	sub_80E8F74
080e8f78	thumb	sub_80E8F78
080e8f98	thumb	sub_80E8F98
080e8fb0	thumb	sub_80E8FB0
080e8fc8	thumb	sub_80E8FC8
080e8fe0	thumb	sub_80E8FE0
080e9000	thumb	sub_80E9000
080e9024	thumb	sub_80E9024
080e9048	thumb	sub_80E9048
080e9074	thumb	sub_80E9074
080e90b0	thumb	sub_80E90B0
080e90ce	thumb	sub_80E90CE
080e90fe	thumb	sub_80E90FE
080e9120	thumb	sub_80E9120
080e9140	thumb	sub_80E9140
080e9164	thumb	sub_80E9164
080e91b8	thumb	sub_80E91B8
080e91e4	thumb	sub_80E91E4
080e9204	thumb	sub_80E9204
080e922c	thumb	sub_80E922C
080e924c	thumb	sub_80E924C
080e9272	thumb	sub_80E9272
080e92c4	thumb	sub_80E92C4
080e92ee	thumb	sub_80E92EE
080e9310	thumb	sub_80E9310
080e9330	thumb	sub_80E9330
080e9354	thumb	sub_80E9354
080e9378	thumb	sub_80E9378
080e93a0	thumb	sub_80E93A0
080e93f2	thumb	sub_80E93F2
080e9412	thumb	sub_80E9412
080e943e	thumb	sub_80E943E
080e9460	thumb	sub_80E9460
080e9480	thumb	sub_80E9480
080e9498	thumb	sub_80E9498
080e94b4	thumb	sub_80E94B4
080e94dc	thumb	sub_80E94DC
080e94f8	thumb	sub_80E94F8
080e956e	thumb	nullsub_12
080e9570	thumb	sub_80E9570
080e9590	thumb	sub_80E9590
080e95b4	thumb	sub_80E95B4
080e95d8	thumb	sub_80E95D8
080e96c6	thumb	sub_80E96C6
080e9714	thumb	sub_80E9714
080e9784	thumb	sub_80E9784
080e979c	thumb	sub_80E979C
080e97be	thumb	sub_80E97BE
080e97f0	thumb	sub_80E97F0
080e9810	thumb	sub_80E9810
080e98de	thumb	sub_80E98DE
080e991c	thumb	sub_80E991C
080e996e	thumb	sub_80E996E
080e9994	thumb	sub_80E9994
080e99b4	thumb	sub_80E99B4
080e99c0	thumb	sub_80E99C0
080e99dc	thumb	sub_80E99DC
080e9a1c	thumb	sub_80E9A1C
080e9a38	thumb	sub_80E9A38
080e9af0	thumb	sub_80E9AF0
080e9b14	thumb	sub_80E9B14
080e9b56	thumb	sub_80E9B56
080e9bdc	thumb	sub_80E9BDC
080e9c00	thumb	sub_80E9C00
080e9c06	thumb	sub_80E9C06
080e9c88	thumb	sub_80E9C88
080e9ca8	thumb	sub_80E9CA8
080e9cba	thumb	sub_80E9CBA
080e9cd6	thumb	sub_80E9CD6
080e9d0c	thumb	sub_80E9D0C
080e9d2a	thumb	sub_80E9D2A
080e9df0	thumb	sub_80E9DF0
080e9e10	thumb	sub_80E9E10
080e9e2c	thumb	sub_80E9E2C
080e9ea0	thumb	sub_80E9EA0
080e9efa	thumb	sub_80E9EFA
080e9f1c	thumb	sub_80E9F1C
080e9f64	thumb	sub_80E9F64
080e9f9c	thumb	sub_80E9F9C
080e9fbc	thumb	sub_80E9FBC
080ea010	thumb	sub_80EA010
080ea030	thumb	sub_80EA030
080ea03c	thumb	sub_80EA03C
080ea05c	thumb	sub_80EA05C
080ea0a0	thumb	sub_80EA0A0
080ea0ec	thumb	sub_80EA0EC
080ea10a	thumb	sub_80EA10A
080ea11c	thumb	sub_80EA11C
080ea14c	thumb	sub_80EA14C
080ea170	thumb	sub_80EA170
080ea1bc	thumb	sub_80EA1BC
080ea258	thumb	sub_80EA258
080ea278	thumb	sub_80EA278
080ea288	thumb	sub_80EA288
080ea2a4	thumb	sub_80EA2A4
080ea31e	thumb	sub_80EA31E
080ea364	thumb	sub_80EA364
080ea384	thumb	sub_80EA384
080ea3a4	thumb	sub_80EA3A4
080ea438	thumb	sub_80EA438
080ea460	thumb	sub_80EA460
080ea484	thumb	sub_80EA484
080ea734	thumb	sub_80EA734
080ea7a0	thumb	nullsub_103
080eac5c	thumb	nullsub_105
080ead9c	thumb	sub_80EAD9C
080eaddc	thumb	sub_80EADDC
080eae28	thumb	sub_80EAE28
080eaf1a	thumb	sub_80EAF1A
080eaf26	thumb	sub_80EAF26
080eaf36	thumb	sub_80EAF36
080eafc2	thumb	sub_80EAFC2
080eb04c	thumb	sub_80EB04C
080eb088	thumb	sub_80EB088
080eb128	thumb	sub_80EB128
080eb194	thumb	sub_80EB194
080eb1c4	thumb	sub_80EB1C4
080eb1f8	thumb	sub_80EB1F8
080eb234	thumb	sub_80EB234
080eb254	thumb	sub_80EB254
080eb2dc	thumb	sub_80EB2DC
080eb3dc	thumb	sub_80EB3DC
080eb402	thumb	sub_80EB402
080eb436	thumb	sub_80EB436
080eb450	thumb	sub_80EB450
080eb502	thumb	sub_80EB502
080eb562	thumb	sub_80EB562
080eb572	thumb	sub_80EB572
080eb628	thumb	sub_80EB628
080eb644	thumb	sub_80EB644
080eb758	thumb	sub_80EB758
080eb776	thumb	sub_80EB776
080eb79c	thumb	sub_80EB79C
080eb84c	thumb	sub_80EB84C
080eb862	thumb	sub_80EB862
080ebae8	thumb	sub_80EBAE8
080ebb34	thumb	sub_80EBB34
080ebb78	thumb	sub_80EBB78
080ebb98	thumb	sub_80EBB98
080ebbe2	thumb	sub_80EBBE2
080ebc0e	thumb	sub_80EBC0E
080ebc28	thumb	sub_80EBC28
080ebd3c	thumb	sub_80EBD3C
080ebd68	thumb	sub_80EBD68
080ebd9c	thumb	sub_80EBD9C
080ebe00	thumb	sub_80EBE00
080ebe20	thumb	sub_80EBE20
080ebe54	thumb	sub_80EBE54
080ebeb2	thumb	sub_80EBEB2
080ebf10	thumb	sub_80EBF10
080ebf30	thumb	sub_80EBF30
080ebf6e	thumb	sub_80EBF6E
080ebff4	thumb	sub_80EBFF4
080ec02a	thumb	sub_80EC02A
080ec044	thumb	sub_80EC044
080ec0c0	thumb	sub_80EC0C0
080ec0e6	thumb	sub_80EC0E6
080ec104	thumb	sub_80EC104
080ec11c	thumb	sub_80EC11C
080ec1c4	thumb	sub_80EC1C4
080ec1f0	thumb	sub_80EC1F0
080ec210	thumb	sub_80EC210
080ec2a4	thumb	sub_80EC2A4
080ec2ea	thumb	sub_80EC2EA
080ec350	thumb	sub_80EC350
080ec39c	thumb	sub_80EC39C
080ec44c	thumb	sub_80EC44C
080ec45e	thumb	sub_80EC45E
080ec490	thumb	sub_80EC490
080ec556	thumb	sub_80EC556
080ec5bc	thumb	sub_80EC5BC
080ec5ec	thumb	sub_80EC5EC
080ec67e	thumb	sub_80EC67E
080ec710	thumb	sub_80EC710
080ec792	thumb	sub_80EC792
080ec7a6	thumb	sub_80EC7A6
080ec7c0	thumb	sub_80EC7C0
080ec81e	thumb	sub_80EC81E
080ec844	thumb	sub_80EC844
080ec884	thumb	sub_80EC884
080ec8a0	thumb	sub_80EC8A0
080ec90e	thumb	sub_80EC90E
080ec934	thumb	sub_80EC934
080ec960	thumb	sub_80EC960
080ec97c	thumb	sub_80EC97C
080eca0c	thumb	sub_80ECA0C
080eca34	thumb	sub_80ECA34
080eca50	thumb	sub_80ECA50
080ecaa4	thumb	sub_80ECAA4
080ecaca	thumb	sub_80ECACA
080ecae8	thumb	sub_80ECAE8
080ecb28	thumb	sub_80ECB28
080ecb84	thumb	sub_80ECB84
080ecbb0	thumb	sub_80ECBB0
080ecbcc	thumb	sub_80ECBCC
080ecc60	thumb	sub_80ECC60
080ecc86	thumb	sub_80ECC86
080eccb0	thumb	sub_80ECCB0
080ecccc	thumb	sub_80ECCCC
080ecd28	thumb	sub_80ECD28
080ecd44	thumb	sub_80ECD44
080ecdd6	thumb	sub_80ECDD6
080ecdfc	thumb	sub_80ECDFC
080ece18	thumb	sub_80ECE18
080ecebc	thumb	sub_80ECEBC
080ecf00	thumb	sub_80ECF00
080ecf2e	thumb	sub_80ECF2E
080ecf48	thumb	sub_80ECF48
080ecf8e	thumb	sub_80ECF8E
080ed040	thumb	sub_80ED040
080ed090	thumb	sub_80ED090
080ed0ac	thumb	sub_80ED0AC
080ed118	thumb	sub_80ED118
080ed13e	thumb	sub_80ED13E
080ed154	thumb	sub_80ED154
080ed25c	thumb	sub_80ED25C
080ed278	thumb	sub_80ED278
080ed2f8	thumb	sub_80ED2F8
080ed314	thumb	sub_80ED314
080ed374	thumb	sub_80ED374
080ed394	thumb	sub_80ED394
080ed3b6	thumb	sub_80ED3B6
080ed41c	thumb	sub_80ED41C
080ed454	thumb	sub_80ED454
080ed470	thumb	sub_80ED470
080ed52c	thumb	sub_80ED52C
080ed55c	thumb	sub_80ED55C
080ed57c	thumb	sub_80ED57C
080ed5be	thumb	sub_80ED5BE
080ed61c	thumb	sub_80ED61C
080ed64c	thumb	sub_80ED64C
080ed668	thumb	sub_80ED668
080ed6ca	thumb	sub_80ED6CA
080ed6e6	thumb	sub_80ED6E6
080ed700	thumb	sub_80ED700
080ed748	thumb	sub_80ED748
080ed764	thumb	sub_80ED764
080ed7a2	thumb	sub_80ED7A2
080ed810	thumb	sub_80ED810
080ed82c	thumb	sub_80ED82C
080ed896	thumb	sub_80ED896
080ed8c4	thumb	sub_80ED8C4
080ed8e0	thumb	sub_80ED8E0
080ed924	thumb	sub_80ED924
080ed94e	thumb	sub_80ED94E
080ed998	thumb	sub_80ED998
080ed9ae	thumb	sub_80ED9AE
080ed9cc	thumb	sub_80ED9CC
080eda0e	thumb	sub_80EDA0E
080edaba	thumb	sub_80EDABA
080edae0	thumb	sub_80EDAE0
080edb14	thumb	sub_80EDB14
080edbcc	thumb	sub_80EDBCC
080edc78	thumb	sub_80EDC78
080edcc0	thumb	sub_80EDCC0
080edcdc	thumb	sub_80EDCDC
080edd5c	thumb	sub_80EDD5C
080edd80	thumb	sub_80EDD80
080edda0	thumb	sub_80EDDA0
080edde0	thumb	sub_80EDDE0
080eddfc	thumb	sub_80EDDFC
080ede4a	thumb	sub_80EDE4A
080ede7e	thumb	sub_80EDE7E
080ede98	thumb	sub_80EDE98
080edef6	thumb	sub_80EDEF6
080edf0c	thumb	sub_80EDF0C
080edf5c	thumb	sub_80EDF5C
080edf78	thumb	sub_80EDF78
080edfc0	thumb	sub_80EDFC0
080edfea	thumb	sub_80EDFEA
080ee044	thumb	sub_80EE044
080ee060	thumb	sub_80EE060
080ee0bc	thumb	sub_80EE0BC
080ee0dc	thumb	sub_80EE0DC
080ee110	thumb	sub_80EE110
080ee162	thumb	sub_80EE162
080ee192	thumb	sub_80EE192
080ee1ac	thumb	sub_80EE1AC
080ee274	thumb	sub_80EE274
080ee2a0	thumb	sub_80EE2A0
080ee2c0	thumb	sub_80EE2C0
080ee2ce	thumb	sub_80EE2CE
080ee33a	thumb	sub_80EE33A
080ee34a	thumb	sub_80EE34A
080ee370	thumb	sub_80EE370
080ee3f0	thumb	sub_80EE3F0
080ee406	thumb	sub_80EE406
080ee50c	thumb	sub_80EE50C
080ee532	thumb	sub_80EE532
080ee55e	thumb	sub_80EE55E
080ee57c	thumb	sub_80EE57C
080ee5a8	thumb	sub_80EE5A8
080ee604	thumb	sub_80EE604
080ee634	thumb	sub_80EE634
080ee654	thumb	sub_80EE654
080ee66e	thumb	sub_80EE66E
080ee6a4	thumb	sub_80EE6A4
080ee6fc	thumb	sub_80EE6FC
080ee71c	thumb	sub_80EE71C
080ee748	thumb	sub_80EE748
080ee7a0	thumb	sub_80EE7A0
080ee7d0	thumb	sub_80EE7D0
080ee7ec	thumb	sub_80EE7EC
080ee840	thumb	sub_80EE840
080ee860	thumb	sub_80EE860
080ee89c	thumb	sub_80EE89C
080ee90c	thumb	sub_80EE90C
080ee92c	thumb	sub_80EE92C
080ee996	thumb	sub_80EE996
080ee9f2	thumb	sub_80EE9F2
080eea3c	thumb	sub_80EEA3C
080eea5c	thumb	sub_80EEA5C
080eea78	thumb	sub_80EEA78
080eeb18	thumb	sub_80EEB18
080eeb4c	thumb	sub_80EEB4C
080eeb68	thumb	sub_80EEB68
080eebe2	thumb	sub_80EEBE2
080eec08	thumb	sub_80EEC08
080eec70	thumb	sub_80EEC70
080eec90	thumb	sub_80EEC90
080eeccc	thumb	sub_80EECCC
080eed30	thumb	sub_80EED30
080eed56	thumb	sub_80EED56
080eed74	thumb	sub_80EED74
080eedde	thumb	sub_80EEDDE
080eee10	thumb	sub_80EEE10
080eee60	thumb	sub_80EEE60
080eee88	thumb	sub_80EEE88
080eeed4	thumb	sub_80EEED4
080eef02	thumb	sub_80EEF02
080eef70	thumb	sub_80EEF70
080eefa4	thumb	sub_80EEFA4
080eefbc	thumb	sub_80EEFBC
080eefdc	thumb	sub_80EEFDC
080ef004	thumb	sub_80EF004
080ef0b4	thumb	sub_80EF0B4
080ef0e2	thumb	sub_80EF0E2
080ef14a	thumb	sub_80EF14A
080ef1ae	thumb	sub_80EF1AE
080ef1ec	thumb	sub_80EF1EC
080ef208	thumb	sub_80EF208
080ef248	thumb	sub_80EF248
080ef282	thumb	sub_80EF282
080ef29c	thumb	sub_80EF29C
080ef30a	thumb	sub_80EF30A
080ef328	thumb	sub_80EF328
080ef348	thumb	sub_80EF348
080ef3a0	thumb	sub_80EF3A0
080ef3f4	thumb	sub_80EF3F4
080ef47a	thumb	sub_80EF47A
080ef4b4	thumb	sub_80EF4B4
080ef4d0	thumb	sub_80EF4D0
080ef534	thumb	sub_80EF534
080ef550	thumb	sub_80EF550
080ef608	thumb	sub_80EF608
080ef62e	thumb	sub_80EF62E
080ef648	thumb	sub_80EF648
080ef6fc	thumb	sub_80EF6FC
080ef7e2	thumb	sub_80EF7E2
080ef7fc	thumb	sub_80EF7FC
080ef87c	thumb	sub_80EF87C
080ef970	thumb	sub_80EF970
080ef990	thumb	sub_80EF990
080ef9a2	thumb	sub_80EF9A2
080efa30	thumb	sub_80EFA30
080efa56	thumb	sub_80EFA56
080efa74	thumb	sub_80EFA74
080efb0c	thumb	sub_80EFB0C
080efba0	thumb	sub_80EFBA0
080efc1c	thumb	sub_80EFC1C
080efc38	thumb	sub_80EFC38
080efc8e	thumb	sub_80EFC8E
080efcb4	thumb	sub_80EFCB4
080efcd8	thumb	sub_80EFCD8
080efd5e	thumb	sub_80EFD5E
080efd74	thumb	sub_80EFD74
080efd8c	thumb	sub_80EFD8C
080efdb2	thumb	sub_80EFDB2
080efe7c	thumb	sub_80EFE7C
080efeac	thumb	sub_80EFEAC
080efee0	thumb	sub_80EFEE0
080eff00	thumb	sub_80EFF00
080eff28	thumb	sub_80EFF28
080f0068	thumb	sub_80F0068
080f0094	thumb	sub_80F0094
080f00b0	thumb	sub_80F00B0
080f00f2	thumb	sub_80F00F2
080f0110	thumb	sub_80F0110
080f014c	thumb	sub_80F014C
080f01e8	thumb	sub_80F01E8
080f020e	thumb	sub_80F020E
080f0228	thumb	sub_80F0228
080f0262	thumb	sub_80F0262
080f02a2	thumb	sub_80F02A2
080f0354	thumb	sub_80F0354
080f0606	thumb	nullsub_104
080f0608	thumb	sub_80F0608
080f06ce	thumb	sub_80F06CE
080f0700	thumb	sub_80F0700
080f070e	thumb	sub_80F070E
080f0728	thumb	sub_80F0728
080f0754	thumb	sub_80F0754
080f0778	thumb	sub_80F0778
080f0798	thumb	sub_80F0798
080f0832	thumb	sub_80F0832
080f0898	thumb	sub_80F0898
080f08ba	thumb	sub_80F08BA
080f094c	thumb	sub_80F094C
080f0968	thumb	sub_80F0968
080f0990	thumb	sub_80F0990
080f09b8	thumb	sub_80F09B8
080f09dc	thumb	sub_80F09DC
080f0a7a	thumb	sub_80F0A7A
080f0ab6	thumb	sub_80F0AB6
080f0b0e	thumb	sub_80F0B0E
080f0b32	thumb	sub_80F0B32
080f0b80	thumb	sub_80F0B80
080f0ba4	thumb	sub_80F0BA4
080f0bd2	thumb	sub_80F0BD2
080f0c48	thumb	sub_80F0C48
080f0c64	thumb	sub_80F0C64
080f0c8c	thumb	sub_80F0C8C
080f0cb0	thumb	sub_80F0CB0
080f0cd4	thumb	sub_80F0CD4
080f0d08	thumb	sub_80F0D08
080f0d64	thumb	sub_80F0D64
080f0dec	thumb	sub_80F0DEC
080f0e3a	thumb	sub_80F0E3A
080f0e96	thumb	sub_80F0E96
080f0ec0	thumb	sub_80F0EC0
080f0f78	thumb	sub_80F0F78
080f0fb4	thumb	sub_80F0FB4
080f0fd4	thumb	sub_80F0FD4
080f0ff8	thumb	sub_80F0FF8
080f1032	thumb	sub_80F1032
080f1056	thumb	sub_80F1056
080f1074	thumb	sub_80F1074
080f10a0	thumb	sub_80F10A0
080f10ce	thumb	sub_80F10CE
080f10f2	thumb	sub_80F10F2
080f111c	thumb	sub_80F111C
080f1148	thumb	sub_80F1148
080f1198	thumb	sub_80F1198
080f11bc	thumb	sub_80F11BC
080f1284	thumb	sub_80F1284
080f12ac	thumb	sub_80F12AC
080f1310	thumb	sub_80F1310
080f1334	thumb	sub_80F1334
080f1350	thumb	sub_80F1350
080f1390	thumb	sub_80F1390
080f13b4	thumb	sub_80F13B4
080f1460	thumb	sub_80F1460
080f146e	thumb	sub_80F146E
080f149c	thumb	sub_80F149C
080f14bc	thumb	sub_80F14BC
080f1500	thumb	sub_80F1500
080f153c	thumb	sub_80F153C
080f1558	thumb	sub_80F1558
080f15aa	thumb	sub_80F15AA
080f15ce	thumb	sub_80F15CE
080f15fc	thumb	sub_80F15FC
080f162c	thumb	sub_80F162C
080f1694	thumb	sub_80F1694
080f16b4	thumb	sub_80F16B4
080f16e0	thumb	sub_80F16E0
080f172c	thumb	sub_80F172C
080f1756	thumb	sub_80F1756
080f17c4	thumb	sub_80F17C4
080f17e4	thumb	sub_80F17E4
080f1808	thumb	sub_80F1808
080f1888	thumb	sub_80F1888
080f18ac	thumb	sub_80F18AC
080f18cc	thumb	sub_80F18CC
080f1902	thumb	sub_80F1902
080f194c	thumb	sub_80F194C
080f197a	thumb	sub_80F197A
080f19d4	thumb	sub_80F19D4
080f19f0	thumb	sub_80F19F0
080f1a1e	thumb	sub_80F1A1E
080f1a46	thumb	sub_80F1A46
080f1a60	thumb	sub_80F1A60
080f1ab6	thumb	sub_80F1AB6
080f1ade	thumb	sub_80F1ADE
080f1b24	thumb	sub_80F1B24
080f1b78	thumb	sub_80F1B78
080f1ba8	thumb	sub_80F1BA8
080f1bc4	thumb	sub_80F1BC4
080f1bf4	thumb	sub_80F1BF4
080f1c1c	thumb	sub_80F1C1C
080f1c48	thumb	sub_80F1C48
080f1c78	thumb	sub_80F1C78
080f1d30	thumb	sub_80F1D30
080f1d6c	thumb	sub_80F1D6C
080f1d9a	thumb	sub_80F1D9A
080f1de4	thumb	sub_80F1DE4
080f1e08	thumb	sub_80F1E08
080f1e50	thumb	sub_80F1E50
080f1e7e	thumb	sub_80F1E7E
080f1e98	thumb	sub_80F1E98
080f1f18	thumb	sub_80F1F18
080f1f34	thumb	sub_80F1F34
080f1f7c	thumb	sub_80F1F7C
080f1fa0	thumb	sub_80F1FA0
080f1fc0	thumb	sub_80F1FC0
080f2004	thumb	sub_80F2004
080f204e	thumb	sub_80F204E
080f207c	thumb	sub_80F207C
080f20a0	thumb	sub_80F20A0
080f20f8	thumb	sub_80F20F8
080f2124	thumb	sub_80F2124
080f2142	thumb	sub_80F2142
080f2180	thumb	sub_80F2180
080f21fc	thumb	sub_80F21FC
080f222c	thumb	sub_80F222C
080f2268	thumb	sub_80F2268
080f2274	thumb	sub_80F2274
080f2290	thumb	sub_80F2290
080f22c2	thumb	sub_80F22C2
080f22da	thumb	sub_80F22DA
080f22f8	thumb	sub_80F22F8
080f2330	thumb	sub_80F2330
080f2354	thumb	sub_80F2354
080f28c0	thumb	nullsub_106
080f29d8	thumb	sub_80F29D8
080f2a04	thumb	sub_80F2A04
080f2a16	thumb	sub_80F2A16
080f2a1e	thumb	sub_80F2A1E
080f2b48	thumb	sub_80F2B48
080f2b6c	thumb	sub_80F2B6C
080f2bee	thumb	sub_80F2BEE
080f2c82	thumb	sub_80F2C82
080f2c90	thumb	sub_80F2C90
080f2cc2	thumb	sub_80F2CC2
080f2ce4	thumb	sub_80F2CE4
080f2d08	thumb	sub_80F2D08
080f2d2c	thumb	sub_80F2D2C
080f2d50	thumb	sub_80F2D50
080f2d64	thumb	sub_80F2D64
080f2d88	thumb	sub_80F2D88
080f2dac	thumb	sub_80F2DAC
080f2ddc	thumb	sub_80F2DDC
080f2e54	thumb	sub_80F2E54
080f2ed4	thumb	sub_80F2ED4
080f2ef4	thumb	sub_80F2EF4
080f2f54	thumb	sub_80F2F54
080f2f80	thumb	sub_80F2F80
080f2fba	thumb	sub_80F2FBA
080f2fe4	thumb	sub_80F2FE4
080f3040	thumb	sub_80F3040
080f306c	thumb	sub_80F306C
080f308e	thumb	sub_80F308E
080f30b2	thumb	sub_80F30B2
080f3104	thumb	sub_80F3104
080f3124	thumb	sub_80F3124
080f315c	thumb	sub_80F315C
080f3180	thumb	sub_80F3180
080f31ee	thumb	sub_80F31EE
080f3230	thumb	sub_80F3230
080f32bc	thumb	sub_80F32BC
080f3312	thumb	sub_80F3312
080f336c	thumb	sub_80F336C
080f3396	thumb	sub_80F3396
080f3400	thumb	sub_80F3400
080f3428	thumb	sub_80F3428
080f3460	thumb	sub_80F3460
080f3472	thumb	sub_80F3472
080f34ec	thumb	sub_80F34EC
080f3518	thumb	sub_80F3518
080f3546	thumb	sub_80F3546
080f357c	thumb	sub_80F357C
080f35e4	thumb	sub_80F35E4
080f3628	thumb	sub_80F3628
080f367e	thumb	sub_80F367E
080f36a2	thumb	sub_80F36A2
080f3704	thumb	sub_80F3704
080f3784	thumb	sub_80F3784
080f37d8	thumb	sub_80F37D8
080f382c	thumb	sub_80F382C
080f388e	thumb	sub_80F388E
080f38aa	thumb	sub_80F38AA
080f38d0	thumb	sub_80F38D0
080f3a04	thumb	sub_80F3A04
080f3a24	thumb	sub_80F3A24
080f3b24	thumb	sub_80F3B24
080f3b7a	thumb	sub_80F3B7A
080f3b8c	thumb	sub_80F3B8C
080f3bb0	thumb	sub_80F3BB0
080f3bd4	thumb	sub_80F3BD4
080f3bf8	thumb	sub_80F3BF8
080f3c1c	thumb	sub_80F3C1C
080f3c2c	thumb	sub_80F3C2C
080f3ca4	thumb	sub_80F3CA4
080f3d24	thumb	sub_80F3D24
080f3d44	thumb	sub_80F3D44
080f3dc0	thumb	sub_80F3DC0
080f3e0a	thumb	sub_80F3E0A
080f3e2a	thumb	sub_80F3E2A
080f3e48	thumb	sub_80F3E48
080f3e7a	thumb	sub_80F3E7A
080f3ea2	thumb	sub_80F3EA2
080f3ec6	thumb	sub_80F3EC6
080f3ef0	thumb	sub_80F3EF0
080f3f24	thumb	sub_80F3F24
080f3fb0	thumb	sub_80F3FB0
080f4008	thumb	sub_80F4008
080f404e	thumb	sub_80F404E
080f40b4	thumb	sub_80F40B4
080f40d8	thumb	sub_80F40D8
080f4108	thumb	sub_80F4108
080f4144	thumb	sub_80F4144
080f41c0	thumb	sub_80F41C0
080f420a	thumb	sub_80F420A
080f422c	thumb	sub_80F422C
080f4256	thumb	sub_80F4256
080f4274	thumb	sub_80F4274
080f4298	thumb	sub_80F4298
080f42c8	thumb	sub_80F42C8
080f42f6	thumb	sub_80F42F6
080f4384	thumb	sub_80F4384
080f43dc	thumb	sub_80F43DC
080f441c	thumb	sub_80F441C
080f44e4	thumb	sub_80F44E4
080f455c	thumb	sub_80F455C
080f45b8	thumb	sub_80F45B8
080f4658	thumb	sub_80F4658
080f46a4	thumb	sub_80F46A4
080f4728	thumb	sub_80F4728
080f4778	thumb	sub_80F4778
080f48c8	thumb	sub_80F48C8
080f48e8	thumb	sub_80F48E8
080f4964	thumb	sub_80F4964
080f49a2	thumb	sub_80F49A2
080f49d4	thumb	sub_80F49D4
080f49f8	thumb	sub_80F49F8
080f4a1c	thumb	sub_80F4A1C
080f4a30	thumb	sub_80F4A30
080f4a54	thumb	sub_80F4A54
080f4a78	thumb	sub_80F4A78
080f4a8c	thumb	sub_80F4A8C
080f4ab2	thumb	sub_80F4AB2
080f4ac6	thumb	sub_80F4AC6
080f4afe	thumb	sub_80F4AFE
080f4b34	thumb	sub_80F4B34
080f4b74	thumb	sub_80F4B74
080f4c24	thumb	sub_80F4C24
080f4c44	thumb	sub_80F4C44
080f4cb4	thumb	sub_80F4CB4
080f4cfa	thumb	sub_80F4CFA
080f4d1e	thumb	sub_80F4D1E
080f4d50	thumb	sub_80F4D50
080f4dc4	thumb	sub_80F4DC4
080f4df8	thumb	sub_80F4DF8
080f4e44	thumb	sub_80F4E44
080f4ecc	thumb	sub_80F4ECC
080f4f14	thumb	sub_80F4F14
080f4f88	thumb	sub_80F4F88
080f4fa8	thumb	sub_80F4FA8
080f4ffe	thumb	sub_80F4FFE
080f5028	thumb	sub_80F5028
080f50a0	thumb	sub_80F50A0
080f50e2	thumb	sub_80F50E2
080f5168	thumb	sub_80F5168
080f5208	thumb	sub_80F5208
080f5260	thumb	sub_80F5260
080f5280	thumb	sub_80F5280
080f52a8	thumb	sub_80F52A8
080f531c	thumb	sub_80F531C
080f5366	thumb	sub_80F5366
080f5390	thumb	sub_80F5390
080f53ca	thumb	sub_80F53CA
080f53ea	thumb	sub_80F53EA
080f5484	thumb	sub_80F5484
080f5518	thumb	sub_80F5518
080f55ac	thumb	sub_80F55AC
080f5668	thumb	sub_80F5668
080f5704	thumb	sub_80F5704
080f57de	thumb	sub_80F57DE
080f5928	thumb	sub_80F5928
080f594c	thumb	sub_80F594C
080f59e8	thumb	sub_80F59E8
080f59fe	thumb	sub_80F59FE
080f5a1a	thumb	sub_80F5A1A
080f5a58	thumb	sub_80F5A58
080f5a8c	thumb	sub_80F5A8C
080f5aa0	thumb	sub_80F5AA0
080f5ad4	thumb	sub_80F5AD4
080f5b02	thumb	sub_80F5B02
080f5b84	thumb	sub_80F5B84
080f5ba4	thumb	sub_80F5BA4
080f5c00	thumb	sub_80F5C00
080f5c2c	thumb	sub_80F5C2C
080f5c66	thumb	sub_80F5C66
080f5c90	thumb	sub_80F5C90
080f5cf0	thumb	sub_80F5CF0
080f5d1c	thumb	sub_80F5D1C
080f5d3e	thumb	sub_80F5D3E
080f5d74	thumb	sub_80F5D74
080f5dae	thumb	sub_80F5DAE
080f5dd2	thumb	sub_80F5DD2
080f5e18	thumb	sub_80F5E18
080f5e70	thumb	sub_80F5E70
080f5e9c	thumb	sub_80F5E9C
080f5ebe	thumb	sub_80F5EBE
080f5ede	thumb	sub_80F5EDE
080f5f26	thumb	sub_80F5F26
080f5f98	thumb	sub_80F5F98
080f5fc0	thumb	sub_80F5FC0
080f5fd4	thumb	sub_80F5FD4
080f5ff4	thumb	sub_80F5FF4
080f602e	thumb	sub_80F602E
080f6052	thumb	sub_80F6052
080f60a0	thumb	sub_80F60A0
080f60c4	thumb	sub_80F60C4
080f6154	thumb	sub_80F6154
080f61b6	thumb	sub_80F61B6
080f61e4	thumb	sub_80F61E4
080f6206	thumb	sub_80F6206
080f622a	thumb	sub_80F622A
080f6254	thumb	sub_80F6254
080f62ec	thumb	sub_80F62EC
080f6310	thumb	sub_80F6310
080f648c	thumb	sub_80F648C
080f64b0	thumb	sub_80F64B0
080f64e6	thumb	sub_80F64E6
080f64f4	thumb	sub_80F64F4
080f650a	thumb	sub_80F650A
080f651c	thumb	sub_80F651C
080f6560	thumb	sub_80F6560
080f6592	thumb	sub_80F6592
080f65a4	thumb	sub_80F65A4
080f65c4	thumb	sub_80F65C4
080f65ee	thumb	sub_80F65EE
080f661e	thumb	sub_80F661E
080f663c	thumb	sub_80F663C
080f66ec	thumb	sub_80F66EC
080f6704	thumb	sub_80F6704
080f6724	thumb	sub_80F6724
080f6748	thumb	sub_80F6748
080f678e	thumb	sub_80F678E
080f67b6	thumb	sub_80F67B6
080f6880	thumb	sub_80F6880
080f68c4	thumb	sub_80F68C4
080f68f8	thumb	sub_80F68F8
080f6908	thumb	sub_80F6908
080f695c	thumb	sub_80F695C
080f6994	thumb	sub_80F6994
080f6a5c	thumb	sub_80F6A5C
080f6abc	thumb	sub_80F6ABC
080f6b94	thumb	sub_80F6B94
080f6bb8	thumb	sub_80F6BB8
080f6bea	thumb	sub_80F6BEA
080f6c10	thumb	sub_80F6C10
080f6c1c	thumb	sub_80F6C1C
080f6c76	thumb	sub_80F6C76
080f6c96	thumb	sub_80F6C96
080f6da0	thumb	sub_80F6DA0
080f6de4	thumb	sub_80F6DE4
080f6e0c	thumb	sub_80F6E0C
080f6e20	thumb	sub_80F6E20
080f6e76	thumb	sub_80F6E76
080f6ea6	thumb	sub_80F6EA6
080f6f7c	thumb	sub_80F6F7C
080f6fd0	thumb	sub_80F6FD0
080f6fec	thumb	sub_80F6FEC
080f70a0	thumb	sub_80F70A0
080f70e0	thumb	sub_80F70E0
080f710a	thumb	sub_80F710A
080f7140	thumb	sub_80F7140
080f7154	thumb	sub_80F7154
080f716e	thumb	sub_80F716E
080f71a8	thumb	sub_80F71A8
080f71e0	thumb	sub_80F71E0
080f7238	thumb	sub_80F7238
080f73bc	thumb	sub_80F73BC
080f73ca	thumb	sub_80F73CA
080f73fa	thumb	sub_80F73FA
080f742e	thumb	sub_80F742E
080f74a8	thumb	sub_80F74A8
080f7500	thumb	sub_80F7500
080f7514	thumb	sub_80F7514
080f7520	thumb	sub_80F7520
080f7670	thumb	sub_80F7670
080f7690	thumb	sub_80F7690
080f76f4	thumb	sub_80F76F4
080f7732	thumb	sub_80F7732
080f7744	thumb	sub_80F7744
080f7768	thumb	sub_80F7768
080f778c	thumb	sub_80F778C
080f77b0	thumb	sub_80F77B0
080f77d4	thumb	sub_80F77D4
080f77e8	thumb	sub_80F77E8
080f7830	thumb	sub_80F7830
080f7856	thumb	sub_80F7856
080f7886	thumb	sub_80F7886
080f78c4	thumb	sub_80F78C4
080f78fa	thumb	sub_80F78FA
080f7970	thumb	sub_80F7970
080f79f0	thumb	sub_80F79F0
080f7a10	thumb	sub_80F7A10
080f7a6c	thumb	sub_80F7A6C
080f7a98	thumb	sub_80F7A98
080f7ad2	thumb	sub_80F7AD2
080f7afc	thumb	sub_80F7AFC
080f7b70	thumb	sub_80F7B70
080f7b9c	thumb	sub_80F7B9C
080f7bbe	thumb	sub_80F7BBE
080f7bde	thumb	sub_80F7BDE
080f7c3a	thumb	sub_80F7C3A
080f7c5e	thumb	sub_80F7C5E
080f7c8c	thumb	sub_80F7C8C
080f7cf0	thumb	sub_80F7CF0
080f7d1c	thumb	sub_80F7D1C
080f7d34	thumb	sub_80F7D34
080f7dba	thumb	sub_80F7DBA
080f7e30	thumb	sub_80F7E30
080f7e68	thumb	sub_80F7E68
080f7ea6	thumb	sub_80F7EA6
080f7ed8	thumb	sub_80F7ED8
080f7f1e	thumb	sub_80F7F1E
080f7f7c	thumb	sub_80F7F7C
080f7fa2	thumb	sub_80F7FA2
080f7fc2	thumb	sub_80F7FC2
080f8014	thumb	sub_80F8014
080f803e	thumb	sub_80F803E
080f8094	thumb	sub_80F8094
080f811a	thumb	sub_80F811A
080f81c0	thumb	sub_80F81C0
080f8256	thumb	sub_80F8256
080f82b0	thumb	sub_80F82B0
080f82e2	thumb	sub_80F82E2
080f8428	thumb	sub_80F8428
080f8448	thumb	sub_80F8448
080f8540	thumb	sub_80F8540
080f85b2	thumb	sub_80F85B2
080f85d4	thumb	sub_80F85D4
080f85e8	thumb	sub_80F85E8
080f85fc	thumb	sub_80F85FC
080f8610	thumb	sub_80F8610
080f865c	thumb	sub_80F865C
080f870c	thumb	sub_80F870C
080f872c	thumb	sub_80F872C
080f8794	thumb	sub_80F8794
080f87da	thumb	sub_80F87DA
080f87fe	thumb	sub_80F87FE
080f882c	thumb	sub_80F882C
080f8890	thumb	sub_80F8890
080f88bc	thumb	sub_80F88BC
080f88da	thumb	sub_80F88DA
080f8914	thumb	sub_80F8914
080f8962	thumb	sub_80F8962
080f8972	thumb	sub_80F8972
080f8996	thumb	sub_80F8996
080f89c0	thumb	sub_80F89C0
080f8a1c	thumb	sub_80F8A1C
080f8a48	thumb	sub_80F8A48
080f8a66	thumb	sub_80F8A66
080f8a9c	thumb	sub_80F8A9C
080f8b20	thumb	sub_80F8B20
080f8b44	thumb	sub_80F8B44
080f8b74	thumb	sub_80F8B74
080f8bd8	thumb	sub_80F8BD8
080f8c04	thumb	sub_80F8C04
080f8c22	thumb	sub_80F8C22
080f8c4c	thumb	sub_80F8C4C
080f8c7a	thumb	sub_80F8C7A
080f8cca	thumb	sub_80F8CCA
080f8cf8	thumb	sub_80F8CF8
080f8d3e	thumb	sub_80F8D3E
080f8da8	thumb	sub_80F8DA8
080f8dfe	thumb	sub_80F8DFE
080f8e48	thumb	sub_80F8E48
080f8e90	thumb	sub_80F8E90
080f8eaa	thumb	sub_80F8EAA
080f8fe0	thumb	sub_80F8FE0
080f9000	thumb	sub_80F9000
080f9088	thumb	sub_80F9088
080f90ba	thumb	sub_80F90BA
080f9104	thumb	sub_80F9104
080f9118	thumb	sub_80F9118
080f912c	thumb	sub_80F912C
080f9140	thumb	sub_80F9140
080f9154	thumb	sub_80F9154
080f9168	thumb	sub_80F9168
080f91a2	thumb	sub_80F91A2
080f91f6	thumb	sub_80F91F6
080f9222	thumb	sub_80F9222
080f92d0	thumb	sub_80F92D0
080f92f0	thumb	sub_80F92F0
080f9358	thumb	sub_80F9358
080f939e	thumb	sub_80F939E
080f93c2	thumb	sub_80F93C2
080f93e8	thumb	sub_80F93E8
080f945c	thumb	sub_80F945C
080f94a2	thumb	sub_80F94A2
080f94d8	thumb	sub_80F94D8
080f9518	thumb	sub_80F9518
080f953c	thumb	sub_80F953C
080f9560	thumb	sub_80F9560
080f95d4	thumb	sub_80F95D4
080f961a	thumb	sub_80F961A
080f96a0	thumb	sub_80F96A0
080f96c2	thumb	sub_80F96C2
080f96ec	thumb	sub_80F96EC
080f9716	thumb	sub_80F9716
080f975a	thumb	sub_80F975A
080f97c0	thumb	sub_80F97C0
080f98c0	thumb	sub_80F98C0
080f9932	thumb	sub_80F9932
080f993a	thumb	sub_80F993A
080f9980	thumb	sub_80F9980
080f9992	thumb	sub_80F9992
080f99ca	thumb	sub_80F99CA
080f99fc	thumb	sub_80F99FC
080f9a18	thumb	sub_80F9A18
080f9ae8	thumb	sub_80F9AE8
080f9b4c	thumb	sub_80F9B4C
080f9bdc	thumb	sub_80F9BDC
080f9c28	thumb	sub_80F9C28
080f9d74	thumb	sub_80F9D74
080f9d94	thumb	sub_80F9D94
080f9de4	thumb	sub_80F9DE4
080f9df2	thumb	sub_80F9DF2
080f9e34	thumb	sub_80F9E34
080f9e58	thumb	sub_80F9E58
080f9e6c	thumb	sub_80F9E6C
080f9e90	thumb	sub_80F9E90
080f9ea4	thumb	sub_80F9EA4
080f9ec8	thumb	sub_80F9EC8
080f9edc	thumb	sub_80F9EDC
080f9f00	thumb	sub_80F9F00
080f9f24	thumb	sub_80F9F24
080f9f44	thumb	sub_80F9F44
080f9f76	thumb	sub_80F9F76
080f9fa6	thumb	sub_80F9FA6
080f9fec	thumb	sub_80F9FEC
080fa01a	thumb	sub_80FA01A
080fa0b0	thumb	sub_80FA0B0
080fa0d0	thumb	sub_80FA0D0
080fa144	thumb	sub_80FA144
080fa18a	thumb	sub_80FA18A
080fa1ae	thumb	sub_80FA1AE
080fa1d8	thumb	sub_80FA1D8
080fa22a	thumb	sub_80FA22A
080fa284	thumb	sub_80FA284
080fa31e	thumb	sub_80FA31E
080fa37c	thumb	sub_80FA37C
080fa3fa	thumb	sub_80FA3FA
080fa41e	thumb	sub_80FA41E
080fa44c	thumb	sub_80FA44C
080fa4bc	thumb	sub_80FA4BC
080fa4fe	thumb	sub_80FA4FE
080fa540	thumb	sub_80FA540
080fa5b4	thumb	sub_80FA5B4
080fa644	thumb	sub_80FA644
080fa6b0	thumb	sub_80FA6B0
080fa6d4	thumb	sub_80FA6D4
080fa708	thumb	sub_80FA708
080fa780	thumb	sub_80FA780
080fa7c2	thumb	sub_80FA7C2
080fa7f2	thumb	sub_80FA7F2
080fa81e	thumb	sub_80FA81E
080fa8f0	thumb	sub_80FA8F0
080fa968	thumb	sub_80FA968
080fa9e0	thumb	sub_80FA9E0
080faa04	thumb	sub_80FAA04
080faaac	thumb	sub_80FAAAC
080fab2c	thumb	sub_80FAB2C
080fab48	thumb	sub_80FAB48
080fabec	thumb	sub_80FABEC
080fac34	thumb	sub_80FAC34
080fac8a	thumb	sub_80FAC8A
080fadd0	thumb	sub_80FADD0
080fadf0	thumb	sub_80FADF0
080fae54	thumb	sub_80FAE54
080fae5c	thumb	sub_80FAE5C
080fae60	thumb	sub_80FAE60
080faea0	thumb	sub_80FAEA0
080faec4	thumb	sub_80FAEC4
080faee8	thumb	sub_80FAEE8
080faf0c	thumb	sub_80FAF0C
080faf30	thumb	sub_80FAF30
080faf44	thumb	sub_80FAF44
080faf7c	thumb	sub_80FAF7C
080fafa0	thumb	sub_80FAFA0
080fafb4	thumb	sub_80FAFB4
080faff2	thumb	sub_80FAFF2
080fb028	thumb	sub_80FB028
080fb062	thumb	sub_80FB062
080fb114	thumb	sub_80FB114
080fb134	thumb	sub_80FB134
080fb19c	thumb	sub_80FB19C
080fb1e2	thumb	sub_80FB1E2
080fb206	thumb	sub_80FB206
080fb230	thumb	sub_80FB230
080fb2a4	thumb	sub_80FB2A4
080fb2ea	thumb	sub_80FB2EA
080fb30e	thumb	sub_80FB30E
080fb366	thumb	sub_80FB366
080fb3ca	thumb	sub_80FB3CA
080fb3f8	thumb	sub_80FB3F8
080fb424	thumb	sub_80FB424
080fb494	thumb	sub_80FB494
080fb4da	thumb	sub_80FB4DA
080fb4fe	thumb	sub_80FB4FE
080fb540	thumb	sub_80FB540
080fb594	thumb	sub_80FB594
080fb5b8	thumb	sub_80FB5B8
080fb5e0	thumb	sub_80FB5E0
080fb650	thumb	sub_80FB650
080fb696	thumb	sub_80FB696
080fb6c0	thumb	sub_80FB6C0
080fb700	thumb	sub_80FB700
080fb724	thumb	sub_80FB724
080fb76a	thumb	sub_80FB76A
080fb7b4	thumb	sub_80FB7B4
080fb812	thumb	sub_80FB812
080fb81e	thumb	sub_80FB81E
080fb874	thumb	sub_80FB874
080fb886	thumb	sub_80FB886
080fb9dc	thumb	sub_80FB9DC
080fba0c	thumb	sub_80FBA0C
080fba24	thumb	sub_80FBA24
080fba9a	thumb	sub_80FBA9A
080fbb34	thumb	sub_80FBB34
080fbbca	thumb	sub_80FBBCA
080fbc8a	thumb	sub_80FBC8A
080fbca2	thumb	sub_80FBCA2
080fbcf2	thumb	sub_80FBCF2
080fbd04	thumb	sub_80FBD04
080fbd18	thumb	sub_80FBD18
080fbd2c	thumb	sub_80FBD2C
080fbd40	thumb	sub_80FBD40
080fbd54	thumb	sub_80FBD54
080fbd68	thumb	sub_80FBD68
080fbd7c	thumb	sub_80FBD7C
080fbd90	thumb	sub_80FBD90
080fbda4	thumb	sub_80FBDA4
080fbdb8	thumb	sub_80FBDB8
080fbdcc	thumb	sub_80FBDCC
080fbde0	thumb	sub_80FBDE0
080fbdf4	thumb	sub_80FBDF4
080fbe4c	thumb	sub_80FBE4C
080fbe60	thumb	sub_80FBE60
080fbe9c	thumb	sub_80FBE9C
080fbee8	thumb	sub_80FBEE8
080fbf24	thumb	sub_80FBF24
080fbf54	thumb	sub_80FBF54
080fbf92	thumb	sub_80FBF92
080fc074	thumb	sub_80FC074
080fc094	thumb	sub_80FC094
080fc0ec	thumb	sub_80FC0EC
080fc118	thumb	sub_80FC118
080fc152	thumb	sub_80FC152
080fc17c	thumb	sub_80FC17C
080fc1dc	thumb	sub_80FC1DC
080fc208	thumb	sub_80FC208
080fc226	thumb	sub_80FC226
080fc26a	thumb	sub_80FC26A
080fc2dc	thumb	sub_80FC2DC
080fc302	thumb	sub_80FC302
080fc338	thumb	sub_80FC338
080fc398	thumb	sub_80FC398
080fc3c4	thumb	sub_80FC3C4
080fc3e2	thumb	sub_80FC3E2
080fc444	thumb	sub_80FC444
080fc4d2	thumb	sub_80FC4D2
080fc51c	thumb	sub_80FC51C
080fc58e	thumb	sub_80FC58E
080fc5ae	thumb	sub_80FC5AE
080fc5fa	thumb	sub_80FC5FA
080fc628	thumb	sub_80FC628
080fc684	thumb	sub_80FC684
080fc6ac	thumb	sub_80FC6AC
080fc6bc	thumb	sub_80FC6BC
080fc700	thumb	sub_80FC700
080fc772	thumb	sub_80FC772
080fc792	thumb	sub_80FC792
080fc7e6	thumb	sub_80FC7E6
080fc810	thumb	sub_80FC810
080fc86c	thumb	sub_80FC86C
080fc898	thumb	sub_80FC898
080fc8b6	thumb	sub_80FC8B6
080fc8fe	thumb	sub_80FC8FE
080fc9a2	thumb	sub_80FC9A2
080fc9c8	thumb	sub_80FC9C8
080fc9f8	thumb	sub_80FC9F8
080fca4e	thumb	sub_80FCA4E
080fcac0	thumb	sub_80FCAC0
080fcb64	thumb	sub_80FCB64
080fcc02	thumb	sub_80FCC02
080fcc22	thumb	sub_80FCC22
080fcc4c	thumb	sub_80FCC4C
080fccbc	thumb	sub_80FCCBC
080fcd92	thumb	sub_80FCD92
080fcdba	thumb	sub_80FCDBA
080fcdde	thumb	sub_80FCDDE
080fce40	thumb	sub_80FCE40
080fce5c	thumb	sub_80FCE5C
080fce7e	thumb	sub_80FCE7E
080fcf04	thumb	sub_80FCF04
080fcf36	thumb	sub_80FCF36
080fcf90	thumb	sub_80FCF90
080fcf9c	thumb	sub_80FCF9C
080fcfa8	thumb	sub_80FCFA8
080fcfd2	thumb	sub_80FCFD2
080fd138	thumb	sub_80FD138
080fd158	thumb	sub_80FD158
080fd240	thumb	sub_80FD240
080fd27a	thumb	sub_80FD27A
080fd29c	thumb	sub_80FD29C
080fd2c0	thumb	sub_80FD2C0
080fd2e4	thumb	sub_80FD2E4
080fd2f8	thumb	sub_80FD2F8
080fd31c	thumb	sub_80FD31C
080fd376	thumb	sub_80FD376
080fd3cc	thumb	sub_80FD3CC
080fd444	thumb	sub_80FD444
080fd4c8	thumb	sub_80FD4C8
080fd4e8	thumb	sub_80FD4E8
080fd548	thumb	sub_80FD548
080fd574	thumb	sub_80FD574
080fd5ae	thumb	sub_80FD5AE
080fd5d8	thumb	sub_80FD5D8
080fd638	thumb	sub_80FD638
080fd664	thumb	sub_80FD664
080fd682	thumb	sub_80FD682
080fd6a6	thumb	sub_80FD6A6
080fd6f4	thumb	sub_80FD6F4
080fd718	thumb	sub_80FD718
080fd748	thumb	sub_80FD748
080fd7a8	thumb	sub_80FD7A8
080fd7d4	thumb	sub_80FD7D4
080fd7f2	thumb	sub_80FD7F2
080fd822	thumb	sub_80FD822
080fd852	thumb	sub_80FD852
080fd8b0	thumb	sub_80FD8B0
080fd8d4	thumb	sub_80FD8D4
080fd904	thumb	sub_80FD904
080fd960	thumb	sub_80FD960
080fd98c	thumb	sub_80FD98C
080fd9aa	thumb	sub_80FD9AA
080fd9ce	thumb	sub_80FD9CE
080fda0e	thumb	sub_80FDA0E
080fda3e	thumb	sub_80FDA3E
080fda62	thumb	sub_80FDA62
080fdac4	thumb	sub_80FDAC4
080fdb84	thumb	sub_80FDB84
080fdbcc	thumb	sub_80FDBCC
080fdc2a	thumb	sub_80FDC2A
080fdca4	thumb	sub_80FDCA4
080fdde4	thumb	sub_80FDDE4
080fde04	thumb	sub_80FDE04
080fdec4	thumb	sub_80FDEC4
080fdefc	thumb	sub_80FDEFC
080fdf38	thumb	sub_80FDF38
080fdf4c	thumb	sub_80FDF4C
080fdf60	thumb	sub_80FDF60
080fdf84	thumb	sub_80FDF84
080fdf98	thumb	sub_80FDF98
080fdfac	thumb	sub_80FDFAC
080fdfd0	thumb	sub_80FDFD0
080fdfe4	thumb	sub_80FDFE4
080fe05c	thumb	sub_80FE05C
080fe0d4	thumb	sub_80FE0D4
080fe0f8	thumb	sub_80FE0F8
080fe130	thumb	sub_80FE130
080fe1b4	thumb	sub_80FE1B4
080fe1fe	thumb	sub_80FE1FE
080fe21e	thumb	sub_80FE21E
080fe240	thumb	sub_80FE240
080fe284	thumb	sub_80FE284
080fe2a8	thumb	sub_80FE2A8
080fe30c	thumb	sub_80FE30C
080fe330	thumb	sub_80FE330
080fe354	thumb	sub_80FE354
080fe394	thumb	sub_80FE394
080fe3ec	thumb	sub_80FE3EC
080fe42e	thumb	sub_80FE42E
080fe452	thumb	sub_80FE452
080fe46c	thumb	sub_80FE46C
080fe4ac	thumb	sub_80FE4AC
080fe4d0	thumb	sub_80FE4D0
080fe59c	thumb	sub_80FE59C
080fe5c0	thumb	sub_80FE5C0
080fe5ee	thumb	sub_80FE5EE
080fe6c8	thumb	sub_80FE6C8
080fe72c	thumb	sub_80FE72C
080fe8c4	thumb	sub_80FE8C4
080fe8e4	thumb	sub_80FE8E4
080fe950	thumb	sub_80FE950
080fe958	thumb	sub_80FE958
080fe98a	thumb	sub_80FE98A
080fe9b0	thumb	sub_80FE9B0
080fe9e4	thumb	sub_80FE9E4
080fea08	thumb	sub_80FEA08
080fea3c	thumb	sub_80FEA3C
080fea74	thumb	sub_80FEA74
080feaa8	thumb	sub_80FEAA8
080feabc	thumb	sub_80FEABC
080fead8	thumb	sub_80FEAD8
080feb20	thumb	sub_80FEB20
080feb64	thumb	sub_80FEB64
080feb9e	thumb	sub_80FEB9E
080febe4	thumb	sub_80FEBE4
080fec90	thumb	sub_80FEC90
080fecb4	thumb	sub_80FECB4
080fed28	thumb	sub_80FED28
080fedcc	thumb	sub_80FEDCC
080fedf0	thumb	sub_80FEDF0
080fee14	thumb	sub_80FEE14
080fee44	thumb	sub_80FEE44
080feeb8	thumb	sub_80FEEB8
080fef50	thumb	sub_80FEF50
080fef60	thumb	sub_80FEF60
080fefa4	thumb	sub_80FEFA4
080feffa	thumb	sub_80FEFFA
080ff01e	thumb	sub_80FF01E
080ff042	thumb	sub_80FF042
080ff068	thumb	sub_80FF068
080ff0dc	thumb	sub_80FF0DC
080ff174	thumb	sub_80FF174
080ff1a2	thumb	sub_80FF1A2
080ff220	thumb	sub_80FF220
080ff248	thumb	sub_80FF248
080ff284	thumb	sub_80FF284
080ff2e4	thumb	sub_80FF2E4
080ff322	thumb	sub_80FF322
080ff378	thumb	sub_80FF378
080ff3c4	thumb	sub_80FF3C4
080ff40a	thumb	sub_80FF40A
080ff42e	thumb	sub_80FF42E
080ff46a	thumb	sub_80FF46A
080ff4a0	thumb	sub_80FF4A0
080ff504	thumb	sub_80FF504
080ff528	thumb	sub_80FF528
080ff614	thumb	sub_80FF614
080ff668	thumb	sub_80FF668
080ff680	thumb	sub_80FF680
080ff6e0	thumb	sub_80FF6E0
080ff7a4	thumb	sub_80FF7A4
080ff7b0	thumb	sub_80FF7B0
080ff8e4	thumb	sub_80FF8E4
080ff904	thumb	sub_80FF904
080ffa1a	thumb	sub_80FFA1A
080ffa22	thumb	sub_80FFA22
080ffa54	thumb	sub_80FFA54
080ffa78	thumb	sub_80FFA78
080ffa8c	thumb	sub_80FFA8C
080ffaa0	thumb	sub_80FFAA0
080ffac4	thumb	sub_80FFAC4
080ffad8	thumb	sub_80FFAD8
080ffaec	thumb	sub_80FFAEC
080ffaf8	thumb	sub_80FFAF8
080ffb26	thumb	sub_80FFB26
080ffb88	thumb	sub_80FFB88
080ffba8	thumb	sub_80FFBA8
080ffc18	thumb	sub_80FFC18
080ffc5e	thumb	sub_80FFC5E
080ffc82	thumb	sub_80FFC82
080ffca8	thumb	sub_80FFCA8
080ffd20	thumb	sub_80FFD20
080ffd6a	thumb	sub_80FFD6A
080ffdac	thumb	sub_80FFDAC
080ffdf8	thumb	sub_80FFDF8
080ffe26	thumb	sub_80FFE26
080ffe48	thumb	sub_80FFE48
080ffe72	thumb	sub_80FFE72
080ffec0	thumb	sub_80FFEC0
080ffee4	thumb	sub_80FFEE4
080fff08	thumb	sub_80FFF08
080fff24	thumb	sub_80FFF24
080fff84	thumb	sub_80FFF84
080fffbc	thumb	sub_80FFFBC
08100070	thumb	sub_8100070
0810007c	thumb	sub_810007C
081000e0	thumb	sub_81000E0
081000f6	thumb	sub_81000F6
08100106	thumb	sub_8100106
08100144	thumb	sub_8100144
081002e8	thumb	sub_81002E8
08100308	thumb	sub_8100308
081003a0	thumb	sub_81003A0
081003a4	thumb	sub_81003A4
081003a8	thumb	sub_81003A8
081003ac	thumb	sub_81003AC
081003ea	thumb	sub_81003EA
0810040c	thumb	sub_810040C
08100420	thumb	sub_8100420
08100444	thumb	sub_8100444
0810046c	thumb	sub_810046C
08100480	thumb	sub_8100480
081004a4	thumb	sub_81004A4
081004c8	thumb	sub_81004C8
081004ec	thumb	sub_81004EC
08100500	thumb	sub_8100500
08100524	thumb	sub_8100524
08100538	thumb	sub_8100538
0810055c	thumb	sub_810055C
08100570	thumb	sub_8100570
08100580	thumb	sub_8100580
081005a6	thumb	sub_81005A6
081005de	thumb	sub_81005DE
08100614	thumb	sub_8100614
0810064c	thumb	sub_810064C
0810067e	thumb	sub_810067E
0810075c	thumb	sub_810075C
0810077c	thumb	sub_810077C
081007e4	thumb	sub_81007E4
0810082a	thumb	sub_810082A
0810084e	thumb	sub_810084E
08100870	thumb	sub_8100870
08100894	thumb	sub_8100894
081008c2	thumb	sub_81008C2
08100920	thumb	sub_8100920
08100944	thumb	sub_8100944
08100968	thumb	sub_8100968
08100996	thumb	sub_8100996
081009e8	thumb	sub_81009E8
08100a08	thumb	sub_8100A08
08100a2c	thumb	sub_8100A2C
08100a5c	thumb	sub_8100A5C
08100acc	thumb	sub_8100ACC
08100b04	thumb	sub_8100B04
08100b2c	thumb	sub_8100B2C
08100b72	thumb	sub_8100B72
08100ba6	thumb	sub_8100BA6
08100bc6	thumb	sub_8100BC6
08100c1c	thumb	sub_8100C1C
08100c48	thumb	sub_8100C48
08100cb8	thumb	sub_8100CB8
08100cfe	thumb	sub_8100CFE
08100d2c	thumb	sub_8100D2C
08100d6a	thumb	sub_8100D6A
08100db2	thumb	sub_8100DB2
08100dd6	thumb	sub_8100DD6
08100df8	thumb	sub_8100DF8
08100e26	thumb	sub_8100E26
08100e54	thumb	sub_8100E54
08100e78	thumb	sub_8100E78
08100e9c	thumb	sub_8100E9C
08100ec0	thumb	sub_8100EC0
08100eee	thumb	sub_8100EEE
08100f0e	thumb	sub_8100F0E
08100f38	thumb	sub_8100F38
08100f5c	thumb	sub_8100F5C
08100f8a	thumb	sub_8100F8A
0810102a	thumb	sub_810102A
0810108e	thumb	sub_810108E
081010a0	thumb	sub_81010A0
081010da	thumb	sub_81010DA
0810112c	thumb	sub_810112C
08101190	thumb	sub_8101190
081011b2	thumb	sub_81011B2
08101204	thumb	sub_8101204
08101218	thumb	sub_8101218
08101360	thumb	sub_8101360
0810138c	thumb	sub_810138C
081013aa	thumb	sub_81013AA
0810144a	thumb	sub_810144A
08101456	thumb	sub_8101456
0810146a	thumb	sub_810146A
08101472	thumb	sub_8101472
08101484	thumb	sub_8101484
08101498	thumb	sub_8101498
081014ac	thumb	sub_81014AC
081014c0	thumb	sub_81014C0
081014d4	thumb	sub_81014D4
081014e8	thumb	sub_81014E8
081014fc	thumb	sub_81014FC
08101510	thumb	sub_8101510
08101524	thumb	sub_8101524
08101538	thumb	sub_8101538
0810154c	thumb	sub_810154C
08101570	thumb	sub_8101570
08101584	thumb	sub_8101584
081015e4	thumb	sub_81015E4
08101606	thumb	sub_8101606
0810161a	thumb	sub_810161A
08101652	thumb	sub_8101652
0810168c	thumb	sub_810168C
081016c8	thumb	sub_81016C8
081016fe	thumb	sub_81016FE
0810173c	thumb	sub_810173C
0810176e	thumb	sub_810176E
0810179c	thumb	sub_810179C
08101a68	thumb	sub_8101A68
08101aa0	thumb	sub_8101AA0
08101ad4	thumb	sub_8101AD4
08101b90	thumb	sub_8101B90
08101c3a	thumb	sub_8101C3A
08101cc0	thumb	sub_8101CC0
08101e24	thumb	sub_8101E24
08101e4a	thumb	sub_8101E4A
08101e70	thumb	sub_8101E70
08101e96	thumb	sub_8101E96
08101ebc	thumb	sub_8101EBC
08101ee2	thumb	sub_8101EE2
08101f08	thumb	sub_8101F08
08101f2a	thumb	sub_8101F2A
08101f70	thumb	sub_8101F70
08101fae	thumb	sub_8101FAE
08101fe4	thumb	sub_8101FE4
08102016	thumb	sub_8102016
0810205c	thumb	sub_810205C
0810209e	thumb	sub_810209E
081020f0	thumb	sub_81020F0
08102142	thumb	sub_8102142
08102146	thumb	sub_8102146
0810214a	thumb	sub_810214A
08102154	thumb	sub_8102154
0810222c	thumb	sub_810222C
08102280	thumb	sub_8102280
08102290	thumb	sub_8102290
081022b0	thumb	sub_81022B0
081022e4	thumb	sub_81022E4
08102366	thumb	sub_8102366
081023a0	thumb	sub_81023A0
081023c0	thumb	sub_81023C0
08102428	thumb	sub_8102428
08102488	thumb	sub_8102488
081024aa	thumb	sub_81024AA
081024cc	thumb	sub_81024CC
081024ee	thumb	sub_81024EE
08102510	thumb	sub_8102510
08102544	thumb	sub_8102544
08102562	thumb	sub_8102562
08102588	thumb	sub_8102588
081025a8	thumb	sub_81025A8
081025da	thumb	sub_81025DA
08102636	thumb	sub_8102636
08102660	thumb	sub_8102660
08102680	thumb	sub_8102680
081026ee	thumb	sub_81026EE
08102772	thumb	sub_8102772
081027a4	thumb	sub_81027A4
081027c4	thumb	sub_81027C4
081027f4	thumb	sub_81027F4
08102864	thumb	sub_8102864
08102896	thumb	sub_8102896
081028b4	thumb	sub_81028B4
081028fe	thumb	sub_81028FE
0810293c	thumb	sub_810293C
08102962	thumb	sub_8102962
0810298c	thumb	sub_810298C
081029aa	thumb	sub_81029AA
081029ce	thumb	sub_81029CE
08102a1c	thumb	sub_8102A1C
08102a6e	thumb	sub_8102A6E
08102af2	thumb	sub_8102AF2
08102b34	thumb	sub_8102B34
08102b84	thumb	sub_8102B84
08102bfc	thumb	sub_8102BFC
08102c38	thumb	sub_8102C38
08102ca0	thumb	sub_8102CA0
08102cc4	thumb	sub_8102CC4
08102cf8	thumb	sub_8102CF8
08102e5c	thumb	sub_8102E5C
08102e74	thumb	sub_8102E74
08102ec0	thumb	sub_8102EC0
08102ee2	thumb	sub_8102EE2
08102f38	thumb	sub_8102F38
08102f5c	thumb	sub_8102F5C
08102f98	thumb	sub_8102F98
08102ff4	thumb	sub_8102FF4
08103038	thumb	sub_8103038
081030a0	thumb	sub_81030A0
081030c0	thumb	sub_81030C0
08103110	thumb	sub_8103110
0810313c	thumb	sub_810313C
08103176	thumb	sub_8103176
081031a0	thumb	sub_81031A0
08103200	thumb	sub_8103200
0810322c	thumb	sub_810322C
0810324e	thumb	sub_810324E
08103286	thumb	sub_8103286
081032d0	thumb	sub_81032D0
081032f4	thumb	sub_81032F4
08103320	thumb	sub_8103320
08103380	thumb	sub_8103380
081033ac	thumb	sub_81033AC
081033ce	thumb	sub_81033CE
081033f6	thumb	sub_81033F6
08103452	thumb	sub_8103452
08103476	thumb	sub_8103476
0810349c	thumb	sub_810349C
081034fc	thumb	sub_81034FC
08103528	thumb	sub_8103528
0810354a	thumb	sub_810354A
0810357a	thumb	sub_810357A
0810359e	thumb	sub_810359E
081035d8	thumb	sub_81035D8
08103634	thumb	sub_8103634
08103660	thumb	sub_8103660
08103682	thumb	sub_8103682
081036a6	thumb	sub_81036A6
081036f0	thumb	sub_81036F0
08103754	thumb	sub_8103754
08103774	thumb	sub_8103774
0810379e	thumb	sub_810379E
081037e4	thumb	sub_81037E4
08103808	thumb	sub_8103808
081038a4	thumb	sub_81038A4
081038fe	thumb	sub_81038FE
08103936	thumb	sub_8103936
08103966	thumb	sub_8103966
081039a4	thumb	sub_81039A4
081039d8	thumb	sub_81039D8
08103a08	thumb	sub_8103A08
08103a20	thumb	sub_8103A20
08103b10	thumb	sub_8103B10
08103b20	thumb	sub_8103B20
08103cb0	thumb	sub_8103CB0
08103cd0	thumb	sub_8103CD0
08103d4c	thumb	sub_8103D4C
08103dfa	thumb	sub_8103DFA
08103e06	thumb	sub_8103E06
08103e12	thumb	sub_8103E12
08103e1e	thumb	sub_8103E1E
08103e2a	thumb	sub_8103E2A
08103e74	thumb	sub_8103E74
08103eac	thumb	sub_8103EAC
08103ee4	thumb	sub_8103EE4
08103ef8	thumb	sub_8103EF8
08103f30	thumb	sub_8103F30
08103f54	thumb	sub_8103F54
08103f80	thumb	sub_8103F80
08103fb4	thumb	sub_8103FB4
08103fe8	thumb	sub_8103FE8
0810401c	thumb	sub_810401C
08104050	thumb	sub_8104050
0810407e	thumb	sub_810407E
081040ac	thumb	sub_81040AC
08104188	thumb	sub_8104188
081041b0	thumb	sub_81041B0
081041d6	thumb	sub_81041D6
08104238	thumb	sub_8104238
08104258	thumb	sub_8104258
08104290	thumb	sub_8104290
0810430e	thumb	sub_810430E
08104340	thumb	sub_8104340
08104366	thumb	sub_8104366
081043c8	thumb	sub_81043C8
081043e8	thumb	sub_81043E8
08104420	thumb	sub_8104420
08104474	thumb	sub_8104474
081044aa	thumb	sub_81044AA
08104500	thumb	sub_8104500
0810452a	thumb	sub_810452A
0810455c	thumb	sub_810455C
08104586	thumb	sub_8104586
081045e8	thumb	sub_81045E8
08104608	thumb	sub_8104608
08104640	thumb	sub_8104640
08104694	thumb	sub_8104694
081046f6	thumb	sub_81046F6
08104758	thumb	sub_8104758
0810478c	thumb	sub_810478C
081047c0	thumb	sub_81047C0
0810480a	thumb	sub_810480A
08104832	thumb	sub_8104832
0810486a	thumb	sub_810486A
081048aa	thumb	sub_81048AA
08104998	thumb	sub_8104998
081049c0	thumb	sub_81049C0
08104a30	thumb	sub_8104A30
08104aa2	thumb	sub_8104AA2
08104ac4	thumb	sub_8104AC4
08104b04	thumb	sub_8104B04
08104b68	thumb	sub_8104B68
08104bc2	thumb	sub_8104BC2
08104bea	thumb	sub_8104BEA
08104c18	thumb	sub_8104C18
08104c70	thumb	sub_8104C70
08104c94	thumb	sub_8104C94
08104cc6	thumb	sub_8104CC6
08104d5e	thumb	sub_8104D5E
08104dc8	thumb	sub_8104DC8
08104e36	thumb	sub_8104E36
08104e98	thumb	sub_8104E98
08104ef8	thumb	sub_8104EF8
08104f6c	thumb	sub_8104F6C
08105050	thumb	sub_8105050
0810506a	thumb	sub_810506A
081050c2	thumb	sub_81050C2
081050f2	thumb	sub_81050F2
08105124	thumb	sub_8105124
0810515a	thumb	sub_810515A
08105174	thumb	sub_8105174
081051cc	thumb	sub_81051CC
081051ec	thumb	sub_81051EC
08105254	thumb	sub_8105254
08105294	thumb	sub_8105294
081052fc	thumb	sub_81052FC
0810530c	thumb	sub_810530C
08105354	thumb	sub_8105354
081054b8	thumb	sub_81054B8
081054d8	thumb	sub_81054D8
08105554	thumb	sub_8105554
08105618	thumb	sub_8105618
08105624	thumb	sub_8105624
08105630	thumb	sub_8105630
0810563c	thumb	sub_810563C
08105648	thumb	sub_8105648
0810565c	thumb	sub_810565C
081056a4	thumb	sub_81056A4
081056dc	thumb	sub_81056DC
08105714	thumb	sub_8105714
0810574c	thumb	sub_810574C
08105770	thumb	sub_8105770
08105784	thumb	sub_8105784
081057c0	thumb	sub_81057C0
081057f4	thumb	sub_81057F4
08105828	thumb	sub_8105828
0810585c	thumb	sub_810585C
0810588e	thumb	sub_810588E
08105970	thumb	sub_8105970
08105994	thumb	sub_8105994
081059c0	thumb	sub_81059C0
08105a2c	thumb	sub_8105A2C
08105a72	thumb	sub_8105A72
08105a96	thumb	sub_8105A96
08105ac4	thumb	sub_8105AC4
08105af6	thumb	sub_8105AF6
08105b4a	thumb	sub_8105B4A
08105b84	thumb	sub_8105B84
08105bbe	thumb	sub_8105BBE
08105c10	thumb	sub_8105C10
08105c72	thumb	sub_8105C72
08105c96	thumb	sub_8105C96
08105cc0	thumb	sub_8105CC0
08105cec	thumb	sub_8105CEC
08105d5c	thumb	sub_8105D5C
08105da2	thumb	sub_8105DA2
08105de6	thumb	sub_8105DE6
08105e3c	thumb	sub_8105E3C
08105e60	thumb	sub_8105E60
08105e88	thumb	sub_8105E88
08105eb4	thumb	sub_8105EB4
08105f20	thumb	sub_8105F20
08105f66	thumb	sub_8105F66
08105fc2	thumb	sub_8105FC2
08105fe6	thumb	sub_8105FE6
08106014	thumb	sub_8106014
0810604a	thumb	sub_810604A
0810609e	thumb	sub_810609E
081060d8	thumb	sub_81060D8
0810610a	thumb	sub_810610A
08106162	thumb	sub_8106162
081061b2	thumb	sub_81061B2
081061d6	thumb	sub_81061D6
08106208	thumb	sub_8106208
08106238	thumb	sub_8106238
08106274	thumb	sub_8106274
0810629c	thumb	sub_810629C
081062f8	thumb	sub_81062F8
08106380	thumb	sub_8106380
081063a4	thumb	sub_81063A4
081063f4	thumb	sub_81063F4
08106418	thumb	sub_8106418
08106460	thumb	sub_8106460
0810649e	thumb	sub_810649E
081064c4	thumb	sub_81064C4
081064dc	thumb	sub_81064DC
081064f4	thumb	sub_81064F4
08106590	thumb	sub_8106590
081065a8	thumb	sub_81065A8
08106660	thumb	sub_8106660
08106670	thumb	sub_8106670
08106690	thumb	sub_8106690
081066c0	thumb	sub_81066C0
081066ea	thumb	sub_81066EA
08106718	thumb	sub_8106718
08106774	thumb	sub_8106774
081067d0	thumb	sub_81067D0
08106924	thumb	sub_8106924
0810694c	thumb	sub_810694C
08106964	thumb	sub_8106964
081069b4	thumb	sub_81069B4
08106a22	thumb	sub_8106A22
08106a60	thumb	sub_8106A60
08106a84	thumb	sub_8106A84
08106aa8	thumb	sub_8106AA8
08106abc	thumb	sub_8106ABC
08106ad0	thumb	sub_8106AD0
08106ae4	thumb	sub_8106AE4
08106b0c	thumb	sub_8106B0C
08106b20	thumb	sub_8106B20
08106b44	thumb	sub_8106B44
08106b58	thumb	sub_8106B58
08106b7c	thumb	sub_8106B7C
08106b90	thumb	sub_8106B90
08106ba4	thumb	sub_8106BA4
08106bb8	thumb	sub_8106BB8
08106c0e	thumb	sub_8106C0E
08106c34	thumb	sub_8106C34
08106c6c	thumb	sub_8106C6C
08106cac	thumb	sub_8106CAC
08106cea	thumb	sub_8106CEA
08106d18	thumb	sub_8106D18
08106dec	thumb	sub_8106DEC
08106e0c	thumb	sub_8106E0C
08106e68	thumb	sub_8106E68
08106e94	thumb	sub_8106E94
08106ece	thumb	sub_8106ECE
08106efc	thumb	sub_8106EFC
08106f5c	thumb	sub_8106F5C
08106f84	thumb	sub_8106F84
08106fa6	thumb	sub_8106FA6
08106fe6	thumb	sub_8106FE6
08107030	thumb	sub_8107030
08107050	thumb	sub_8107050
081070a8	thumb	sub_81070A8
081070c8	thumb	sub_81070C8
081070ec	thumb	sub_81070EC
08107156	thumb	sub_8107156
08107184	thumb	sub_8107184
081071c0	thumb	sub_81071C0
0810721c	thumb	sub_810721C
08107244	thumb	sub_8107244
08107258	thumb	sub_8107258
08107278	thumb	sub_8107278
081072b8	thumb	sub_81072B8
081072fe	thumb	sub_81072FE
0810733e	thumb	sub_810733E
08107388	thumb	sub_8107388
081073a8	thumb	sub_81073A8
081073f6	thumb	sub_81073F6
08107438	thumb	sub_8107438
0810749c	thumb	sub_810749C
081074c4	thumb	sub_81074C4
081074d8	thumb	sub_81074D8
08107518	thumb	sub_8107518
08107568	thumb	sub_8107568
081075e8	thumb	sub_81075E8
08107610	thumb	sub_8107610
08107624	thumb	sub_8107624
08107644	thumb	sub_8107644
081076ce	thumb	sub_81076CE
081076ee	thumb	sub_81076EE
08107750	thumb	sub_8107750
0810777c	thumb	sub_810777C
081077cc	thumb	sub_81077CC
081077f8	thumb	sub_81077F8
08107816	thumb	sub_8107816
08107856	thumb	sub_8107856
0810789e	thumb	sub_810789E
081078c2	thumb	sub_81078C2
08107914	thumb	sub_8107914
08107970	thumb	sub_8107970
08107994	thumb	sub_8107994
081079dc	thumb	sub_81079DC
08107a00	thumb	sub_8107A00
08107a30	thumb	sub_8107A30
08107a64	thumb	sub_8107A64
08107a88	thumb	sub_8107A88
08107ab2	thumb	sub_8107AB2
08107b06	thumb	sub_8107B06
08107c4c	thumb	sub_8107C4C
08107c7c	thumb	sub_8107C7C
08107c94	thumb	sub_8107C94
08107cf0	thumb	sub_8107CF0
08107d62	thumb	sub_8107D62
08107dd4	thumb	sub_8107DD4
08107e66	thumb	sub_8107E66
08107e72	thumb	sub_8107E72
08107eb0	thumb	sub_8107EB0
08107ee8	thumb	sub_8107EE8
08107efc	thumb	sub_8107EFC
08107f10	thumb	sub_8107F10
08107f24	thumb	sub_8107F24
08107f48	thumb	sub_8107F48
08107f5c	thumb	sub_8107F5C
08107f80	thumb	sub_8107F80
08107f94	thumb	sub_8107F94
08107fb8	thumb	sub_8107FB8
08107fcc	thumb	sub_8107FCC
08107fe0	thumb	sub_8107FE0
08107ff4	thumb	sub_8107FF4
08108014	thumb	sub_8108014
08108046	thumb	sub_8108046
0810806e	thumb	sub_810806E
081080a6	thumb	sub_81080A6
081080e6	thumb	sub_81080E6
08108124	thumb	sub_8108124
08108152	thumb	sub_8108152
0810821c	thumb	sub_810821C
0810823c	thumb	sub_810823C
08108298	thumb	sub_8108298
081082c4	thumb	sub_81082C4
081082fe	thumb	sub_81082FE
0810831c	thumb	sub_810831C
08108352	thumb	sub_8108352
081083a2	thumb	sub_81083A2
081083c6	thumb	sub_81083C6
081083e8	thumb	sub_81083E8
08108408	thumb	sub_8108408
08108454	thumb	sub_8108454
0810849c	thumb	sub_810849C
081084c0	thumb	sub_81084C0
081084fc	thumb	sub_81084FC
08108558	thumb	sub_8108558
08108580	thumb	sub_8108580
081085a2	thumb	sub_81085A2
081085c2	thumb	sub_81085C2
08108602	thumb	sub_8108602
08108648	thumb	sub_8108648
08108688	thumb	sub_8108688
081086dc	thumb	sub_81086DC
081086fc	thumb	sub_81086FC
0810874a	thumb	sub_810874A
0810878c	thumb	sub_810878C
081087f0	thumb	sub_81087F0
08108818	thumb	sub_8108818
0810883a	thumb	sub_810883A
0810887a	thumb	sub_810887A
081088ca	thumb	sub_81088CA
0810893c	thumb	sub_810893C
08108964	thumb	sub_8108964
08108986	thumb	sub_8108986
081089a6	thumb	sub_81089A6
08108a3a	thumb	sub_8108A3A
08108a5a	thumb	sub_8108A5A
08108abc	thumb	sub_8108ABC
08108ae8	thumb	sub_8108AE8
08108b38	thumb	sub_8108B38
08108b64	thumb	sub_8108B64
08108b82	thumb	sub_8108B82
08108bc2	thumb	sub_8108BC2
08108bec	thumb	sub_8108BEC
08108c10	thumb	sub_8108C10
08108cba	thumb	sub_8108CBA
08108cde	thumb	sub_8108CDE
08108d24	thumb	sub_8108D24
08108df0	thumb	sub_8108DF0
08108e10	thumb	sub_8108E10
08108e34	thumb	sub_8108E34
08108e64	thumb	sub_8108E64
08108e98	thumb	sub_8108E98
08108ebc	thumb	sub_8108EBC
08108ee6	thumb	sub_8108EE6
08108f28	thumb	sub_8108F28
08108f50	thumb	sub_8108F50
08108f74	thumb	sub_8108F74
081095d0	thumb	sub_81095D0
0810962a	thumb	nullsub_13
08109630	thumb	sub_8109630
08109660	thumb	sub_8109660
081096a4	thumb	sub_81096A4
081096ba	thumb	sub_81096BA
081096fa	thumb	GetAllianceDependentPanelParamArgs
08109708	thumb	sub_8109708
0810971a	thumb	sub_810971A
08109746	thumb	sub_8109746
08109794	thumb	sub_8109794
081097b4	thumb	sub_81097B4
081097ba	thumb	sub_81097BA
081097d6	thumb	sub_81097D6
081097dc	thumb	sub_81097DC
08109804	thumb	sub_8109804
08109820	thumb	sub_8109820
0810986e	thumb	sub_810986E
081098c4	thumb	sub_81098C4
0810990e	thumb	sub_810990E
08109952	thumb	sub_8109952
08109974	thumb	sub_8109974
08109998	thumb	sub_8109998
081099da	thumb	sub_81099DA
08109a50	thumb	sub_8109A50
08109b64	thumb	sub_8109B64
08109b9c	thumb	sub_8109B9C
08109bb8	thumb	sub_8109BB8
08109bc0	thumb	sub_8109BC0
08109cbc	thumb	sub_8109CBC
08109ce6	thumb	sub_8109CE6
08109d08	thumb	sub_8109D08
08109d70	thumb	sub_8109D70
08109d98	thumb	sub_8109D98
08109dba	thumb	sub_8109DBA
08109dd2	thumb	sub_8109DD2
08109dec	thumb	sub_8109DEC
08109e4a	thumb	sub_8109E4A
08109e7a	thumb	sub_8109E7A
08109e98	thumb	sub_8109E98
08109ec4	thumb	sub_8109EC4
08109ee4	thumb	sub_8109EE4
08109f4c	thumb	sub_8109F4C
08109f6a	thumb	sub_8109F6A
08109f7e	thumb	sub_8109F7E
08109f8a	thumb	sub_8109F8A
08109f96	thumb	sub_8109F96
08109fa2	thumb	sub_8109FA2
08109fc4	thumb	sub_8109FC4
08109fd6	thumb	sub_8109FD6
0810a004	thumb	sub_810A004
0810a080	thumb	sub_810A080
0810a0ba	thumb	sub_810A0BA
0810a0d4	thumb	sub_810A0D4
0810a0ee	thumb	sub_810A0EE
0810a126	thumb	sub_810A126
0810a1b4	thumb	sub_810A1B4
0810a204	thumb	sub_810A204
0810a21a	thumb	sub_810A21A
0810a254	thumb	sub_810A254
0810a3ac	thumb	sub_810A3AC
0810a3dc	thumb	sub_810A3DC
0810a438	thumb	sub_810A438
0810a462	thumb	sub_810A462
0810a49c	thumb	sub_810A49C
0810a4d0	thumb	sub_810A4D0
0810a50c	thumb	sub_810A50C
0810a51e	thumb	sub_810A51E
0810a534	thumb	sub_810A534
0810a5c2	thumb	sub_810A5C2
0810a5d6	thumb	sub_810A5D6
0810a5ea	thumb	sub_810A5EA
0810a610	thumb	sub_810A610
0810a648	thumb	sub_810A648
0810a6c0	thumb	sub_810A6C0
0810a6f4	thumb	sub_810A6F4
0810a724	thumb	sub_810A724
0810a7e0	thumb	sub_810A7E0
0810a92c	thumb	sub_810A92C
0810a94c	thumb	sub_810A94C
0810a9ae	thumb	sub_810A9AE
0810aa72	thumb	sub_810AA72
0810aa90	thumb	sub_810AA90
0810aad0	thumb	sub_810AAD0
0810aae6	thumb	sub_810AAE6
0810ab40	thumb	sub_810AB40
0810ab8c	thumb	sub_810AB8C
0810abd0	thumb	sub_810ABD0
0810abf6	thumb	sub_810ABF6
0810abfe	thumb	sub_810ABFE
0810ac34	thumb	sub_810AC34
0810ac38	thumb	sub_810AC38
0810ac8a	thumb	sub_810AC8A
0810ac8e	thumb	sub_810AC8E
0810ac92	thumb	sub_810AC92
0810ac96	thumb	sub_810AC96
0810ac9a	thumb	sub_810AC9A
0810acc4	thumb	sub_810ACC4
0810ad10	thumb	sub_810AD10
0810ad18	thumb	sub_810AD18
0810ad88	thumb	sub_810AD88
0810ad9e	thumb	sub_810AD9E
0810adac	thumb	sub_810ADAC
0810af30	thumb	sub_810AF30
0810af50	thumb	sub_810AF50
0810af90	thumb	sub_810AF90
0810afd4	thumb	sub_810AFD4
0810b042	thumb	sub_810B042
0810b058	thumb	sub_810B058
0810b06a	thumb	sub_810B06A
0810b090	thumb	sub_810B090
0810b0b8	thumb	sub_810B0B8
0810b13e	thumb	sub_810B13E
0810b15c	thumb	sub_810B15C
0810b172	thumb	sub_810B172
0810b198	thumb	sub_810B198
0810b1f4	thumb	sub_810B1F4
0810b21c	thumb	sub_810B21C
0810b244	thumb	sub_810B244
0810b270	thumb	sub_810B270
0810b2ae	thumb	sub_810B2AE
0810b30c	thumb	sub_810B30C
0810b338	thumb	sub_810B338
0810b350	thumb	sub_810B350
0810b36c	thumb	sub_810B36C
0810b3cc	thumb	sub_810B3CC
0810b3e4	thumb	sub_810B3E4
0810b436	thumb	sub_810B436
0810b49c	thumb	sub_810B49C
0810b54c	thumb	sub_810B54C
0810b584	thumb	sub_810B584
0810b58a	thumb	sub_810B58A
0810b598	thumb	sub_810B598
0810b5be	thumb	sub_810B5BE
0810b60c	thumb	sub_810B60C
0810b62e	thumb	sub_810B62E
0810b646	thumb	sub_810B646
0810b65e	thumb	sub_810B65E
0810b6b4	thumb	sub_810B6B4
0810b6f0	thumb	sub_810B6F0
0810b878	thumb	sub_810B878
0810b8ec	thumb	sub_810B8EC
0810b964	thumb	sub_810B964
0810b9aa	thumb	sub_810B9AA
0810b9ec	thumb	sub_810B9EC
0810ba28	thumb	sub_810BA28
0810ba40	thumb	sub_810BA40
0810ba58	thumb	sub_810BA58
0810ba94	thumb	sub_810BA94
0810baac	thumb	sub_810BAAC
0810bb64	thumb	sub_810BB64
0810bbf6	thumb	sub_810BBF6
0810bc10	thumb	sub_810BC10
0810bc2a	thumb	sub_810BC2A
0810bc44	thumb	sub_810BC44
0810bca0	thumb	sub_810BCA0
0810bcbc	thumb	sub_810BCBC
0810bcfc	thumb	sub_810BCFC
0810bd40	thumb	sub_810BD40
0810bd5e	thumb	sub_810BD5E
0810bd94	thumb	sub_810BD94
0810bdc4	thumb	sub_810BDC4
0810bdf4	thumb	sub_810BDF4
0810be2a	thumb	sub_810BE2A
0810be74	thumb	sub_810BE74
0810be8e	thumb	sub_810BE8E
0810bfb8	thumb	sub_810BFB8
0810bfe0	thumb	sub_810BFE0
0810c05c	thumb	sub_810C05C
0810c070	thumb	sub_810C070
0810c0e4	thumb	sub_810C0E4
0810c14a	thumb	sub_810C14A
0810c1d8	thumb	sub_810C1D8
0810c1f4	thumb	sub_810C1F4
0810c212	thumb	sub_810C212
0810c282	thumb	sub_810C282
0810c2b2	thumb	sub_810C2B2
0810d970	thumb	sub_810D970
0810d98c	thumb	sub_810D98C
0810d998	thumb	sub_810D998
0810d9c4	thumb	sub_810D9C4
0810da00	thumb	sub_810DA00
0810da24	thumb	sub_810DA24
0810da4c	thumb	sub_810DA4C
0810daaa	thumb	sub_810DAAA
0810dae4	thumb	sub_810DAE4
0810daf0	thumb	sub_810DAF0
0810db20	thumb	sub_810DB20
0810db72	thumb	sub_810DB72
0810db88	thumb	sub_810DB88
0810dc00	thumb	sub_810DC00
0810dc4c	thumb	sub_810DC4C
0810dcce	thumb	sub_810DCCE
0810de00	thumb	sub_810DE00
0810de3c	thumb	sub_810DE3C
0810de96	thumb	sub_810DE96
0810dec4	thumb	sub_810DEC4
0810ded2	thumb	sub_810DED2
0810df2e	thumb	sub_810DF2E
0810dfd0	thumb	sub_810DFD0
0810e0d4	thumb	sub_810E0D4
0810e17a	thumb	sub_810E17A
0810e1bc	thumb	sub_810E1BC
0810e1f0	thumb	sub_810E1F0
0810e262	thumb	sub_810E262
0810e2a6	thumb	sub_810E2A6
0810e2ec	thumb	sub_810E2EC
0810e336	thumb	sub_810E336
0810e340	thumb	sub_810E340
0810e34a	thumb	sub_810E34A
0810e37a	thumb	sub_810E37A
0810e386	thumb	sub_810E386
0810e3a0	thumb	sub_810E3A0
0810e4d4	thumb	sub_810E4D4
0810e4f0	thumb	sub_810E4F0
0810e54e	thumb	sub_810E54E
0810e57c	thumb	sub_810E57C
0810e5b0	thumb	sub_810E5B0
0810e5f4	thumb	sub_810E5F4
0810e63c	thumb	sub_810E63C
0810e666	thumb	sub_810E666
0810e6d2	thumb	sub_810E6D2
0810e6e2	thumb	sub_810E6E2
0810e6f6	thumb	sub_810E6F6
0810e746	thumb	sub_810E746
0810e774	thumb	sub_810E774
0810e81e	thumb	sub_810E81E
0810e854	thumb	sub_810E854
0810e8da	thumb	sub_810E8DA
0810e928	thumb	sub_810E928
0810e97a	thumb	sub_810E97A
0810e9b6	thumb	sub_810E9B6
0810e9d4	thumb	sub_810E9D4
0810ea3e	thumb	sub_810EA3E
0810ea4e	thumb	sub_810EA4E
0810ea70	thumb	sub_810EA70
0810eaa2	thumb	sub_810EAA2
0810eaa6	thumb	sub_810EAA6
0810eade	thumb	sub_810EADE
0810eb42	thumb	sub_810EB42
0810eb5c	thumb	sub_810EB5C
0810eb76	thumb	sub_810EB76
0810eb86	thumb	sub_810EB86
0810ebb0	thumb	sub_810EBB0
0810ebb8	thumb	sub_810EBB8
0810ed70	thumb	sub_810ED70
0810edb8	thumb	sub_810EDB8
0810ee04	thumb	sub_810EE04
0810ee3e	thumb	sub_810EE3E
0810ee64	thumb	sub_810EE64
0810eede	thumb	sub_810EEDE
0810ef40	thumb	sub_810EF40
0810f040	thumb	sub_810F040
0810f090	thumb	sub_810F090
0810f0c0	thumb	sub_810F0C0
0810f0d8	thumb	sub_810F0D8
0810f1b6	thumb	sub_810F1B6
0810f1e6	thumb	sub_810F1E6
0810f1f2	thumb	sub_810F1F2
0810f2ec	thumb	sub_810F2EC
0810f310	thumb	sub_810F310
0810f33c	thumb	sub_810F33C
0810f376	thumb	sub_810F376
0810f3f8	thumb	sub_810F3F8
0810f402	thumb	sub_810F402
0810f434	thumb	sub_810F434
0810f44c	thumb	sub_810F44C
0810f5d0	thumb	sub_810F5D0
0810f660	thumb	sub_810F660
0810f6c4	thumb	sub_810F6C4
0810f770	thumb	sub_810F770
0810f7ec	thumb	sub_810F7EC
0810f898	thumb	sub_810F898
0810f96c	thumb	sub_810F96C
0810f9f6	thumb	sub_810F9F6
0810fa2c	thumb	sub_810FA2C
0810fa4c	thumb	sub_810FA4C
0810fa64	thumb	sub_810FA64
0810faa0	thumb	sub_810FAA0
0810faca	thumb	sub_810FACA
0810fb30	thumb	sub_810FB30
0810fb54	thumb	sub_810FB54
0810fbd8	thumb	sub_810FBD8
0810fc0c	thumb	sub_810FC0C
0810fc30	thumb	sub_810FC30
0810fc68	thumb	sub_810FC68
0810fca2	thumb	sub_810FCA2
0810fd70	thumb	sub_810FD70
0810fd90	thumb	sub_810FD90
0810fdb0	thumb	sub_810FDB0
0810fdd0	thumb	sub_810FDD0
0810fdf0	thumb	sub_810FDF0
0810fe18	thumb	sub_810FE18
0810fe5c	thumb	sub_810FE5C
0810ff1c	thumb	sub_810FF1C
0810ff68	thumb	sub_810FF68
0810ff9c	thumb	sub_810FF9C
0810ffc4	thumb	sub_810FFC4
08110000	thumb	sub_8110000
0811000e	thumb	sub_811000E
08110020	thumb	sub_8110020
081100b0	thumb	sub_81100B0
081100e2	thumb	sub_81100E2
0811013c	thumb	sub_811013C
0811016c	thumb	sub_811016C
08110222	thumb	sub_8110222
08110254	thumb	sub_8110254
0811037c	thumb	sub_811037C
081103a0	thumb	sub_81103A0
08110416	thumb	sub_8110416
0811046a	thumb	sub_811046A
081104b2	thumb	sub_81104B2
08110518	thumb	sub_8110518
08110546	thumb	sub_8110546
0811055c	thumb	sub_811055C
08110574	thumb	sub_8110574
0811060a	thumb	sub_811060A
08110714	thumb	sub_8110714
0811072c	thumb	sub_811072C
081107a0	thumb	sub_81107A0
081107bc	thumb	sub_81107BC
081107f2	thumb	sub_81107F2
08110840	thumb	sub_8110840
0811088a	thumb	sub_811088A
081108e4	thumb	sub_81108E4
0811095e	thumb	sub_811095E
081109f6	thumb	sub_81109F6
08110a8e	thumb	sub_8110A8E
08110ae4	thumb	sub_8110AE4
08110b16	thumb	sub_8110B16
08110b38	thumb	sub_8110B38
08110b50	thumb	sub_8110B50
08110b70	thumb	sub_8110B70
08110c26	thumb	sub_8110C26
08110cc6	thumb	sub_8110CC6
08110d18	thumb	sub_8110D18
08110d34	thumb	sub_8110D34
08110d58	thumb	sub_8110D58
08110d7c	thumb	sub_8110D7C
08110e76	thumb	sub_8110E76
08110e90	thumb	sub_8110E90
08110eb8	thumb	sub_8110EB8
08110ed8	thumb	sub_8110ED8
08110ef8	thumb	sub_8110EF8
08110f36	thumb	sub_8110F36
08110f8c	thumb	sub_8110F8C
08110fa2	thumb	sub_8110FA2
08110ff4	thumb	sub_8110FF4
08111030	thumb	sub_8111030
0811109c	thumb	sub_811109C
081110c8	thumb	sub_81110C8
0811121c	thumb	sub_811121C
0811123c	thumb	sub_811123C
0811128c	thumb	sub_811128C
081112dc	thumb	sub_81112DC
08111384	thumb	sub_8111384
081113c4	thumb	sub_81113C4
081113de	thumb	sub_81113DE
08111438	thumb	sub_8111438
081114c8	thumb	sub_81114C8
081114ee	thumb	sub_81114EE
0811152c	thumb	sub_811152C
08111650	thumb	sub_8111650
08111674	thumb	sub_8111674
081116d2	thumb	sub_81116D2
0811170c	thumb	sub_811170C
08111726	thumb	sub_8111726
08111750	thumb	sub_8111750
08111764	thumb	sub_8111764
081117da	thumb	sub_81117DA
08111816	thumb	sub_8111816
08111846	thumb	sub_8111846
08111a00	thumb	sub_8111A00
08111a28	thumb	sub_8111A28
08111a72	thumb	sub_8111A72
08111a8c	thumb	sub_8111A8C
08111aec	thumb	sub_8111AEC
08111b06	thumb	sub_8111B06
08111b4a	thumb	sub_8111B4A
08111b70	thumb	sub_8111B70
08111b88	thumb	sub_8111B88
08111bb2	thumb	sub_8111BB2
08111bc8	thumb	sub_8111BC8
08111bde	thumb	sub_8111BDE
08111bfe	thumb	sub_8111BFE
08111c88	thumb	sub_8111C88
08111cba	thumb	sub_8111CBA
08111ce0	thumb	sub_8111CE0
08111d06	thumb	sub_8111D06
08111d28	thumb	sub_8111D28
08111d46	thumb	sub_8111D46
08111df0	thumb	sub_8111DF0
08111dfc	thumb	sub_8111DFC
08111e14	thumb	sub_8111E14
08111f08	thumb	sub_8111F08
08111f38	thumb	sub_8111F38
08111f70	thumb	sub_8111F70
08111f94	thumb	sub_8111F94
08111fae	thumb	sub_8111FAE
081120e4	thumb	sub_81120E4
08112104	thumb	sub_8112104
0811219c	thumb	sub_811219C
08112278	thumb	sub_8112278
081122a0	thumb	sub_81122A0
08112340	thumb	sub_8112340
0811239a	thumb	sub_811239A
081123ec	thumb	sub_81123EC
08112426	thumb	sub_8112426
08112466	thumb	sub_8112466
081124d4	thumb	sub_81124D4
081124f2	thumb	sub_81124F2
0811252c	thumb	sub_811252C
08112562	thumb	sub_8112562
08112600	thumb	sub_8112600
08112630	thumb	sub_8112630
08112648	thumb	sub_8112648
08112666	thumb	sub_8112666
081127c8	thumb	sub_81127C8
081127e8	thumb	sub_81127E8
08112820	thumb	sub_8112820
0811288c	thumb	sub_811288C
081128b2	thumb	sub_81128B2
081128da	thumb	sub_81128DA
081128fa	thumb	sub_81128FA
08112928	thumb	sub_8112928
08112968	thumb	sub_8112968
081129ee	thumb	sub_81129EE
08112a1e	thumb	sub_8112A1E
08112a4a	thumb	sub_8112A4A
08112a64	thumb	sub_8112A64
08112a78	thumb	sub_8112A78
08112b06	thumb	sub_8112B06
08112c80	thumb	sub_8112C80
08112ca4	thumb	sub_8112CA4
08112cf4	thumb	sub_8112CF4
08112d2a	thumb	sub_8112D2A
08112d60	thumb	sub_8112D60
08112d84	thumb	sub_8112D84
08112d9c	thumb	sub_8112D9C
08112dc0	thumb	sub_8112DC0
08112e34	thumb	sub_8112E34
08112e7c	thumb	sub_8112E7C
08112ec4	thumb	sub_8112EC4
08112efa	thumb	sub_8112EFA
08112f34	thumb	sub_8112F34
08112f4e	thumb	sub_8112F4E
08112f70	thumb	sub_8112F70
08112fba	thumb	sub_8112FBA
08113002	thumb	sub_8113002
08113038	thumb	sub_8113038
081130e4	thumb	sub_81130E4
081130f0	thumb	sub_81130F0
081130fc	thumb	sub_81130FC
08113108	thumb	sub_8113108
08113114	thumb	sub_8113114
08113124	thumb	sub_8113124
081131d8	thumb	sub_81131D8
08113330	thumb	sub_8113330
08113350	thumb	sub_8113350
0811339a	thumb	sub_811339A
0811348e	thumb	sub_811348E
081134b0	thumb	sub_81134B0
08113510	thumb	sub_8113510
081135a4	thumb	sub_81135A4
08113626	thumb	sub_8113626
0811363c	thumb	sub_811363C
0811365a	thumb	sub_811365A
08113674	thumb	sub_8113674
0811368a	thumb	sub_811368A
08113840	thumb	sub_8113840
0811387c	thumb	sub_811387C
0811389e	thumb	sub_811389E
081138d8	thumb	sub_81138D8
08113910	thumb	sub_8113910
0811393a	thumb	sub_811393A
08113984	thumb	sub_8113984
08113a1c	thumb	sub_8113A1C
08113a76	thumb	sub_8113A76
08113ab8	thumb	sub_8113AB8
08113b20	thumb	sub_8113B20
08113b7a	thumb	sub_8113B7A
08113bac	thumb	sub_8113BAC
08113bec	thumb	sub_8113BEC
08113c18	thumb	sub_8113C18
08113c48	thumb	sub_8113C48
08113c84	thumb	sub_8113C84
08113cc8	thumb	sub_8113CC8
08113dd8	thumb	sub_8113DD8
08113dfc	thumb	sub_8113DFC
08113e54	thumb	sub_8113E54
08113eac	thumb	sub_8113EAC
08113f10	thumb	sub_8113F10
08113f60	thumb	sub_8113F60
08113f94	thumb	sub_8113F94
08113fc0	thumb	sub_8113FC0
08113fe8	thumb	sub_8113FE8
08114030	thumb	sub_8114030
08114040	thumb	sub_8114040
08114060	thumb	sub_8114060
08114074	thumb	sub_8114074
08114088	thumb	sub_8114088
08114170	thumb	sub_8114170
08114192	thumb	sub_8114192
081141bc	thumb	sub_81141BC
081141e8	thumb	sub_81141E8
08114214	thumb	sub_8114214
08114238	thumb	sub_8114238
0811427a	thumb	sub_811427A
081142f0	thumb	sub_81142F0
08114316	thumb	sub_8114316
0811438e	thumb	sub_811438E
081144b4	thumb	sub_81144B4
081144e8	thumb	sub_81144E8
0811456a	thumb	sub_811456A
08114612	thumb	sub_8114612
08114694	thumb	sub_8114694
081146bc	thumb	sub_81146BC
081146cc	thumb	sub_81146CC
081147f4	thumb	sub_81147F4
08114824	thumb	sub_8114824
08114856	thumb	sub_8114856
08114910	thumb	sub_8114910
081149e0	thumb	sub_81149E0
08114a4a	thumb	sub_8114A4A
08114a64	thumb	sub_8114A64
08114a84	thumb	sub_8114A84
08114aa4	thumb	sub_8114AA4
08114ac4	thumb	sub_8114AC4
08114af0	thumb	sub_8114AF0
08114bb4	thumb	sub_8114BB4
08114bf0	thumb	sub_8114BF0
08114c04	thumb	sub_8114C04
08114c90	thumb	sub_8114C90
08114cbc	thumb	sub_8114CBC
08114cf2	thumb	sub_8114CF2
08114d2c	thumb	sub_8114D2C
08114d44	thumb	sub_8114D44
08114d74	thumb	sub_8114D74
08114d8e	thumb	sub_8114D8E
08114dac	thumb	sub_8114DAC
08114df2	thumb	sub_8114DF2
08114e30	thumb	sub_8114E30
08114e44	thumb	sub_8114E44
08114efc	thumb	sub_8114EFC
08114f52	thumb	sub_8114F52
08114f6a	thumb	sub_8114F6A
08114faa	thumb	sub_8114FAA
08114fb8	thumb	sub_8114FB8
08115028	thumb	sub_8115028
0811504c	thumb	sub_811504C
08115074	thumb	sub_8115074
08115098	thumb	sub_8115098
081151a0	thumb	sub_81151A0
081151cc	thumb	sub_81151CC
08115340	thumb	sub_8115340
08115398	thumb	sub_8115398
08115404	thumb	sub_8115404
08115432	thumb	sub_8115432
08115446	thumb	sub_8115446
08115466	thumb	sub_8115466
08115492	thumb	sub_8115492
081154b8	thumb	sub_81154B8
0811555c	thumb	sub_811555C
0811557c	thumb	sub_811557C
08115598	thumb	sub_8115598
08115654	thumb	sub_8115654
08115668	thumb	sub_8115668
0811567e	thumb	sub_811567E
081156ac	thumb	sub_81156AC
081157f0	thumb	sub_81157F0
0811581c	thumb	sub_811581C
08115876	thumb	sub_8115876
081158a4	thumb	sub_81158A4
081158c2	thumb	sub_81158C2
081158dc	thumb	sub_81158DC
0811590a	thumb	sub_811590A
0811592a	thumb	sub_811592A
081159b0	thumb	sub_81159B0
081159c4	thumb	sub_81159C4
081159dc	thumb	sub_81159DC
08115a02	thumb	sub_8115A02
08115a2c	thumb	sub_8115A2C
08115a5c	thumb	sub_8115A5C
08115a96	thumb	sub_8115A96
08115ad0	thumb	sub_8115AD0
08115bb0	thumb	sub_8115BB0
08115cd8	thumb	sub_8115CD8
08115cf8	thumb	sub_8115CF8
08115d58	thumb	sub_8115D58
08115d76	thumb	sub_8115D76
08115da4	thumb	sub_8115DA4
08115e4c	thumb	sub_8115E4C
08115e6c	thumb	sub_8115E6C
08115e94	thumb	sub_8115E94
08115ebc	thumb	sub_8115EBC
08115edc	thumb	sub_8115EDC
08115ef4	thumb	sub_8115EF4
08115f2e	thumb	sub_8115F2E
08115f74	thumb	sub_8115F74
08115fce	thumb	sub_8115FCE
08116044	thumb	sub_8116044
0811606a	thumb	sub_811606A
08116090	thumb	sub_8116090
081160b0	thumb	sub_81160B0
081161b0	thumb	sub_81161B0
08116210	thumb	sub_8116210
0811627a	thumb	sub_811627A
081162aa	thumb	sub_81162AA
081162ae	thumb	sub_81162AE
08116414	thumb	sub_8116414
08116470	thumb	sub_8116470
0811648c	thumb	sub_811648C
0811649e	thumb	sub_811649E
081164ec	thumb	sub_81164EC
08116510	thumb	sub_8116510
081165a4	thumb	sub_81165A4
081166d4	thumb	sub_81166D4
081166f2	thumb	sub_81166F2
0811670e	thumb	sub_811670E
08116720	thumb	sub_8116720
08116758	thumb	sub_8116758
0811677a	thumb	sub_811677A
081167d2	thumb	sub_81167D2
08116834	thumb	sub_8116834
08116878	thumb	sub_8116878
08116894	thumb	sub_8116894
081168b4	thumb	sub_81168B4
08116904	thumb	sub_8116904
0811691c	thumb	sub_811691C
08116924	thumb	sub_8116924
08116944	thumb	sub_8116944
081169b0	thumb	sub_81169B0
081169d8	thumb	sub_81169D8
08116a04	thumb	sub_8116A04
08116a28	thumb	sub_8116A28
08116a3c	thumb	sub_8116A3C
08116a44	thumb	sub_8116A44
08116adc	thumb	sub_8116ADC
08116b00	thumb	sub_8116B00
08116b9c	thumb	sub_8116B9C
08116bc0	thumb	sub_8116BC0
08116bfc	thumb	sub_8116BFC
08116c14	thumb	sub_8116C14
08116c38	thumb	sub_8116C38
08116c40	thumb	sub_8116C40
08116c78	thumb	sub_8116C78
08116cd4	thumb	sub_8116CD4
08116ce0	thumb	sub_8116CE0
08116d00	thumb	sub_8116D00
08116d6c	thumb	sub_8116D6C
08116d90	thumb	sub_8116D90
08116db4	thumb	sub_8116DB4
08116dec	thumb	sub_8116DEC
08116e08	thumb	sub_8116E08
08116e10	thumb	sub_8116E10
08116e30	thumb	sub_8116E30
08116f34	thumb	sub_8116F34
08116f60	thumb	sub_8116F60
08116f8c	thumb	sub_8116F8C
08116f9c	thumb	sub_8116F9C
08116fd4	thumb	sub_8116FD4
08116fdc	thumb	sub_8116FDC
08117084	thumb	sub_8117084
081170ac	thumb	sub_81170AC
081170c0	thumb	sub_81170C0
08117110	thumb	sub_8117110
08117130	thumb	sub_8117130
081171b4	thumb	sub_81171B4
081171cc	thumb	sub_81171CC
081171d4	thumb	sub_81171D4
081171f4	thumb	sub_81171F4
08117218	thumb	sub_8117218
08117238	thumb	sub_8117238
0811727c	thumb	sub_811727C
081172a6	thumb	sub_81172A6
081172b0	thumb	sub_81172B0
081172d0	thumb	sub_81172D0
0811734c	thumb	sub_811734C
08117354	thumb	sub_8117354
08117404	thumb	sub_8117404
08117424	thumb	sub_8117424
08117488	thumb	sub_8117488
081174b8	thumb	sub_81174B8
081174c0	thumb	sub_81174C0
0811753c	thumb	sub_811753C
0811756c	thumb	sub_811756C
08117588	thumb	sub_8117588
08117592	thumb	sub_8117592
081175ac	thumb	sub_81175AC
081175bc	thumb	sub_81175BC
081175c4	thumb	sub_81175C4
081175d0	thumb	sub_81175D0
081175f0	thumb	sub_81175F0
08117680	thumb	sub_8117680
08117688	thumb	sub_8117688
08117690	thumb	sub_8117690
081176b0	thumb	sub_81176B0
081176c0	thumb	sub_81176C0
081176c8	thumb	sub_81176C8
081176d0	thumb	sub_81176D0
0811774c	thumb	sub_811774C
08117768	thumb	sub_8117768
08117780	thumb	sub_8117780
081177a4	thumb	sub_81177A4
081177ec	thumb	sub_81177EC
08117818	thumb	sub_8117818
08117820	thumb	sub_8117820
08117872	thumb	sub_8117872
0811788c	thumb	sub_811788C
081178ac	thumb	sub_81178AC
081178d8	thumb	sub_81178D8
081178fc	thumb	sub_81178FC
0811794c	thumb	sub_811794C
08117990	thumb	sub_8117990
08117998	thumb	sub_8117998
081179ae	thumb	sub_81179AE
081179e0	thumb	sub_81179E0
081179e4	thumb	sub_81179E4
08117a14	thumb	sub_8117A14
08117a84	thumb	sub_8117A84
08117aa0	thumb	sub_8117AA0
08117ab4	thumb	sub_8117AB4
08117b38	thumb	sub_8117B38
08117b4a	thumb	sub_8117B4A
08117b5c	thumb	sub_8117B5C
08117b94	thumb	sub_8117B94
08117bc8	thumb	sub_8117BC8
08117be8	thumb	sub_8117BE8
08117c4c	thumb	sub_8117C4C
08117c70	thumb	sub_8117C70
08117c9c	thumb	sub_8117C9C
08117cc4	thumb	sub_8117CC4
08117ccc	thumb	sub_8117CCC
08117cd4	thumb	sub_8117CD4
08117d10	thumb	sub_8117D10
08117d2c	thumb	sub_8117D2C
08117d4c	thumb	sub_8117D4C
08117dc8	thumb	sub_8117DC8
08117de0	thumb	sub_8117DE0
08117e20	thumb	sub_8117E20
08117e60	thumb	sub_8117E60
08117ec0	thumb	sub_8117EC0
08117ec8	thumb	sub_8117EC8
08117ee8	thumb	sub_8117EE8
08117f78	thumb	sub_8117F78
08117f9c	thumb	sub_8117F9C
08117fc4	thumb	sub_8117FC4
08117ff8	thumb	sub_8117FF8
0811800c	thumb	sub_811800C
08118030	thumb	sub_8118030
0811805c	thumb	sub_811805C
081180e0	thumb	sub_81180E0
081180fc	thumb	sub_81180FC
08118104	thumb	sub_8118104
08118134	thumb	sub_8118134
081181dc	thumb	sub_81181DC
08118234	thumb	sub_8118234
081182a4	thumb	sub_81182A4
08118314	thumb	sub_8118314
08118320	thumb	sub_8118320
08118344	thumb	sub_8118344
08118368	thumb	sub_8118368
081183c4	thumb	sub_81183C4
08118424	thumb	sub_8118424
0811842c	thumb	sub_811842C
0811847c	thumb	sub_811847C
081184a8	thumb	sub_81184A8
081184c0	thumb	sub_81184C0
081184ec	thumb	sub_81184EC
08118510	thumb	sub_8118510
08118550	thumb	sub_8118550
0811857c	thumb	sub_811857C
081185a8	thumb	sub_81185A8
081185b8	thumb	sub_81185B8
081185c0	thumb	sub_81185C0
081185e4	thumb	sub_81185E4
08118604	thumb	sub_8118604
08118658	thumb	sub_8118658
081186a8	thumb	sub_81186A8
0811870c	thumb	sub_811870C
08118744	thumb	sub_8118744
08118794	thumb	sub_8118794
081187dc	thumb	sub_81187DC
081187e8	thumb	sub_81187E8
0811880c	thumb	sub_811880C
08118874	thumb	sub_8118874
081188cc	thumb	sub_81188CC
081188ec	thumb	sub_81188EC
0811891c	thumb	sub_811891C
08118964	thumb	sub_8118964
08118998	thumb	sub_8118998
081189c0	thumb	sub_81189C0
081189d4	thumb	sub_81189D4
081189e0	thumb	sub_81189E0
08118a00	thumb	sub_8118A00
08118a2c	thumb	sub_8118A2C
08118a58	thumb	sub_8118A58
08118a88	thumb	sub_8118A88
08118aa8	thumb	sub_8118AA8
08118ab0	thumb	sub_8118AB0
08118b48	thumb	sub_8118B48
08118b98	thumb	sub_8118B98
08118ba4	thumb	sub_8118BA4
08118bc8	thumb	sub_8118BC8
08118c2c	thumb	sub_8118C2C
08118c84	thumb	sub_8118C84
08118c8c	thumb	sub_8118C8C
08118cec	thumb	sub_8118CEC
08118cf4	thumb	sub_8118CF4
08118d54	thumb	sub_8118D54
08118d60	thumb	sub_8118D60
08118d84	thumb	sub_8118D84
08118de0	thumb	sub_8118DE0
08118dfc	thumb	sub_8118DFC
08118e1c	thumb	sub_8118E1C
08118e24	thumb	sub_8118E24
08118e78	thumb	sub_8118E78
08118e84	thumb	sub_8118E84
08118ea8	thumb	sub_8118EA8
08118f14	thumb	sub_8118F14
08118f1c	thumb	sub_8118F1C
08118f24	thumb	sub_8118F24
08118f44	thumb	sub_8118F44
08118fc0	thumb	sub_8118FC0
08118fe0	thumb	sub_8118FE0
08118fe4	thumb	sub_8118FE4
08119018	thumb	sub_8119018
08119084	thumb	sub_8119084
081190d8	thumb	sub_81190D8
081190e0	thumb	sub_81190E0
081190f8	thumb	sub_81190F8
08119118	thumb	sub_8119118
08119364	thumb	sub_8119364
08119384	thumb	sub_8119384
08119438	thumb	sub_8119438
08119594	thumb	sub_8119594
081195e4	thumb	sub_81195E4
081196a0	thumb	sub_81196A0
081196c4	thumb	sub_81196C4
081196f0	thumb	sub_81196F0
08119730	thumb	sub_8119730
0811974c	thumb	sub_811974C
0811975c	thumb	sub_811975C
0811976c	thumb	sub_811976C
0811979c	thumb	sub_811979C
081197b4	thumb	sub_81197B4
08119800	thumb	sub_8119800
08119804	thumb	sub_8119804
0811980c	thumb	sub_811980C
0811983c	thumb	sub_811983C
08119854	thumb	sub_8119854
08119880	thumb	sub_8119880
081198b0	thumb	sub_81198B0
081198e8	thumb	sub_81198E8
0811997c	thumb	sub_811997C
081199a0	thumb	sub_81199A0
081199c0	thumb	sub_81199C0
081199dc	thumb	sub_81199DC
081199e4	thumb	sub_81199E4
08119a48	thumb	sub_8119A48
08119aa0	thumb	sub_8119AA0
08119acc	thumb	sub_8119ACC
08119aec	thumb	sub_8119AEC
08119bd0	thumb	sub_8119BD0
08119be0	thumb	sub_8119BE0
08119be8	thumb	sub_8119BE8
08119c08	thumb	sub_8119C08
08119c58	thumb	sub_8119C58
08119c74	thumb	sub_8119C74
08119c94	thumb	sub_8119C94
08119d54	thumb	sub_8119D54
08119d74	thumb	sub_8119D74
08119de8	thumb	sub_8119DE8
08119e38	thumb	sub_8119E38
08119e40	thumb	sub_8119E40
08119e60	thumb	sub_8119E60
08119eec	thumb	sub_8119EEC
08119f88	thumb	sub_8119F88
0811a0a4	thumb	sub_811A0A4
0811a0cc	thumb	sub_811A0CC
0811a0f4	thumb	sub_811A0F4
0811a11c	thumb	sub_811A11C
0811a138	thumb	sub_811A138
0811a148	thumb	sub_811A148
0811a160	thumb	sub_811A160
0811a190	thumb	sub_811A190
0811a1b0	thumb	sub_811A1B0
0811a1e8	thumb	sub_811A1E8
0811a1ec	thumb	sub_811A1EC
0811a1f4	thumb	sub_811A1F4
0811a220	thumb	sub_811A220
0811a24c	thumb	sub_811A24C
0811a268	thumb	sub_811A268
0811a29c	thumb	sub_811A29C
0811a2ec	thumb	sub_811A2EC
0811a338	thumb	sub_811A338
0811a358	thumb	sub_811A358
0811a370	thumb	sub_811A370
0811a3a4	thumb	sub_811A3A4
0811a3ac	thumb	sub_811A3AC
0811a414	thumb	sub_811A414
0811a434	thumb	sub_811A434
0811a4dc	thumb	sub_811A4DC
0811a4fc	thumb	sub_811A4FC
0811a500	thumb	sub_811A500
0811a51c	thumb	sub_811A51C
0811a57c	thumb	sub_811A57C
0811a5b4	thumb	sub_811A5B4
0811a5bc	thumb	sub_811A5BC
0811a610	thumb	sub_811A610
0811a640	thumb	sub_811A640
0811a68c	thumb	sub_811A68C
0811a6a0	thumb	sub_811A6A0
0811a6b4	thumb	sub_811A6B4
0811a6c8	thumb	sub_811A6C8
0811a6dc	thumb	sub_811A6DC
0811a704	thumb	sub_811A704
0811a718	thumb	sub_811A718
0811a768	thumb	sub_811A768
0811a78c	thumb	sub_811A78C
0811a7ac	thumb	sub_811A7AC
0811a818	thumb	sub_811A818
0811a830	thumb	sub_811A830
0811a838	thumb	sub_811A838
0811a858	thumb	sub_811A858
0811a878	thumb	sub_811A878
0811a8d0	thumb	sub_811A8D0
0811a8ec	thumb	sub_811A8EC
0811a8f4	thumb	sub_811A8F4
0811a914	thumb	sub_811A914
0811a940	thumb	sub_811A940
0811a968	thumb	sub_811A968
0811a978	thumb	sub_811A978
0811a998	thumb	sub_811A998
0811aa14	thumb	sub_811AA14
0811aa4c	thumb	sub_811AA4C
0811aab8	thumb	sub_811AAB8
0811ab0c	thumb	sub_811AB0C
0811ab14	thumb	sub_811AB14
0811ab5c	thumb	sub_811AB5C
0811ab7c	thumb	sub_811AB7C
0811abc8	thumb	sub_811ABC8
0811abf8	thumb	sub_811ABF8
0811aca8	thumb	sub_811ACA8
0811acfc	thumb	sub_811ACFC
0811ad04	thumb	sub_811AD04
0811ad18	thumb	sub_811AD18
0811ad38	thumb	sub_811AD38
0811ad58	thumb	sub_811AD58
0811adc0	thumb	sub_811ADC0
0811ae00	thumb	sub_811AE00
0811ae04	thumb	sub_811AE04
0811ae2c	thumb	sub_811AE2C
0811ae54	thumb	sub_811AE54
0811ae5c	thumb	sub_811AE5C
0811ae7c	thumb	sub_811AE7C
0811b010	thumb	sub_811B010
0811b028	thumb	sub_811B028
0811b098	thumb	sub_811B098
0811b104	thumb	sub_811B104
0811b14c	thumb	sub_811B14C
0811b194	thumb	sub_811B194
0811b1ec	thumb	sub_811B1EC
0811b20c	thumb	sub_811B20C
0811b284	thumb	sub_811B284
0811b290	thumb	sub_811B290
0811b298	thumb	sub_811B298
0811b314	thumb	sub_811B314
0811b338	thumb	sub_811B338
0811b35c	thumb	sub_811B35C
0811b3b0	thumb	sub_811B3B0
0811b3cc	thumb	sub_811B3CC
0811b3ec	thumb	sub_811B3EC
0811b3f4	thumb	sub_811B3F4
0811b414	thumb	sub_811B414
0811b45c	thumb	sub_811B45C
0811b464	thumb	sub_811B464
0811b46c	thumb	sub_811B46C
0811b48c	thumb	sub_811B48C
0811b4ac	thumb	sub_811B4AC
0811b570	thumb	sub_811B570
0811b594	thumb	sub_811B594
0811b5c0	thumb	sub_811B5C0
0811b620	thumb	sub_811B620
0811b648	thumb	sub_811B648
0811b6b8	thumb	sub_811B6B8
0811b6d8	thumb	sub_811B6D8
0811b6e0	thumb	sub_811B6E0
0811b71c	thumb	sub_811B71C
0811b7d4	thumb	sub_811B7D4
0811b814	thumb	sub_811B814
0811b8c8	thumb	sub_811B8C8
0811b914	thumb	sub_811B914
0811b984	thumb	sub_811B984
0811b990	thumb	sub_811B990
0811b9b4	thumb	sub_811B9B4
0811b9d8	thumb	sub_811B9D8
0811ba58	thumb	sub_811BA58
0811ba88	thumb	sub_811BA88
0811bac4	thumb	sub_811BAC4
0811baec	thumb	sub_811BAEC
0811baf4	thumb	sub_811BAF4
0811bb18	thumb	sub_811BB18
0811bb30	thumb	sub_811BB30
0811bb50	thumb	sub_811BB50
0811bb64	thumb	sub_811BB64
0811bbb8	thumb	sub_811BBB8
0811bc00	thumb	sub_811BC00
0811bc24	thumb	sub_811BC24
0811bc44	thumb	sub_811BC44
0811bc68	thumb	sub_811BC68
0811bcd8	thumb	sub_811BCD8
0811bd34	thumb	sub_811BD34
0811bd3c	thumb	sub_811BD3C
0811bd64	thumb	sub_811BD64
0811bd88	thumb	sub_811BD88
0811bdcc	thumb	sub_811BDCC
0811bdec	thumb	sub_811BDEC
0811bdf4	thumb	sub_811BDF4
0811bdfc	thumb	sub_811BDFC
0811be1c	thumb	sub_811BE1C
0811be90	thumb	sub_811BE90
0811be9c	thumb	sub_811BE9C
0811bed4	thumb	sub_811BED4
0811c01c	thumb	sub_811C01C
0811c07c	thumb	sub_811C07C
0811c084	thumb	sub_811C084
0811c08c	thumb	sub_811C08C
0811c0ac	thumb	sub_811C0AC
0811c0f8	thumb	sub_811C0F8
0811c10e	thumb	sub_811C10E
0811c11c	thumb	sub_811C11C
0811c13c	thumb	sub_811C13C
0811c18c	thumb	sub_811C18C
0811c1a4	thumb	sub_811C1A4
0811c1ac	thumb	sub_811C1AC
0811c1cc	thumb	sub_811C1CC
0811c22c	thumb	sub_811C22C
0811c234	thumb	sub_811C234
0811c23c	thumb	sub_811C23C
0811c25c	thumb	sub_811C25C
0811c27c	thumb	sub_811C27C
0811c298	thumb	sub_811C298
0811c2a0	thumb	sub_811C2A0
0811c2a8	thumb	sub_811C2A8
0811c440	thumb	sub_811C440
0811c4d8	thumb	sub_811C4D8
0811c4e8	thumb	sub_811C4E8
0811c508	thumb	sub_811C508
0811c52c	thumb	sub_811C52C
0811c53c	thumb	sub_811C53C
0811c544	thumb	sub_811C544
0811c554	thumb	sub_811C554
0811c620	thumb	sub_811C620
0811c654	thumb	sub_811C654
0811c754	thumb	sub_811C754
0811c784	thumb	sub_811C784
0811c7a0	thumb	sub_811C7A0
0811c9fc	thumb	sub_811C9FC
0811ca1c	thumb	sub_811CA1C
0811ca94	thumb	sub_811CA94
0811cae4	thumb	sub_811CAE4
0811caec	thumb	sub_811CAEC
0811cba0	thumb	sub_811CBA0
0811cbd0	thumb	sub_811CBD0
0811cc02	thumb	sub_811CC02
0811cc0c	thumb	sub_811CC0C
0811cc26	thumb	sub_811CC26
0811cc3a	thumb	sub_811CC3A
0811cc4e	thumb	sub_811CC4E
0811cc60	thumb	sub_811CC60
0811cc68	thumb	sub_811CC68
0811cc74	thumb	sub_811CC74
0811cc94	thumb	sub_811CC94
0811cd08	thumb	sub_811CD08
0811cd60	thumb	sub_811CD60
0811cd94	thumb	sub_811CD94
0811cdc8	thumb	sub_811CDC8
0811cdf4	thumb	sub_811CDF4
0811ce34	thumb	sub_811CE34
0811ce64	thumb	sub_811CE64
0811ce88	thumb	sub_811CE88
0811cec4	thumb	sub_811CEC4
0811cf44	thumb	sub_811CF44
0811cf64	thumb	sub_811CF64
0811cf94	thumb	sub_811CF94
0811cfa4	thumb	sub_811CFA4
0811cfd0	thumb	sub_811CFD0
0811cfec	thumb	sub_811CFEC
0811d020	thumb	sub_811D020
0811d058	thumb	sub_811D058
0811d080	thumb	sub_811D080
0811d0a8	thumb	sub_811D0A8
0811d0ac	thumb	sub_811D0AC
0811d0cc	thumb	sub_811D0CC
0811d0ec	thumb	sub_811D0EC
0811d120	thumb	sub_811D120
0811d124	thumb	sub_811D124
0811d148	thumb	sub_811D148
0811d15c	thumb	sub_811D15C
0811d19c	thumb	sub_811D19C
0811d1b4	thumb	sub_811D1B4
0811d1b8	thumb	sub_811D1B8
0811d1dc	thumb	sub_811D1DC
0811d20c	thumb	sub_811D20C
0811d248	thumb	sub_811D248
0811d2c0	thumb	sub_811D2C0
0811d2c4	thumb	sub_811D2C4
0811d2c8	thumb	sub_811D2C8
0811d2e0	thumb	sub_811D2E0
0811d2e8	thumb	sub_811D2E8
0811d2f8	thumb	sub_811D2F8
0811d410	thumb	sub_811D410
0811d464	thumb	sub_811D464
0811d530	thumb	sub_811D530
0811d5f8	thumb	sub_811D5F8
0811d634	thumb	sub_811D634
0811d66c	thumb	sub_811D66C
0811d69c	thumb	sub_811D69C
0811d6cc	thumb	sub_811D6CC
0811d6e8	thumb	sub_811D6E8
0811d6f4	thumb	sub_811D6F4
0811d7d0	thumb	sub_811D7D0
0811d894	thumb	sub_811D894
0811d954	thumb	sub_811D954
0811da00	thumb	sub_811DA00
0811da94	thumb	sub_811DA94
0811daf0	thumb	sub_811DAF0
0811db7c	thumb	sub_811DB7C
0811dbd0	thumb	sub_811DBD0
0811dbf0	thumb	sub_811DBF0
0811dc00	thumb	sub_811DC00
0811dc34	thumb	sub_811DC34
0811dc54	thumb	sub_811DC54
0811dc70	thumb	sub_811DC70
0811dc80	thumb	sub_811DC80
0811dc88	thumb	sub_811DC88
0811de74	thumb	sub_811DE74
0811df0c	thumb	sub_811DF0C
0811df1c	thumb	sub_811DF1C
0811df40	thumb	sub_811DF40
0811df94	thumb	sub_811DF94
0811dfcc	thumb	sub_811DFCC
0811dfd4	thumb	sub_811DFD4
0811e000	thumb	sub_811E000
0811e024	thumb	sub_811E024
0811e048	thumb	sub_811E048
0811e090	thumb	sub_811E090
0811e0b2	thumb	sub_811E0B2
0811e0ba	thumb	sub_811E0BA
0811e168	thumb	sub_811E168
0811e18c	thumb	sub_811E18C
0811e1d4	thumb	sub_811E1D4
0811e1fa	thumb	sub_811E1FA
0811e202	thumb	sub_811E202
0811e248	thumb	sub_811E248
0811e26c	thumb	sub_811E26C
0811e2b4	thumb	sub_811E2B4
0811e30c	thumb	sub_811E30C
0811e314	thumb	sub_811E314
0811e360	thumb	sub_811E360
0811e384	thumb	sub_811E384
0811e3cc	thumb	sub_811E3CC
0811e40c	thumb	sub_811E40C
0811e418	thumb	sub_811E418
0811e438	thumb	sub_811E438
0811e490	thumb	sub_811E490
0811e510	thumb	sub_811E510
0811e51c	thumb	sub_811E51C
0811e548	thumb	sub_811E548
0811e558	thumb	sub_811E558
0811e57c	thumb	sub_811E57C
0811e59c	thumb	sub_811E59C
0811e5ec	thumb	sub_811E5EC
0811e5f8	thumb	sub_811E5F8
0811e600	thumb	sub_811E600
0811e61c	thumb	sub_811E61C
0811e63c	thumb	sub_811E63C
0811e68c	thumb	sub_811E68C
0811e698	thumb	sub_811E698
0811e6a0	thumb	sub_811E6A0
0811e6c0	thumb	sub_811E6C0
0811e6e4	thumb	sub_811E6E4
0811e72c	thumb	sub_811E72C
0811e73c	thumb	sub_811E73C
0811e744	thumb	sub_811E744
0811e7d4	thumb	sub_811E7D4
0811e7f8	thumb	sub_811E7F8
0811e840	thumb	sub_811E840
0811e850	thumb	sub_811E850
0811e858	thumb	sub_811E858
0811e87c	thumb	sub_811E87C
0811e8c4	thumb	sub_811E8C4
0811e8d8	thumb	sub_811E8D8
0811e8e0	thumb	sub_811E8E0
0811e914	thumb	sub_811E914
0811e938	thumb	sub_811E938
0811e980	thumb	sub_811E980
0811e998	thumb	sub_811E998
0811e9a0	thumb	sub_811E9A0
0811e9c4	thumb	sub_811E9C4
0811ea0c	thumb	sub_811EA0C
0811ea20	thumb	sub_811EA20
0811ea28	thumb	sub_811EA28
0811ebe0	thumb	TestPETMenuDataFlag
0811ebe8	thumb	SetPETMenuDataFlag
0811ebf4	thumb	ClearPETMenuDataFlag
0811ec00	thumb	sub_811EC00
0811ec10	thumb	sub_811EC10
0811ec50	thumb	sub_811EC50
0811ec68	thumb	sub_811EC68
0811ed1c	thumb	ho_811ED1C
0811ed58	thumb	sub_811ED58
0811edb4	thumb	sub_811EDB4
0811ee98	thumb	sub_811EE98
0811eed0	thumb	sub_811EED0
0811ef0c	thumb	sub_811EF0C
0811ef28	thumb	sub_811EF28
0811ef70	thumb	CopyBackgroundTiles_PET_811EF70
0811ef8c	thumb	sub_811EF8C
0811efb8	thumb	sub_811EFB8
0811f014	thumb	sub_811F014
0811f050	thumb	sub_811F050
0811f08c	thumb	sub_811F08C
0811f0c8	thumb	sub_811F0C8
0811f11c	thumb	sub_811F11C
0811f184	thumb	sub_811F184
0811f1b8	thumb	sub_811F1B8
0811f214	thumb	sub_811F214
0811f24c	thumb	sub_811F24C
0811f290	thumb	sub_811F290
0811f508	thumb	sub_811F508
0811f54c	thumb	CopyBackgroundTiles_onNaviSelect_811F54C
0811f5dc	thumb	sub_811F5DC
0811f6c0	thumb	sub_811F6C0
0811f6e0	thumb	sub_811F6E0
0811f708	thumb	sub_811F708
0811f728	thumb	sub_811F728
0811f758	thumb	sub_811F758
0811f774	thumb	SubMenuControl
0811f7ec	thumb	IsButtonPressed
0811f7f8	thumb	sub_811F7F8
0811f91c	thumb	sub_811F91C
0811fa0c	thumb	sub_811FA0C
0811fa22	thumb	sub_811FA22
0811fa98	thumb	sub_811FA98
0811faf4	thumb	sub_811FAF4
0811fb64	thumb	sub_811FB64
0811fb78	thumb	sub_811FB78
0811fb84	thumb	sub_811FB84
0811fca4	thumb	sub_811FCA4
0811fcb8	thumb	sub_811FCB8
0811fdb8	thumb	sub_811FDB8
0811fe34	thumb	sub_811FE34
0811fe48	thumb	sub_811FE48
0811fe7c	thumb	sub_811FE7C
0811ff54	thumb	sub_811FF54
0811ff6c	thumb	sub_811FF6C
0811ff80	thumb	sub_811FF80
0811ffc0	thumb	sub_811FFC0
08120018	thumb	sub_8120018
081200ec	thumb	sub_81200EC
08120194	thumb	sub_8120194
08120228	thumb	sub_8120228
08120280	thumb	sub_8120280
081202b4	thumb	sub_81202B4
081202fc	thumb	sub_81202FC
08120348	thumb	sub_8120348
08120390	thumb	sub_8120390
081203e4	thumb	sub_81203E4
08120458	thumb	sub_8120458
081204c4	thumb	sub_81204C4
08120504	thumb	sub_8120504
0812053c	thumb	sub_812053C
081205c0	thumb	sub_81205C0
08120618	thumb	sub_8120618
0812068c	thumb	sub_812068C
081206c4	thumb	sub_81206C4
081206f8	thumb	sub_81206F8
08120740	thumb	sub_8120740
081207c4	thumb	sub_81207C4
081207f8	thumb	sub_81207F8
08120898	thumb	sub_8120898
08120900	thumb	sub_8120900
081209dc	thumb	sub_81209DC
08120a38	thumb	sub_8120A38
08120a88	thumb	sub_8120A88
08120ab8	thumb	sub_8120AB8
08120ae8	thumb	sub_8120AE8
08120b28	thumb	sub_8120B28
08120b54	thumb	sub_8120B54
08120be4	thumb	sub_8120BE4
08120c94	thumb	sub_8120C94
08120cc8	thumb	sub_8120CC8
08120d10	thumb	sub_8120D10
08120dac	thumb	sub_8120DAC
08120df0	thumb	reloadCurNaviBaseStats_8120df0
08121108	thumb	sub_8121108
08121144	thumb	sub_8121144
08121154	thumb	sub_8121154
08121198	thumb	sub_8121198
08123198	thumb	sub_8123198
081231a4	thumb	sub_81231A4
081231b0	thumb	sub_81231B0
081231bc	thumb	sub_81231BC
081231c8	thumb	sub_81231C8
081231d4	thumb	sub_81231D4
081231e0	thumb	sub_81231E0
081231e8	thumb	sub_81231E8
081231f0	thumb	sub_81231F0
081231f8	thumb	sub_81231F8
08123200	thumb	sub_8123200
08123208	thumb	sub_8123208
08123300	thumb	sub_8123300
08123360	thumb	sub_8123360
08123408	thumb	sub_8123408
08123434	thumb	HandleChipFolderMenu8123434
0812345c	thumb	sub_812345C
0812349c	thumb	sub_812349C
081234dc	thumb	sub_81234DC
08123514	thumb	sub_8123514
08123558	thumb	sub_8123558
08123574	thumb	sub_8123574
081235a4	thumb	sub_81235A4
08123644	thumb	sub_8123644
0812365c	thumb	sub_812365C
08123678	thumb	sub_8123678
0812368c	thumb	sub_812368C
0812377c	thumb	sub_812377C
08123790	thumb	sub_8123790
081237bc	thumb	sub_81237BC
081237e0	thumb	sub_81237E0
0812386c	thumb	chipFolder_initGfx_812386C
08123a40	thumb	sub_8123A40
08123a50	thumb	sub_8123A50
08123a80	thumb	sub_8123A80
08123ab8	thumb	sub_8123AB8
08123bc0	thumb	sub_8123BC0
08123be0	thumb	sub_8123BE0
08123c00	thumb	sub_8123C00
08123c20	thumb	sub_8123C20
08123c98	thumb	sub_8123C98
08123cfc	thumb	sub_8123CFC
08123d10	thumb	sub_8123D10
08123d24	thumb	sub_8123D24
08123d54	thumb	sub_8123D54
08123d70	thumb	sub_8123D70
08123d98	thumb	sub_8123D98
08123e08	thumb	sub_8123E08
08123e24	thumb	sub_8123E24
08123e58	thumb	sub_8123E58
08123f5c	thumb	HandleSubChipMenu8123F5C
08123f7c	thumb	sub_8123F7C
0812407c	thumb	sub_812407C
081240bc	thumb	sub_81240BC
081240d0	thumb	sub_81240D0
08124134	thumb	sub_8124134
08124144	thumb	sub_8124144
081241a0	thumb	sub_81241A0
08124230	thumb	sub_8124230
0812425c	thumb	sub_812425C
0812427c	thumb	sub_812427C
081242ac	thumb	sub_81242AC
081242d8	thumb	sub_81242D8
08124308	thumb	sub_8124308
08124340	thumb	sub_8124340
08124350	thumb	sub_8124350
08124384	thumb	sub_8124384
081243b0	thumb	subchip_initGfx_81243B0
081244ec	thumb	sub_81244EC
0812453c	thumb	sub_812453C
08124588	thumb	sub_8124588
081245bc	thumb	sub_81245BC
081245d4	thumb	sub_81245D4
08124624	thumb	sub_8124624
08124660	thumb	sub_8124660
0812469c	thumb	sub_812469C
081246d8	thumb	sub_81246D8
0812471c	thumb	sub_812471C
0812474c	thumb	sub_812474C
0812475c	thumb	sub_812475C
081247ec	thumb	sub_81247EC
08124870	thumb	sub_8124870
08124b3c	thumb	HandleLibraryMenu8124B3C
08124b5c	thumb	sub_8124B5C
08124c30	thumb	sub_8124C30
08124c94	thumb	sub_8124C94
08124ce8	thumb	sub_8124CE8
08124d30	thumb	sub_8124D30
08124d78	thumb	sub_8124D78
08124dcc	thumb	sub_8124DCC
08124e24	thumb	sub_8124E24
08124e7c	thumb	sub_8124E7C
08124ed4	thumb	sub_8124ED4
08124f30	thumb	sub_8124F30
08124f8c	thumb	sub_8124F8C
08124fe0	thumb	sub_8124FE0
0812503c	thumb	sub_812503C
0812509c	thumb	sub_812509C
081250e0	thumb	sub_81250E0
08125104	thumb	sub_8125104
08125128	thumb	sub_8125128
0812514c	thumb	sub_812514C
08125170	thumb	sub_8125170
08125198	thumb	sub_8125198
081251f4	thumb	sub_81251F4
08125254	thumb	sub_8125254
08125280	thumb	sub_8125280
081252c0	thumb	sub_81252C0
08125444	thumb	sub_8125444
0812546c	thumb	sub_812546C
081254fc	thumb	sub_81254FC
08125594	thumb	sub_8125594
081255f8	thumb	sub_81255F8
08125678	thumb	sub_8125678
08125704	thumb	sub_8125704
08125784	thumb	sub_8125784
0812580c	thumb	sub_812580C
08125820	thumb	sub_8125820
081258e8	thumb	sub_81258E8
081258f8	thumb	sub_81258F8
08125994	thumb	sub_8125994
08125a6c	thumb	sub_8125A6C
08125b3c	thumb	sub_8125B3C
08125c08	thumb	sub_8125C08
08125d10	thumb	sub_8125D10
08125d94	thumb	sub_8125D94
08125e78	thumb	sub_8125E78
08125f5c	thumb	sub_8125F5C
08126030	thumb	sub_8126030
08126114	thumb	sub_8126114
08126184	thumb	sub_8126184
081261fc	thumb	sub_81261FC
0812625c	thumb	sub_812625C
0812626c	thumb	sub_812626C
08126334	thumb	sub_8126334
081263d0	thumb	sub_81263D0
08126404	thumb	sub_8126404
08126430	thumb	sub_8126430
08126484	thumb	sub_8126484
08126494	thumb	sub_8126494
081264e4	thumb	sub_81264E4
081264f4	thumb	sub_81264F4
0812650c	thumb	sub_812650C
08126524	thumb	sub_8126524
0812653c	thumb	sub_812653C
08126554	thumb	sub_8126554
08126570	thumb	sub_8126570
081265dc	thumb	sub_81265DC
08126630	thumb	sub_8126630
081266e0	thumb	sub_81266E0
0812674c	thumb	sub_812674C
081267a8	thumb	sub_81267A8
081267f0	thumb	sub_81267F0
08126818	thumb	sub_8126818
0812687c	thumb	sub_812687C
081268d8	thumb	sub_81268D8
08126b4c	thumb	HandleMegaManStatusMenu8126B4C
08126b6c	thumb	sub_8126B6C
08126cc0	thumb	sub_8126CC0
08126df8	thumb	sub_8126DF8
08126e10	thumb	sub_8126E10
08126e88	thumb	sub_8126E88
08126ea4	thumb	sub_8126EA4
08126ec0	thumb	sub_8126EC0
08126f40	thumb	sub_8126F40
08126f94	thumb	sub_8126F94
08126fa8	thumb	sub_8126FA8
08126ff0	thumb	sub_8126FF0
08127060	thumb	sub_8127060
081270d0	thumb	sub_81270D0
08127264	thumb	sub_8127264
081272c4	thumb	sub_81272C4
0812730c	thumb	sub_812730C
08127374	thumb	sub_8127374
081273b4	thumb	sub_81273B4
081273f0	thumb	sub_81273F0
0812741c	thumb	sub_812741C
08127578	thumb	sub_8127578
08127580	thumb	sub_8127580
081275a8	thumb	sub_81275A8
081275c8	thumb	sub_81275C8
08127618	thumb	sub_8127618
08127638	thumb	sub_8127638
081276e4	thumb	sub_81276E4
08127718	thumb	sub_8127718
08127760	thumb	sub_8127760
08127788	thumb	sub_8127788
081277e0	thumb	sub_81277E0
08127800	thumb	sub_8127800
081278c8	thumb	sub_81278C8
081278d8	thumb	sub_81278D8
081278e8	thumb	sub_81278E8
08127944	thumb	sub_8127944
08127990	thumb	sub_8127990
081279a8	thumb	sub_81279A8
081279f8	thumb	HandleEmailMenu81279F8
08127a1c	thumb	sub_8127A1C
08127acc	thumb	sub_8127ACC
08127b08	thumb	sub_8127B08
08127b18	thumb	sub_8127B18
08127b94	thumb	sub_8127B94
08127be4	thumb	sub_8127BE4
08127c64	thumb	sub_8127C64
08127cb8	thumb	sub_8127CB8
08127e9c	thumb	sub_8127E9C
08127ed4	thumb	sub_8127ED4
08127ef4	thumb	sub_8127EF4
08127f54	thumb	sub_8127F54
08127f90	thumb	sub_8127F90
08127fe4	thumb	sub_8127FE4
08128008	thumb	sub_8128008
081280dc	thumb	sub_81280DC
0812818c	thumb	sub_812818C
081281c0	thumb	sub_81281C0
081281e0	thumb	sub_81281E0
08128260	thumb	sub_8128260
08128280	thumb	sub_8128280
081282c0	thumb	sub_81282C0
08128318	thumb	sub_8128318
08128354	thumb	sub_8128354
0812835c	thumb	sub_812835C
081283a0	thumb	sub_81283A0
0812848c	thumb	sub_812848C
081284a4	thumb	sub_81284A4
081284b4	thumb	sub_81284B4
08128500	thumb	sub_8128500
08128730	thumb	HandleKeyItemMenu8128730
08128750	thumb	sub_8128750
081287b4	thumb	sub_81287B4
081287dc	thumb	sub_81287DC
08128800	thumb	sub_8128800
081288bc	thumb	sub_81288BC
081288e4	thumb	sub_81288E4
081288fc	thumb	sub_81288FC
081289c4	thumb	sub_81289C4
08128a44	thumb	sub_8128A44
08128ab0	thumb	sub_8128AB0
08128b34	thumb	sub_8128B34
08128b4c	thumb	sub_8128B4C
08128b98	thumb	sub_8128B98
08128bf0	thumb	sub_8128BF0
08128c20	thumb	sub_8128C20
08128cbc	thumb	sub_8128CBC
08128cd8	thumb	sub_8128CD8
08128dcc	thumb	sub_8128DCC
08128df4	thumb	sub_8128DF4
08128e2c	thumb	sub_8128E2C
08128ed4	thumb	sub_8128ED4
08128f04	thumb	sub_8128F04
08128f10	thumb	sub_8128F10
08128ff0	thumb	sub_8128FF0
08129018	thumb	sub_8129018
0812907c	thumb	sub_812907C
081290a4	thumb	sub_81290A4
08129104	thumb	sub_8129104
081291d8	thumb	sub_81291D8
081291e8	thumb	HandleCommMenu81291E8
08129248	thumb	sub_8129248
081292a8	thumb	sub_81292A8
081292d8	thumb	sub_81292D8
0812933c	thumb	sub_812933C
08129400	thumb	sub_8129400
08129454	thumb	sub_8129454
0812952c	thumb	sub_812952C
0812954c	thumb	sub_812954C
0812956c	thumb	sub_812956C
08129598	thumb	sub_8129598
081295d8	thumb	sub_81295D8
08129658	thumb	sub_8129658
0812968c	thumb	sub_812968C
081296a0	thumb	sub_81296A0
081296d8	thumb	sub_81296D8
08129738	thumb	sub_8129738
08129758	thumb	sub_8129758
0812977c	thumb	sub_812977C
081297c0	thumb	sub_81297C0
081297dc	thumb	sub_81297DC
08129808	thumb	sub_8129808
0812982c	thumb	sub_812982C
08129870	thumb	sub_8129870
081298d4	thumb	sub_81298D4
081298f8	thumb	sub_81298F8
08129918	thumb	sub_8129918
08129948	thumb	sub_8129948
0812996c	thumb	sub_812996C
081299b0	thumb	sub_81299B0
08129a20	thumb	sub_8129A20
08129a28	thumb	sub_8129A28
08129a54	thumb	sub_8129A54
08129a98	thumb	sub_8129A98
08129ac8	thumb	sub_8129AC8
08129af0	thumb	sub_8129AF0
08129b34	thumb	sub_8129B34
08129b90	thumb	sub_8129B90
08129bb0	thumb	sub_8129BB0
08129bdc	thumb	sub_8129BDC
08129c28	thumb	sub_8129C28
08129c74	thumb	sub_8129C74
08129cb4	thumb	sub_8129CB4
08129d00	thumb	sub_8129D00
08129d58	thumb	sub_8129D58
08129d78	thumb	sub_8129D78
08129dc4	thumb	sub_8129DC4
08129e28	thumb	sub_8129E28
08129e54	thumb	sub_8129E54
08129e7c	thumb	sub_8129E7C
08129ecc	thumb	sub_8129ECC
08129ee4	thumb	sub_8129EE4
08129f04	thumb	sub_8129F04
08129f28	thumb	sub_8129F28
08129f48	thumb	sub_8129F48
08129f88	thumb	sub_8129F88
08129fe0	thumb	sub_8129FE0
0812a008	thumb	sub_812A008
0812a028	thumb	sub_812A028
0812a058	thumb	sub_812A058
0812a0cc	thumb	sub_812A0CC
0812a0e8	thumb	sub_812A0E8
0812a134	thumb	sub_812A134
0812a14c	thumb	sub_812A14C
0812a168	thumb	sub_812A168
0812a1c4	thumb	sub_812A1C4
0812a1d4	thumb	sub_812A1D4
0812a224	thumb	sub_812A224
0812a240	thumb	sub_812A240
0812a27c	thumb	sub_812A27C
0812a2b4	thumb	sub_812A2B4
0812a2ec	thumb	sub_812A2EC
0812a350	thumb	sub_812A350
0812a3c8	thumb	sub_812A3C8
0812a3fc	thumb	sub_812A3FC
0812a424	thumb	sub_812A424
0812a494	thumb	sub_812A494
0812a4ac	thumb	sub_812A4AC
0812a4dc	thumb	sub_812A4DC
0812a4fc	thumb	sub_812A4FC
0812a540	thumb	sub_812A540
0812a574	thumb	sub_812A574
0812a5b4	thumb	sub_812A5B4
0812a5f8	thumb	sub_812A5F8
0812a67c	thumb	sub_812A67C
0812a694	thumb	sub_812A694
0812a6f8	thumb	sub_812A6F8
0812a758	thumb	sub_812A758
0812a76c	thumb	sub_812A76C
0812a8a4	thumb	sub_812A8A4
0812a8ec	thumb	sub_812A8EC
0812aac0	thumb	sub_812AAC0
0812abec	thumb	sub_812ABEC
0812ac14	thumb	sub_812AC14
0812ac1a	thumb	sub_812AC1A
0812ac80	thumb	sub_812AC80
0812acf0	thumb	sub_812ACF0
0812ad04	thumb	sub_812AD04
0812adfc	thumb	sub_812ADFC
0812ae3c	thumb	sub_812AE3C
0812ae74	thumb	sub_812AE74
0812aec8	thumb	sub_812AEC8
0812aee0	thumb	sub_812AEE0
0812aefc	thumb	sub_812AEFC
0812af14	thumb	sub_812AF14
0812af18	thumb	sub_812AF18
0812af3c	thumb	sub_812AF3C
0812af78	thumb	sub_812AF78
0812af84	thumb	sub_812AF84
0812af98	thumb	sub_812AF98
0812afa4	thumb	sub_812AFA4
0812afb0	thumb	sub_812AFB0
0812afc8	thumb	sub_812AFC8
0812b1dc	thumb	sub_812B1DC
0812b218	thumb	sub_812B218
0812b25c	thumb	sub_812B25C
0812b26c	thumb	sub_812B26C
0812b288	thumb	sub_812B288
0812b29c	thumb	sub_812B29C
0812b2c4	thumb	sub_812B2C4
0812b318	thumb	sub_812B318
0812b39c	thumb	sub_812B39C
0812b3b4	thumb	sub_812B3B4
0812b3cc	thumb	sub_812B3CC
0812b3e4	thumb	sub_812B3E4
0812b3fc	thumb	sub_812B3FC
0812b414	thumb	sub_812B414
0812b430	thumb	sub_812B430
0812b4ac	thumb	sub_812B4AC
0812b504	thumb	sub_812B504
0812b530	thumb	sub_812B530
0812b574	thumb	sub_812B574
0812b590	thumb	sub_812B590
0812b5ac	thumb	sub_812B5AC
0812b5c8	thumb	sub_812B5C8
0812b608	thumb	sub_812B608
0812b640	thumb	sub_812B640
0812b698	thumb	sub_812B698
0812b708	thumb	sub_812B708
0812b758	thumb	sub_812B758
0812b768	thumb	sub_812B768
0812b7c4	thumb	sub_812B7C4
0812b7e0	thumb	sub_812B7E0
0812b80c	thumb	sub_812B80C
0812b874	thumb	sub_812B874
0812b8dc	thumb	sub_812B8DC
0812b97c	thumb	sub_812B97C
0812b9f8	thumb	sub_812B9F8
0812bb08	thumb	sub_812BB08
0812bc14	thumb	sub_812BC14
0812bc38	thumb	sub_812BC38
0812bd34	thumb	sub_812BD34
0812bd60	thumb	sub_812BD60
0812bdc0	thumb	sub_812BDC0
0812bde4	thumb	sub_812BDE4
0812beec	thumb	sub_812BEEC
0812bf10	thumb	sub_812BF10
0812bf6c	thumb	sub_812BF6C
0812bf88	thumb	sub_812BF88
0812bfac	thumb	sub_812BFAC
0812bff4	thumb	sub_812BFF4
0812c010	thumb	sub_812C010
0812c034	thumb	sub_812C034
0812c07c	thumb	sub_812C07C
0812c094	thumb	sub_812C094
0812c0cc	thumb	sub_812C0CC
0812c0ec	thumb	sub_812C0EC
0812c11c	thumb	sub_812C11C
0812c140	thumb	sub_812C140
0812c160	thumb	sub_812C160
0812c194	thumb	sub_812C194
0812c21c	thumb	sub_812C21C
0812c24c	thumb	sub_812C24C
0812d378	thumb	sub_812D378
0812d3a8	thumb	sub_812D3A8
0812d3e4	thumb	sub_812D3E4
0812d4fc	thumb	sub_812D4FC
0812d528	thumb	sub_812D528
0812d52e	thumb	sub_812D52E
0812d54c	thumb	sub_812D54C
0812d56c	thumb	sub_812D56C
0812d5a0	thumb	sub_812D5A0
0812d5d0	thumb	sub_812D5D0
0812d5ec	thumb	sub_812D5EC
0812d600	thumb	sub_812D600
0812d668	thumb	sub_812D668
0812d690	thumb	sub_812D690
0812d6f8	thumb	sub_812D6F8
0812d700	thumb	sub_812D700
0812d748	thumb	sub_812D748
0812d778	thumb	sub_812D778
0812d78c	thumb	sub_812D78C
0812d7a4	thumb	sub_812D7A4
0812d814	thumb	sub_812D814
0812d830	thumb	sub_812D830
0812d83c	thumb	sub_812D83C
0812d854	thumb	sub_812D854
0812d880	thumb	sub_812D880
0812d8c8	thumb	sub_812D8C8
0812d91c	thumb	sub_812D91C
0812d934	thumb	sub_812D934
0812d954	thumb	sub_812D954
0812d99c	thumb	sub_812D99C
0812d9f0	thumb	sub_812D9F0
0812da08	thumb	sub_812DA08
0812da3c	thumb	sub_812DA3C
0812da4c	thumb	sub_812DA4C
0812da60	thumb	sub_812DA60
0812eaac	thumb	CopyBackgroundTiles812EAAC
0812eac4	thumb	sub_812EAC4
0812eb78	thumb	sub_812EB78
0812eb88	thumb	sub_812EB88
0812eb92	thumb	sub_812EB92
0812ebb8	thumb	sub_812EBB8
0812ebd8	thumb	sub_812EBD8
0812ec04	thumb	sub_812EC04
0812ec2c	thumb	sub_812EC2C
0812ecac	thumb	sub_812ECAC
0812ed2c	thumb	sub_812ED2C
0812ed34	thumb	sub_812ED34
0812ed58	thumb	sub_812ED58
0812ed94	thumb	sub_812ED94
0812ede4	thumb	sub_812EDE4
0812edfc	thumb	sub_812EDFC
0812ee20	thumb	sub_812EE20
0812ee78	thumb	sub_812EE78
0812eeec	thumb	sub_812EEEC
0812ef20	thumb	sub_812EF20
0812ef60	thumb	sub_812EF60
0812efa4	thumb	sub_812EFA4
0812efd4	thumb	sub_812EFD4
08130020	thumb	sub_8130020
0813005c	thumb	sub_813005C
08130084	thumb	sub_8130084
08130108	thumb	sub_8130108
0813017c	thumb	sub_813017C
08130194	thumb	sub_8130194
081301dc	thumb	sub_81301DC
08130208	thumb	sub_8130208
08130250	thumb	sub_8130250
08130290	thumb	sub_8130290
081302b0	thumb	sub_81302B0
081302d0	thumb	sub_81302D0
081302f4	thumb	sub_81302F4
08130370	thumb	sub_8130370
08130404	thumb	sub_8130404
0813040c	thumb	sub_813040C
08130424	thumb	sub_8130424
08130464	thumb	sub_8130464
081304a4	thumb	sub_81304A4
081304bc	thumb	sub_81304BC
081304ec	thumb	sub_81304EC
0813061c	thumb	sub_813061C
0813064c	thumb	sub_813064C
0813068c	thumb	sub_813068C
081306f0	thumb	sub_81306F0
08130728	thumb	sub_8130728
08130780	thumb	sub_8130780
081307bc	thumb	sub_81307BC
081307f4	thumb	sub_81307F4
08130810	thumb	sub_8130810
08130850	thumb	sub_8130850
08130864	thumb	sub_8130864
0813096c	thumb	sub_813096C
08130a04	thumb	sub_8130A04
08130b30	thumb	sub_8130B30
08130bc8	thumb	sub_8130BC8
08130c98	thumb	sub_8130C98
08130d40	thumb	sub_8130D40
08130dd0	thumb	sub_8130DD0
08130ed4	thumb	sub_8130ED4
08130ed8	thumb	sub_8130ED8
08130edc	thumb	sub_8130EDC
08130f1c	thumb	sub_8130F1C
08130f78	thumb	sub_8130F78
08130fc4	thumb	sub_8130FC4
08130fc8	thumb	sub_8130FC8
08131068	thumb	sub_8131068
08131150	thumb	sub_8131150
081311f0	thumb	sub_81311F0
08131210	thumb	sub_8131210
081312d8	thumb	sub_81312D8
081312ec	thumb	sub_81312EC
081312f4	thumb	sub_81312F4
081312fc	thumb	sub_81312FC
08131390	thumb	sub_8131390
081313c0	thumb	sub_81313C0
08131400	thumb	sub_8131400
08131440	thumb	sub_8131440
08131458	thumb	sub_8131458
08131480	thumb	sub_8131480
081314e4	thumb	sub_81314E4
08131570	thumb	sub_8131570
08131588	thumb	sub_8131588
08131664	thumb	sub_8131664
08131674	thumb	sub_8131674
08131684	thumb	sub_8131684
08131694	thumb	sub_8131694
081316a4	thumb	sub_81316A4
081316b4	thumb	sub_81316B4
081316c4	thumb	sub_81316C4
081316d4	thumb	sub_81316D4
081316ec	thumb	sub_81316EC
08131704	thumb	sub_8131704
0813171c	thumb	sub_813171C
08131754	thumb	sub_8131754
0813175c	thumb	sub_813175C
08131768	thumb	sub_8131768
0813178c	thumb	sub_813178C
081317a8	thumb	sub_81317A8
081317f0	thumb	sub_81317F0
08131824	thumb	sub_8131824
08131864	thumb	sub_8131864
0813188c	thumb	sub_813188C
081318b0	thumb	sub_81318B0
08131c04	thumb	sub_8131C04
08131c2c	thumb	sub_8131C2C
08131cac	thumb	sub_8131CAC
08131d80	thumb	sub_8131D80
08131e70	thumb	sub_8131E70
08131eb0	thumb	sub_8131EB0
08131ee4	thumb	sub_8131EE4
08131f20	thumb	sub_8131F20
08131f3c	thumb	sub_8131F3C
08131f80	thumb	sub_8131F80
08131fa0	thumb	sub_8131FA0
08131fc4	thumb	sub_8131FC4
0813201c	thumb	sub_813201C
0813202c	thumb	sub_813202C
08132080	thumb	sub_8132080
081320ac	thumb	sub_81320AC
08132104	thumb	sub_8132104
08132168	thumb	sub_8132168
08132194	thumb	sub_8132194
08132280	thumb	chatbox_runScript_803FD9C_on_eTextScript201BA20
08132290	thumb	sub_8132290
081322e8	thumb	sub_81322E8
08132310	thumb	sub_8132310
08132398	thumb	sub_8132398
081323b0	thumb	sub_81323B0
08132430	thumb	sub_8132430
081324a8	thumb	sub_81324A8
08132538	thumb	sub_8132538
081325c0	thumb	sub_81325C0
081325cc	thumb	sub_81325CC
081325e4	thumb	sub_81325E4
081325f4	thumb	sub_81325F4
08132614	thumb	sub_8132614
08132648	thumb	sub_8132648
08132664	thumb	sub_8132664
08132670	thumb	sub_8132670
081326d4	thumb	sub_81326D4
08132764	thumb	sub_8132764
0813278c	thumb	sub_813278C
081327a0	thumb	sub_81327A0
081327b0	thumb	sub_81327B0
081327e8	thumb	sub_81327E8
08132810	thumb	sub_8132810
0813281c	thumb	sub_813281C
081328c0	thumb	sub_81328C0
081328d0	thumb	sub_81328D0
08132980	thumb	sub_8132980
081329c8	thumb	sub_81329C8
08132a14	thumb	sub_8132A14
08132a50	thumb	sub_8132A50
08132a9e	thumb	sub_8132A9E
08132b88	thumb	HandleSaveMenu8132B88
08132ba8	thumb	OpenSaveMenu8132BA8
08132c34	thumb	SaveMenuUpdate8132C34
08132c50	thumb	SaveMenuOpenUpdate8132C50
08132c68	thumb	SaveMenuUpdate8132C68
08132ca0	thumb	ExitSaveMenu8132CA0
08132cb8	thumb	saveMenu_8132CB8
08132d9c	thumb	saveMenu_8132D9C
08132ef4	thumb	saveMenu_8132EF4
08132f4c	thumb	saveMenuTextGfx_8132F4C
08132f78	thumb	sub_8132F78
08132fb8	thumb	sub_8132FB8
08132fc4	thumb	sub_8132FC4
08132fd0	thumb	sub_8132FD0
081330ac	thumb	sub_81330AC
08133200	thumb	sub_8133200
08133228	thumb	sub_8133228
081333a0	thumb	sub_81333A0
08133400	thumb	sub_8133400
08133434	thumb	sub_8133434
08133484	thumb	sub_8133484
081334c8	thumb	sub_81334C8
08133540	thumb	sub_8133540
08133564	thumb	sub_8133564
081335b8	thumb	sub_81335B8
081335c0	thumb	sub_81335C0
081335d8	thumb	sub_81335D8
081335ec	thumb	sub_81335EC
08133618	thumb	sub_8133618
08133648	thumb	sub_8133648
0813367c	thumb	sub_813367C
081336a0	thumb	sub_81336A0
081336c4	thumb	sub_81336C4
08133740	thumb	sub_8133740
0813375c	thumb	sub_813375C
08133770	thumb	sub_8133770
08133788	thumb	sub_8133788
081337c4	thumb	sub_81337C4
081337e8	thumb	sub_81337E8
0813388c	thumb	sub_813388C
081338d4	thumb	sub_81338D4
08133944	thumb	sub_8133944
0813399c	thumb	sub_813399C
081339bc	thumb	sub_81339BC
08133a44	thumb	sub_8133A44
08133a68	thumb	sub_8133A68
08133b18	thumb	sub_8133B18
08133b74	thumb	sub_8133B74
08133bb4	thumb	sub_8133BB4
08133c0c	thumb	sub_8133C0C
08133c58	thumb	sub_8133C58
08133c9c	thumb	sub_8133C9C
08133d64	thumb	sub_8133D64
08133e3c	thumb	sub_8133E3C
08133e7c	thumb	sub_8133E7C
08133e88	thumb	sub_8133E88
08133ec0	thumb	sub_8133EC0
081340ac	thumb	sub_81340AC
081340dc	thumb	sub_81340DC
081340fc	thumb	sub_81340FC
08134138	thumb	sub_8134138
08134190	thumb	chatbox_runScript_803FD9C_on_eTextScript2028A20
081341a0	thumb	sub_81341A0
08134310	thumb	sub_8134310
08134490	thumb	sub_8134490
08134538	thumb	sub_8134538
08134548	thumb	sub_8134548
08134558	thumb	sub_8134558
08134594	thumb	sub_8134594
081345b0	thumb	sub_81345B0
081345d4	thumb	sub_81345D4
081345e8	thumb	sub_81345E8
081345fc	thumb	sub_81345FC
08134610	thumb	sub_8134610
0813468c	thumb	sub_813468C
0813471c	thumb	sub_813471C
08134740	thumb	sub_8134740
081347a4	thumb	sub_81347A4
081348dc	thumb	sub_81348DC
08134930	thumb	sub_8134930
081349b4	thumb	sub_81349B4
081349e8	thumb	sub_81349E8
08134a3c	thumb	sub_8134A3C
08134abc	thumb	sub_8134ABC
08134adc	thumb	sub_8134ADC
08134cf0	thumb	sub_8134CF0
08134ea8	thumb	sub_8134EA8
08134f40	thumb	sub_8134F40
08134f78	thumb	sub_8134F78
08134f88	thumb	sub_8134F88
08134fb0	thumb	sub_8134FB0
08134fe0	thumb	sub_8134FE0
08135038	thumb	sub_8135038
08135054	thumb	sub_8135054
08135080	thumb	sub_8135080
08135184	thumb	sub_8135184
081351c0	thumb	sub_81351C0
081351f4	thumb	sub_81351F4
08135244	thumb	sub_8135244
0813525c	thumb	sub_813525C
0813527c	thumb	sub_813527C
081352a0	thumb	sub_81352A0
08135314	thumb	sub_8135314
081353dc	thumb	sub_81353DC
081353f0	thumb	sub_81353F0
08135404	thumb	sub_8135404
08135500	thumb	sub_8135500
081355d8	thumb	sub_81355D8
081355ec	thumb	sub_81355EC
0813561c	thumb	sub_813561C
081356d4	thumb	sub_81356D4
081356f4	thumb	sub_81356F4
081357c4	thumb	sub_81357C4
0813581c	thumb	sub_813581C
08135830	thumb	sub_8135830
081358fc	thumb	sub_81358FC
08135918	thumb	sub_8135918
08135938	thumb	sub_8135938
0813594c	thumb	sub_813594C
08135968	thumb	sub_8135968
081359a0	thumb	sub_81359A0
08135a10	thumb	sub_8135A10
08135a24	thumb	sub_8135A24
08135a44	thumb	sub_8135A44
08135af8	thumb	sub_8135AF8
08135b38	thumb	sub_8135B38
08135b54	thumb	sub_8135B54
08135b94	thumb	sub_8135B94
08135d8c	thumb	sub_8135D8C
08135d9c	thumb	sub_8135D9C
08135df8	thumb	sub_8135DF8
08135e18	thumb	sub_8135E18
08135e6c	thumb	sub_8135E6C
08135eec	thumb	sub_8135EEC
08135f18	thumb	sub_8135F18
08135f34	thumb	sub_8135F34
08135f5c	thumb	sub_8135F5C
08135f88	thumb	chatbox_runScript_803FD9C_on_eTextScript201D280
08135fa4	thumb	sub_8135FA4
08135fdc	thumb	sub_8135FDC
081360b4	thumb	sub_81360B4
081360dc	thumb	sub_81360DC
08136100	thumb	sub_8136100
0813612c	thumb	sub_813612C
08136218	thumb	sub_8136218
0813627c	thumb	sub_813627C
08136290	thumb	sub_8136290
0813629c	thumb	sub_813629C
081362b8	thumb	sub_81362B8
081362f8	thumb	sub_81362F8
08136318	thumb	sub_8136318
0813633c	thumb	sub_813633C
08136364	thumb	sub_8136364
08136384	thumb	sub_8136384
0813640c	thumb	sub_813640C
08136450	thumb	sub_8136450
081364bc	thumb	sub_81364BC
081364e8	thumb	sub_81364E8
0813652c	thumb	sub_813652C
0813658c	thumb	sub_813658C
081365f0	thumb	sub_81365F0
0813660c	thumb	sub_813660C
08136644	thumb	sub_8136644
081366d0	thumb	sub_81366D0
081366f4	thumb	sub_81366F4
081366fc	thumb	sub_81366FC
0813676c	thumb	sub_813676C
0813677c	thumb	sub_813677C
081367a0	thumb	sub_81367A0
081367c0	thumb	sub_81367C0
08136804	thumb	sub_8136804
0813686c	thumb	sub_813686C
081368d4	thumb	sub_81368D4
0813691c	thumb	sub_813691C
081369b8	thumb	sub_81369B8
081369d0	thumb	sub_81369D0
08136a0c	thumb	sub_8136A0C
08136a74	thumb	sub_8136A74
08136aa0	thumb	sub_8136AA0
08136ae8	thumb	sub_8136AE8
08136b10	thumb	sub_8136B10
08136b48	thumb	sub_8136B48
08136b58	thumb	sub_8136B58
08136b74	thumb	sub_8136B74
08136ba0	thumb	sub_8136BA0
08136bdc	thumb	sub_8136BDC
08136be8	thumb	sub_8136BE8
08136c24	thumb	sub_8136C24
08136d8c	thumb	sub_8136D8C
08136dc8	thumb	sub_8136DC8
08136de0	thumb	sub_8136DE0
08136ee4	thumb	sub_8136EE4
08136ef8	thumb	sub_8136EF8
08136f0c	thumb	sub_8136F0C
08136f40	thumb	sub_8136F40
08136f74	thumb	sub_8136F74
08136fa4	thumb	sub_8136FA4
08136fb8	thumb	sub_8136FB8
08137018	thumb	sub_8137018
08137028	thumb	sub_8137028
0813709c	thumb	sub_813709C
081370ac	thumb	sub_81370AC
081370c4	thumb	sub_81370C4
081370d4	thumb	sub_81370D4
08137160	thumb	sub_8137160
08137170	thumb	sub_8137170
081371a0	thumb	sub_81371A0
081371b0	thumb	sub_81371B0
08137234	thumb	sub_8137234
08137244	thumb	sub_8137244
0813725c	thumb	sub_813725C
0813726c	thumb	sub_813726C
081372e4	thumb	sub_81372E4
081372f4	thumb	sub_81372F4
08137334	thumb	sub_8137334
08137368	thumb	sub_8137368
08137378	thumb	sub_8137378
0813749c	thumb	sub_813749C
081374ac	thumb	sub_81374AC
081374c4	thumb	sub_81374C4
081374d4	thumb	sub_81374D4
08137528	thumb	sub_8137528
08137538	thumb	sub_8137538
08137550	thumb	sub_8137550
0813756c	thumb	sub_813756C
0813759c	thumb	sub_813759C
081375ac	thumb	sub_81375AC
081375cc	thumb	sub_81375CC
081375d8	thumb	sub_81375D8
081375f4	thumb	sub_81375F4
08137618	thumb	sub_8137618
08137648	thumb	sub_8137648
08137670	thumb	sub_8137670
0813768c	thumb	sub_813768C
081376a8	thumb	RunTextScriptNaviCustDialog
081376b8	thumb	setUnkFieldOfChipCodeInChipPack_81376b8
081376cc	thumb	sub_81376CC
081376e8	thumb	sub_81376E8
08137700	thumb	sub_8137700
08137718	thumb	sub_8137718
08137790	thumb	sub_8137790
081377ec	thumb	sub_81377EC
08137808	thumb	sub_8137808
0813781c	thumb	sub_813781C
08137884	thumb	sub_8137884
08137890	thumb	sub_8137890
081378b4	thumb	sub_81378B4
081378d4	thumb	sub_81378D4
08137964	thumb	sub_8137964
08137990	thumb	sub_8137990
081379a0	thumb	sub_81379A0
08137a1c	thumb	sub_8137A1C
08137a7c	thumb	sub_8137A7C
08137acc	thumb	sub_8137ACC
08137bf0	thumb	sub_8137BF0
08137d20	thumb	sub_8137D20
08137d50	thumb	sub_8137D50
08137da4	thumb	sub_8137DA4
08137db4	thumb	sub_8137DB4
08137de4	thumb	sub_8137DE4
08137e3c	thumb	sub_8137E3C
08137e4c	thumb	sub_8137E4C
08137e7c	thumb	sub_8137E7C
08137ee0	thumb	sub_8137EE0
08137ef0	thumb	sub_8137EF0
08137f08	thumb	sub_8137F08
08137f5c	thumb	sub_8137F5C
08137f8c	thumb	sub_8137F8C
08137fdc	thumb	sub_8137FDC
0813802c	thumb	sub_813802C
0813808c	thumb	sub_813808C
0813809c	thumb	sub_813809C
081380b0	thumb	sub_81380B0
081380e0	thumb	sub_81380E0
08138104	thumb	sub_8138104
08138170	thumb	sub_8138170
08138210	thumb	sub_8138210
08138294	thumb	sub_8138294
081382ac	thumb	cb_81382AC
081382d0	thumb	playCreditsScene_81382D0
08138348	thumb	sub_8138348
0813838c	thumb	sub_813838C
081383c4	thumb	sub_81383C4
081383f4	thumb	sub_81383F4
0813842c	thumb	sub_813842C
08138478	thumb	sub_8138478
081384ac	thumb	sub_81384AC
081384e0	thumb	sub_81384E0
081384fc	thumb	sub_81384FC
08138514	thumb	sub_8138514
08138528	thumb	sub_8138528
0813853c	thumb	sub_813853C
08138550	thumb	sub_8138550
08138560	thumb	sub_8138560
08138570	thumb	sub_8138570
08138580	thumb	sub_8138580
08138584	thumb	sub_8138584
08138598	thumb	sub_8138598
081385ac	thumb	sub_81385AC
081385bc	thumb	sub_81385BC
08138600	thumb	sub_8138600
08138624	thumb	sub_8138624
081386cc	thumb	sub_81386CC
081386e4	thumb	sub_81386E4
081386ec	thumb	sub_81386EC
081386f0	thumb	sub_81386F0
08138700	thumb	sub_8138700
08138730	thumb	sub_8138730
08138750	thumb	sub_8138750
08138758	thumb	sub_8138758
08138768	thumb	sub_8138768
081387d8	thumb	sub_81387D8
08138848	thumb	sub_8138848
08138884	thumb	sub_8138884
08138890	thumb	sub_8138890
081388ee	thumb	sub_81388EE
08138908	thumb	sub_8138908
0813b768	thumb	sub_813B768
0813b780	thumb	sub_813B780
0813b790	thumb	sub_813B790
0813b7a0	thumb	sub_813B7A0
0813b7ec	thumb	sub_813B7EC
0813b7fc	thumb	sub_813B7FC
0813b818	thumb	sub_813B818
0813b830	thumb	sub_813B830
0813b84c	thumb	sub_813B84C
0813b920	thumb	sub_813B920
0813b928	thumb	sub_813B928
0813b934	thumb	zeroFill_813B934
0813b950	thumb	sub_813B950
0813b9b4	thumb	sub_813B9B4
0813b9c4	thumb	sub_813B9C4
0813b9e0	thumb	sub_813B9E0
0813b9fc	thumb	sub_813B9FC
0813ba08	thumb	sub_813BA08
0813ba48	thumb	sub_813BA48
0813ba64	thumb	sub_813BA64
0813ba80	thumb	sub_813BA80
0813baa8	thumb	sub_813BAA8
0813bac4	thumb	sub_813BAC4
0813baec	thumb	sub_813BAEC
0813bb00	thumb	sub_813BB00
0813bb68	thumb	sub_813BB68
0813bbd4	thumb	sub_813BBD4
0813bc1c	thumb	sub_813BC1C
0813bc98	thumb	sub_813BC98
0813bd0c	thumb	sub_813BD0C
0813bd10	thumb	sub_813BD10
0813bd14	thumb	sub_813BD14
0813bd24	thumb	sub_813BD24
0813bd90	thumb	sub_813BD90
0813be38	thumb	sub_813BE38
0813be8c	thumb	sub_813BE8C
0813bea8	thumb	sub_813BEA8
0813bf0c	thumb	sub_813BF0C
0813bf1c	thumb	sub_813BF1C
0813bf60	thumb	sub_813BF60
0813bfb8	thumb	sub_813BFB8
0813c020	thumb	sub_813C020
0813c030	thumb	sub_813C030
0813c06c	thumb	sub_813C06C
0813c1c0	thumb	sub_813C1C0
0813c324	thumb	sub_813C324
0813c334	thumb	sub_813C334
0813c3ac	thumb	reloadCurNaviStatBoosts_813c3ac
0813c458	thumb	sub_813C458
0813c490	thumb	sub_813C490
0813c4a8	thumb	sub_813C4A8
0813c4c8	thumb	sub_813C4C8
0813c584	thumb	sub_813C584
0813c624	thumb	sub_813C624
0813c678	thumb	sub_813C678
0813c684	thumb	sub_813C684
0813c808	thumb	sub_813C808
0813c80c	thumb	navicust_NCP_SuperArmor
0813c81c	thumb	navicust_NCP_Custom1
0813c838	thumb	navicust_NCP_Custom2
0813c854	thumb	navicust_NCP_MegFldr1
0813c870	thumb	navicust_NCP_MegFldr2
0813c88c	thumb	navicust_GigFldr1
0813c8a8	thumb	navicust_NCP_FstBarr
0813c8b8	thumb	navicust_NCP_Shield
0813c8c8	thumb	navicust_NCP_Reflect
0813c8d8	thumb	navicust_NCP_AntiDmg
0813c8e8	thumb	navicust_NCP_FlotShoe
0813c8f8	thumb	navicust_NCP_AirShoes
0813c908	thumb	navicust_NCP_UnderSht
0813c918	thumb	navicust_NCP_ChpShufl
0813c928	thumb	navicust_NCP_NumbrOpn
0813c938	thumb	navicust_NCP_SneakRun
0813c948	thumb	navicust_NCP_OilBody
0813c95c	thumb	navicust_NCP_Fish
0813c970	thumb	navicust_NCP_Battery
0813c984	thumb	navicust_NCP_Jungle
0813c998	thumb	navicust_NCP_Collect
0813c9b0	thumb	navicust_NCP_Millions
0813c9c0	thumb	navicust_NCP_Humor
0813c9d0	thumb	navicust_NCP_Poem
0813c9e0	thumb	navicust_NCP_SlipRunr
0813c9f0	thumb	navicust_NCP_AutoHeal
0813ca00	thumb	navicust_NCP_BustPack
0813ca4c	thumb	navicust_NCP_BodyPack
0813ca60	thumb	navicust_NCP_FldrPak1
0813ca6c	thumb	navicust_NCP_FldrPak2
0813ca78	thumb	navicust_NCP_BugStop
0813ca88	thumb	navicust_NCP_Rush
0813caa4	thumb	navicust_NCP_Beat
0813cac0	thumb	navicust_NCP_Tango
0813cadc	thumb	navicust_NCP_AttackPlus1
0813caf8	thumb	navicust_NCP_SpeedPlus1
0813cb14	thumb	navicust_NCP_ChargePlus1
0813cb30	thumb	navicust_NCP_AttckMAX
0813cb40	thumb	navicust_NCP_SpeedMAX
0813cb50	thumb	navicust_NCP_ChargMAX
0813cb60	thumb	navicust_NCP_HPPlus50
0813cb70	thumb	navicust_NCP_HPPlus100
0813cb80	thumb	navicust_NCP_HPPlus200
0813cb90	thumb	navicust_NCP_HPPlus300
0813cba4	thumb	navicust_NCP_HPPlus400
0813cbb8	thumb	navicust_NCP_HPPlus500
0813cbcc	thumb	sub_813CBCC
0813cce8	thumb	sub_813CCE8
0813ccec	thumb	sub_813CCEC
0813ccfc	thumb	sub_813CCFC
0813cd00	thumb	sub_813CD00
0813cd10	thumb	sub_813CD10
0813cd14	thumb	sub_813CD14
0813cd22	thumb	sub_813CD22
0813cd30	thumb	sub_813CD30
0813cd3e	thumb	sub_813CD3E
0813cd4c	thumb	sub_813CD4C
0813cd58	thumb	sub_813CD58
0813cd5c	thumb	sub_813CD5C
0813cd66	thumb	sub_813CD66
0813cd70	thumb	sub_813CD70
0813cd7a	thumb	sub_813CD7A
0813cd88	thumb	sub_813CD88
0813cd8c	thumb	sub_813CD8C
0813cd9c	thumb	sub_813CD9C
0813cda0	thumb	sub_813CDA0
0813cdb0	thumb	sub_813CDB0
0813cdb4	thumb	sub_813CDB4
0813cdc0	thumb	sub_813CDC0
0813cdcc	thumb	sub_813CDCC
0813cdd8	thumb	sub_813CDD8
0813cdf0	thumb	sub_813CDF0
0813cdf4	thumb	sub_813CDF4
0813ce04	thumb	sub_813CE04
0813ce08	thumb	sub_813CE08
0813ce12	thumb	sub_813CE12
0813ce1c	thumb	sub_813CE1C
0813ce26	thumb	sub_813CE26
0813ce48	thumb	sub_813CE48
0813ce4c	thumb	sub_813CE4C
0813ce56	thumb	sub_813CE56
0813ce60	thumb	sub_813CE60
0813ce6a	thumb	sub_813CE6A
0813ce78	thumb	sub_813CE78
0813ce7c	thumb	sub_813CE7C
0813ce8c	thumb	sub_813CE8C
0813ce90	thumb	sub_813CE90
0813cea0	thumb	sub_813CEA0
0813cef8	thumb	sub_813CEF8
0813cf10	thumb	sub_813CF10
0813cf1c	thumb	sub_813CF1C
0813cf2c	thumb	sub_813CF2C
0813cf3c	thumb	sub_813CF3C
0813cf4c	thumb	sub_813CF4C
0813cf6c	thumb	sub_813CF6C
0813cf8c	thumb	sub_813CF8C
0813d41c	thumb	sub_813D41C
0813d48c	thumb	sub_813D48C
0813d510	thumb	sub_813D510
0813d568	thumb	sub_813D568
0813d598	thumb	sub_813D598
0813d5c8	thumb	sub_813D5C8
0813d5d0	thumb	sub_813D5D0
0813d5dc	thumb	sub_813D5DC
0813d5e8	thumb	sub_813D5E8
0813d60c	thumb	sub_813D60C
0813d62c	thumb	sub_813D62C
0813d638	thumb	sub_813D638
0813d648	thumb	sub_813D648
0813d66c	thumb	sub_813D66C
0813d6dc	thumb	sub_813D6DC
0813d6f4	thumb	sub_813D6F4
0813d714	thumb	sub_813D714
0813d750	thumb	sub_813D750
0813d760	thumb	sub_813D760
0813d78c	thumb	sub_813D78C
0813d7b8	thumb	sub_813D7B8
0813d804	thumb	sub_813D804
0813d838	thumb	sub_813D838
0813d848	thumb	sub_813D848
0813d87c	thumb	sub_813D87C
0813d88c	thumb	sub_813D88C
0813d8ac	thumb	sub_813D8AC
0813d8c4	thumb	sub_813D8C4
0813d8d0	thumb	sub_813D8D0
0813d90c	thumb	sub_813D90C
0813d91c	thumb	sub_813D91C
0813d924	thumb	sub_813D924
0813d934	thumb	sub_813D934
0813d94c	thumb	sub_813D94C
0813d960	thumb	sub_813D960
0813d978	thumb	sub_813D978
0813d98c	thumb	sub_813D98C
0813d9a0	thumb	sub_813D9A0
0813d9ac	thumb	sub_813D9AC
0813d9dc	thumb	sub_813D9DC
0813d9e8	thumb	sub_813D9E8
0813d9f4	thumb	sub_813D9F4
0813da0c	thumb	sub_813DA0C
0813da84	thumb	sub_813DA84
0813da94	thumb	sub_813DA94
0813dac0	thumb	sub_813DAC0
0813dadc	thumb	sub_813DADC
0813daf4	thumb	sub_813DAF4
0813db24	thumb	sub_813DB24
0813e07c	thumb	reqBBS_813E07C
0813e0a4	thumb	reqBBS_cb_draw_813E0A4
0813e0f8	thumb	reqBBS_static_draw_813E0F8
0813e188	thumb	reqBBS_draw_813E188
0813e1c8	thumb	reqBBS_draw_813E1C8
0813e224	thumb	reqBBS_draw_813E224
0813e2ac	thumb	reqBBS_draw_813E2AC
0813e33c	thumb	reqBBS_draw_813E33C
0813e398	thumb	reqBBS_draw_813E398
0813e3f4	thumb	reqBBS_draw_813E3F4
0813e450	thumb	reqBBS_draw_813E450
0813e4ac	thumb	reqBBS_draw_813E4AC
0813e4f4	thumb	reqBBS_draw_813E4F4
0813e534	thumb	reqBBS_813E534
0813e5a0	thumb	reqBBS_uncomp_813E5A0
0813e5dc	thumb	reqBBS_addBBSMessage_813e5dc
0813e616	thumb	reqBBS_813E616
0813e634	thumb	reqBBS_dead_813E634
0813e660	thumb	reqBBS_813E660
0813e6d0	thumb	reqBBS_vram_813E6D0
0813e834	thumb	reqBBS_813E834
0813e890	thumb	reqBBS_813E890
0813e8cc	thumb	reqBBS_813E8CC
0813e910	thumb	reqBBS_dead_813E910
0813ea94	thumb	reqBBS_static_813EA94
0813ec10	thumb	reqBBS_static_813EC10
0813ec54	thumb	reqBBS_static_813EC54
0813ec6c	thumb	reqBBS_static_813EC6C
0813ecc0	thumb	reqBBS_draw_chatbox
0813ecd8	thumb	reqBBS_dead_813ECD8
0813ecf4	thumb	dead_813ECF4
0813ed0c	thumb	reqBBS_drawHeaderText
0813ed40	thumb	reqBBS_813ED40
0813ed5c	thumb	reqBBS_813ED5C
0813ed60	thumb	reqBBS_813ED60
0813ed98	thumb	reqBBS_813ED98
0813ede4	thumb	reqBBS_813EDE4
0813ee58	thumb	reqBBS_813EE58
0813eef4	thumb	reqBBS_813EEF4
0813ef2c	thumb	reqBBS_drawRequestBBS
0813f3c0	thumb	reqBBS_init_s_2005780
0813f404	thumb	reqBBS_subsystemCotnrol
0813f474	thumb	OpenReqBBSMenu813F474
0813f550	thumb	UpdateReqBBSMenu813F550
0813f590	thumb	ExitReqBBSMenu813F590
0813f5ec	thumb	reqBBS_813F5EC
0813f65c	thumb	reqBBS_813F65C
0813f6f8	thumb	reqBBS_813F6F8
0813f754	thumb	reqBBS_813F754
0813f7b0	thumb	reqBBS_813F7B0
0813f80c	thumb	reqBBS_813F80C
0813f868	thumb	reqBBS_813F868
0813f8b0	thumb	reqBBS_813F8B0
0813f8f0	thumb	reqBBS_813F8F0
0813f964	thumb	reqBBS_copyTextDataToRAM
0813f9a0	thumb	reqBBS_addRequest_813F9A0
0813f9da	thumb	reqBBS_initMemory_813F9DA
0813f9f8	thumb	reqBBS_dead_initMemory_813F9F8
0813fa24	thumb	sub_813FA24
0813fa54	thumb	reqBBS_813FA54
0813fab0	thumb	reqBBS_813FAB0
0813fb24	thumb	reqBBS_813FB24
0813fbc0	thumb	reqBBS_813FBC0
0813fc30	thumb	reqBBS_813FC30
0813fc8c	thumb	reqBBS_813FC8C
0813fd14	thumb	reqBBS_813FD14
0813fda8	thumb	reqBBS_813FDA8
0813fe54	thumb	reqBBS_813FE54
0813feb0	thumb	reqBBS_813FEB0
0813feec	thumb	reqBBS_renderRequestNames
0813ff30	thumb	sub_813FF30
0814004c	thumb	reqBBS_anim_814004C
081401c8	thumb	reqBBS_renderRequestStatus
0814024c	thumb	reqBBS_renderRankStars
081402cc	thumb	reqBBS_81402CC
0814030c	thumb	reqBBS_814030C
08140358	thumb	reqBBS_8140358
081403a8	thumb	reqBBS_81403A8
081403c0	thumb	reqBBS_81403C0
08140414	thumb	reqBBS_8140414
081404a0	thumb	reqBBS_drawChatbox_dup1
081404b8	thumb	reqBBS_drawSelectChatbox
081404d0	thumb	sub_81404D0
081404e8	thumb	reqBBS_renderSelectedEntry_HeaderText
0814051c	thumb	reqBBS_setChatboxHeaderBasedOn_0F
08140554	thumb	reqBBS_changeChatboxHeader
08140588	thumb	reqBBS_8140588
081405a4	thumb	reqBBS_81405A4
081405c0	thumb	reqBBS_81405C0
081405e8	thumb	reqBBS_81405E8
08140600	thumb	reqBBS_8140600
08140604	thumb	reqBBS_8140604
0814063c	thumb	sub_814063C
08140688	thumb	reqBBS_animateCursor
081406fc	thumb	reqBBS_81406FC
08140798	thumb	reqBBS_getRequestBBSRank
081407a8	thumb	reqBBS_81407A8
081407b8	thumb	reqBBS_81407B8
081407c8	thumb	reqBBS_81407C8
081407d8	thumb	reqBBS_81407D8
0814084c	thumb	reqBBS_814084C
08140868	thumb	reqBBS_8140868
08140884	thumb	reqBBS_8140884
081408a0	thumb	reqBBS_81408A0
081408b4	thumb	reqBBS_81408B4
081408c8	thumb	reqBBS_81408C8
081408dc	thumb	reqBBS_81408DC
081408f0	thumb	reqBBS_81408F0
08140974	thumb	reqBBS_8140974
08140984	thumb	reqBBS_8140984
081409d0	thumb	reqBBS_81409D0
081409e4	thumb	reqBBS_81409E4
081409f4	thumb	reqBBS_81409F4
08140a00	thumb	reqBBS_setFlag_e17b0f7_8140A00
08140a0c	thumb	reqBBS_clearFlag_8140A0C
08140a24	thumb	reqBBS_setFlags_8140A24
08140a40	thumb	reqBBS_setFlags_8140A40
08140a5c	thumb	reqBBS_RunTextScriptWhoAmI
0814187c	thumb	sub_814187C
0814189a	thumb	sub_814189A
081418aa	thumb	sub_81418AA
081418b6	thumb	sub_81418B6
081418c2	thumb	sub_81418C2
081418ce	thumb	sub_81418CE
081418da	thumb	sub_81418DA
081418e4	thumb	sub_81418E4
081418f0	thumb	sub_81418F0
08141914	thumb	sub_8141914
081419a0	thumb	sub_81419A0
08141a10	thumb	sub_8141A10
08141a70	thumb	sub_8141A70
08141aa8	thumb	sub_8141AA8
08141ad2	thumb	sub_8141AD2
08141f7c	thumb	sub_8141F7C
0814204c	thumb	sub_814204C
08142050	thumb	sub_8142050
08142068	thumb	sub_8142068
08142072	thumb	sub_8142072
08142080	thumb	sub_8142080
081420b0	thumb	sub_81420B0
081420c8	thumb	sub_81420C8
081420f0	thumb	sub_81420F0
08142102	thumb	sub_8142102
08142134	thumb	sub_8142134
0814214e	thumb	sub_814214E
0814215a	thumb	sub_814215A
08142166	thumb	sub_8142166
0814216e	thumb	sub_814216E
08142178	thumb	sub_8142178
08142184	thumb	sub_8142184
08142190	thumb	sub_8142190
0814219c	thumb	sub_814219C
081421b2	thumb	sub_81421B2
081421c8	thumb	sub_81421C8
081421d0	thumb	sub_81421D0
081421d8	thumb	sub_81421D8
081421e0	thumb	getField0x18OfScenarioEffectState2000780_81421e0
081421e8	thumb	sub_81421E8
08142204	thumb	sub_8142204
08142224	thumb	sub_8142224
0814223e	thumb	sub_814223E
08142248	thumb	sub_8142248
0814227a	thumb	sub_814227A
081422b4	thumb	sub_81422B4
081422be	thumb	sub_81422BE
08142510	thumb	sub_8142510
08142618	thumb	sub_8142618
081426cc	thumb	nullsub_37
081426ce	thumb	GetSoulWeaponsMapIndex
0814270a	thumb	sub_814270A
08142734	thumb	sub_8142734
0814278c	thumb	sub_814278C
081427a4	thumb	sub_81427A4
081427ce	thumb	sub_81427CE
081427f2	thumb	sub_81427F2
08142816	thumb	sub_8142816
0814283c	thumb	GetSoulWeaponCursorCameraOffsetForMap
08142868	thumb	GetSoulWeaponCursorCameraCoords
08142896	thumb	sub_8142896
081428c2	thumb	sub_81428C2
081428d4	thumb	sub_81428D4
08142952	thumb	sub_8142952
08142990	thumb	sub_8142990
0814299c	thumb	sub_814299C
081429ca	thumb	sub_81429CA
08142a84	thumb	sub_8142A84
08142ab0	thumb	sub_8142AB0
08142ada	thumb	sub_8142ADA
08142b04	thumb	sub_8142B04
08142b28	thumb	sub_8142B28
08142b58	thumb	sub_8142B58
08142bb6	thumb	sub_8142BB6
08142bf4	thumb	sub_8142BF4
08142bfa	thumb	sub_8142BFA
08142c20	thumb	sub_8142C20
08142c46	thumb	sub_8142C46
08142c90	thumb	sub_8142C90
08142c94	thumb	sub_8142C94
08142cb0	thumb	sub_8142CB0
08142cc8	thumb	sub_8142CC8
08142d4c	thumb	sub_8142D4C
08142d58	thumb	sub_8142D58
08142da0	thumb	sub_8142DA0
08142de6	thumb	sub_8142DE6
08142ecc	thumb	sub_8142ECC
08142fc8	thumb	sub_8142FC8
08143088	thumb	sub_8143088
081430b6	thumb	sub_81430B6
081430dc	thumb	sub_81430DC
081430f4	thumb	sub_81430F4
0814312c	thumb	sub_814312C
08143198	thumb	sub_8143198
081431c6	thumb	sub_81431C6
081431f8	thumb	sub_81431F8
08143204	thumb	sub_8143204
08143220	thumb	sub_8143220
08143248	thumb	sub_8143248
08143294	thumb	sub_8143294
081432d8	thumb	sub_81432D8
081432fa	thumb	sub_81432FA
08143314	thumb	sub_8143314
0814339c	thumb	sub_814339C
081433c2	thumb	sub_81433C2
081433ca	thumb	sub_81433CA
081433d2	thumb	sub_81433D2
081433da	thumb	sub_81433DA
081433e4	thumb	sub_81433E4
081433f6	thumb	sub_81433F6
08143406	thumb	sub_8143406
0814343a	thumb	sub_814343A
08143470	thumb	sub_8143470
08143482	thumb	sub_8143482
081434ba	thumb	sub_81434BA
08143978	thumb	sub_8143978
08143a54	thumb	sub_8143A54
08143b30	thumb	GetGroundmanMinigameMapIndex
08143b5e	thumb	sub_8143B5E
08143b88	thumb	GetGroundmanMinigameProgGridCoordsAndTextScriptIndex
08143bb0	thumb	sub_8143BB0
08143bfc	thumb	sub_8143BFC
08143c18	thumb	sub_8143C18
08143c30	thumb	sub_8143C30
08143c62	thumb	sub_8143C62
08143c88	thumb	sub_8143C88
08143cc8	thumb	sub_8143CC8
08143d4c	thumb	sub_8143D4C
08143d7a	thumb	sub_8143D7A
08143d9e	thumb	GetGroundmanMinigameGridOffsetsForMap
08143dbc	thumb	ConvertGroundmanMinigameGridCoordsToMapCoords
08143dea	thumb	sub_8143DEA
08143e68	thumb	sub_8143E68
08143ea4	thumb	sub_8143EA4
08143eb0	thumb	sub_8143EB0
08143edc	thumb	sub_8143EDC
08143f1c	thumb	sub_8143F1C
08143f20	thumb	sub_8143F20
08143f38	thumb	sub_8143F38
08143f58	thumb	sub_8143F58
08143f60	thumb	sub_8143F60
08143f68	thumb	sub_8143F68
08143f72	thumb	sub_8143F72
08143f7c	thumb	sub_8143F7C
08143f90	thumb	sub_8143F90
08143faa	thumb	sub_8143FAA
08143fc4	thumb	sub_8143FC4
08144010	thumb	sub_8144010
08144048	thumb	sub_8144048
081440ae	thumb	sub_81440AE
081440d8	thumb	sub_81440D8
08144158	thumb	sub_8144158
08144240	thumb	sub_8144240
08144250	thumb	sub_8144250
08144380	thumb	sub_8144380
081443ac	thumb	sub_81443AC
081443fc	thumb	sub_81443FC
081444e4	thumb	sub_81444E4
081445f8	thumb	sub_81445F8
0814469c	thumb	libSIO814469C
081446ac	thumb	sub_81446AC
0814474c	thumb	libSIOControlStart
0814475c	thumb	sub_814475C
08144920	thumb	sub_8144920
08144afc	thumb	sub_8144AFC
08144bbc	thumb	libStopAndReloadTimer3If_eTimerEnable200F460
08144bf0	thumb	sub_8144BF0
08144c24	thumb	sub_8144C24
08144c90	thumb	sub_8144C90
08144ce0	thumb	sub_8144CE0
08144cec	thumb	sub_8144CEC
08144cf8	thumb	sub_8144CF8
08144d04	thumb	sub_8144D04
08144d18	thumb	sub_8144D18
08144d24	thumb	sub_8144D24
08144d30	thumb	sub_8144D30
08144d3c	thumb	sub_8144D3C
08144d64	thumb	sub_8144D64
08144db0	thumb	sub_8144DB0
08144df0	thumb	sub_8144DF0
08144e44	thumb	sub_8144E44
08144e70	thumb	sub_8144E70
08144ea4	thumb	sub_8144EA4
08144eec	thumb	eStruct200FE00_setUnk04To15h
08144ef8	thumb	sub_8144EF8
08144fd0	thumb	sub_8144FD0
081450b4	thumb	sub_81450B4
08145120	thumb	sub_8145120
08145210	thumb	sub_8145210
081453d4	thumb	sub_81453D4
081453f0	thumb	sub_81453F0
081455e8	thumb	sub_81455E8
08145658	thumb	sub_8145658
08145d54	thumb	sub_8145D54
08145dd8	thumb	sub_8145DD8
08145ffc	thumb	sub_8145FFC
081460b0	thumb	sub_81460B0
0814610c	thumb	sub_814610C
08146138	thumb	sub_8146138
081461b0	thumb	sub_81461B0
081461d8	thumb	sub_81461D8
081461fc	thumb	sub_81461FC
081462d8	thumb	sub_81462D8
081463d0	thumb	sub_81463D0
081463e8	thumb	sub_81463E8
081463f4	thumb	sub_81463F4
08146438	thumb	sub_8146438
08146474	thumb	sub_8146474
081464b4	thumb	sub_81464B4
081464d4	thumb	sub_81464D4
081464fc	thumb	sub_81464FC
0814656c	thumb	sub_814656C
08146588	thumb	sub_8146588
081465bc	thumb	sub_81465BC
081465fc	thumb	sub_81465FC
0814665c	thumb	sub_814665C
081466c4	thumb	sub_81466C4
081466e4	thumb	sub_81466E4
081466f4	thumb	sub_81466F4
08146714	thumb	sub_8146714
08146724	thumb	sub_8146724
08146728	thumb	sub_8146728
08146738	thumb	sub_8146738
0814673c	thumb	sub_814673C
081467a0	thumb	sub_81467A0
08146808	thumb	sub_8146808
08146854	thumb	sub_8146854
08146888	thumb	sub_8146888
081468bc	thumb	sub_81468BC
081468c8	thumb	sub_81468C8
081468e0	thumb	sub_81468E0
081468f4	thumb	sub_81468F4
0814690c	thumb	sub_814690C
08146918	thumb	sub_8146918
0814692c	thumb	sub_814692C
08146938	thumb	sub_8146938
0814695c	thumb	sub_814695C
081469a0	thumb	sub_81469A0
081469a8	thumb	sub_81469A8
081469bc	thumb	sub_81469BC
081469dc	thumb	sub_81469DC
081469e8	thumb	sub_81469E8
081469f0	thumb	sub_81469F0
08146a18	thumb	sub_8146A18
08146a48	thumb	sub_8146A48
08146a70	thumb	sub_8146A70
08146b64	thumb	sub_8146B64
08146b70	thumb	sub_8146B70
08146bb8	thumb	sub_8146BB8
08146bf4	thumb	sub_8146BF4
08146c20	thumb	sub_8146C20
08146c60	thumb	sub_8146C60
08146c9c	thumb	sub_8146C9C
08146ce4	thumb	sub_8146CE4
08146cfc	thumb	sub_8146CFC
08146d20	thumb	sub_8146D20
08146d40	thumb	sub_8146D40
08146d98	thumb	sub_8146D98
08146e48	thumb	sub_8146E48
08146e5c	thumb	sub_8146E5C
08146e60	thumb	sub_8146E60
08146e78	thumb	sub_8146E78
08146e90	thumb	sub_8146E90
08146f90	thumb	sub_8146F90
0814713c	thumb	sub_814713C
081471d8	thumb	sub_81471D8
08147228	thumb	sub_8147228
0814728c	thumb	sub_814728C
081472f8	thumb	sub_81472F8
08147350	thumb	sub_8147350
081473ec	thumb	sub_81473EC
081475b8	thumb	sub_81475B8
081475d4	thumb	sub_81475D4
08147834	thumb	sub_8147834
0814794c	thumb	sub_814794C
08147a84	thumb	sub_8147A84
08147b24	thumb	sub_8147B24
08147b3c	thumb	sub_8147B3C
08147b54	thumb	sub_8147B54
08147c20	thumb	sub_8147C20
08147de0	thumb	sub_8147DE0
08147e44	thumb	sub_8147E44
08147e98	thumb	sub_8147E98
08147f00	thumb	sub_8147F00
08147f50	thumb	sub_8147F50
08147f98	thumb	sub_8147F98
0814801c	thumb	sub_814801C
08148208	thumb	sub_8148208
08148214	thumb	sub_8148214
08148224	thumb	sub_8148224
08148234	thumb	sub_8148234
08148540	thumb	sub_8148540
08148738	thumb	sub_8148738
08148878	thumb	sub_8148878
08148884	thumb	sub_8148884
08148a80	thumb	sub_8148A80
08148b80	thumb	sub_8148B80
08148bcc	thumb	sub_8148BCC
08148d24	thumb	sub_8148D24
08148e74	thumb	sub_8148E74
08148fb4	thumb	sub_8148FB4
08148fc0	thumb	sub_8148FC0
0814912c	thumb	sub_814912C
08149150	thumb	sub_8149150
08149220	thumb	sub_8149220
0814935c	thumb	sub_814935C
081493e4	thumb	sub_81493E4
081493f8	thumb	sub_81493F8
08149440	thumb	sub_8149440
08149454	thumb	sub_8149454
08149464	thumb	sub_8149464
08149470	thumb	sub_8149470
0814948c	thumb	sub_814948C
081494b8	thumb	sub_81494B8
081494f8	thumb	sub_81494F8
08149568	thumb	sub_8149568
0814957c	thumb	sub_814957C
08149590	thumb	sub_8149590
081495cc	thumb	sub_81495CC
08149644	thumb	sub_8149644
081496ec	thumb	sub_81496EC
08149718	thumb	sub_8149718
08149754	thumb	sub_8149754
08149768	thumb	sub_8149768
0814978c	thumb	sub_814978C
081497f4	thumb	sub_81497F4
08149880	thumb	sub_8149880
0814991c	thumb	sub_814991C
0814996c	thumb	sub_814996C
08149994	thumb	sub_8149994
081499f8	thumb	sub_81499F8
08149a0c	thumb	sub_8149A0C
08149a20	thumb	sub_8149A20
08149aa8	thumb	sub_8149AA8
08149be4	thumb	sub_8149BE4
08149bf8	thumb	sub_8149BF8
08149c1c	thumb	sub_8149C1C
08149c30	thumb	sub_8149C30
08149c54	thumb	sub_8149C54
08149c68	thumb	sub_8149C68
08149d78	thumb	sub_8149D78
08149de0	thumb	sub_8149DE0
08149df4	thumb	sub_8149DF4
08149f14	thumb	sub_8149F14
08149f48	thumb	sub_8149F48
08149f80	thumb	sub_8149F80
0814a060	thumb	sub_814A060
0814a41c	thumb	sub_814A41C
0814a4cc	thumb	sub_814A4CC
0814a55c	thumb	sub_814A55C
0814a63c	thumb	sub_814A63C
0814a698	thumb	sub_814A698
0814a6ac	thumb	sub_814A6AC
0814a750	thumb	sub_814A750
0814a780	thumb	sub_814A780
0814a794	thumb	sub_814A794
0814a7c4	thumb	sub_814A7C4
0814a7f0	thumb	sub_814A7F0
0814a828	thumb	sub_814A828
0814a8c8	thumb	sub_814A8C8
0814a934	thumb	sub_814A934
0814aaf0	thumb	sub_814AAF0
0814ab50	thumb	sub_814AB50
0814ab7c	thumb	sub_814AB7C
0814abb8	thumb	sub_814ABB8
0814abec	thumb	sub_814ABEC
0814adf4	thumb	sub_814ADF4
0814af5c	thumb	sub_814AF5C
0814afd4	thumb	sub_814AFD4
0814b068	thumb	sub_814B068
0814b094	thumb	sub_814B094
0814b0b4	thumb	sub_814B0B4
0814b1f8	thumb	sub_814B1F8
0814b290	thumb	sub_814B290
0814b2a0	thumb	sub_814B2A0
0814b2c8	thumb	sub_814B2C8
0814b400	thumb	sub_814B400
0814b5c0	thumb	sub_814B5C0
0814b694	thumb	sub_814B694
0814b6d4	thumb	sub_814B6D4
0814b7c0	thumb	sub_814B7C0
0814b858	thumb	sub_814B858
0814b8b0	thumb	sub_814B8B0
0814baf4	thumb	sub_814BAF4
0814bba8	thumb	sub_814BBA8
0814bd94	thumb	sub_814BD94
0814bf10	thumb	sub_814BF10
0814bfa0	thumb	sub_814BFA0
0814c058	thumb	sub_814C058
0814c10c	thumb	sub_814C10C
0814c1e4	thumb	sub_814C1E4
0814c220	thumb	sub_814C220
0814c2e8	thumb	sub_814C2E8
0814c348	thumb	sub_814C348
0814c354	thumb	sub_814C354
0814c360	thumb	sub_814C360
0814c36c	thumb	sub_814C36C
0814c378	thumb	sub_814C378
0814c384	thumb	sub_814C384
0814c3ac	thumb	sub_814C3AC
0814c3d0	thumb	sub_814C3D0
0814c418	thumb	sub_814C418
0814c43c	thumb	sub_814C43C
0814c484	thumb	sub_814C484
0814c4dc	thumb	sub_814C4DC
0814c51c	thumb	sub_814C51C
0814c540	thumb	sub_814C540
0814c564	thumb	sub_814C564
0814c588	thumb	sub_814C588
0814c5ac	thumb	sub_814C5AC
0814c5d0	thumb	sub_814C5D0
0814c5f4	thumb	sub_814C5F4
0814c624	thumb	sub_814C624
0814c648	thumb	sub_814C648
0814c66c	thumb	sub_814C66C
0814c6b4	thumb	sub_814C6B4
0814c6fc	thumb	sub_814C6FC
0814c720	thumb	sub_814C720
0814c744	thumb	sub_814C744
0814c794	thumb	sub_814C794
0814c7d4	thumb	sub_814C7D4
0814c7f8	thumb	sub_814C7F8
0814c828	thumb	sub_814C828
0814c860	thumb	sub_814C860
0814c89c	thumb	sub_814C89C
0814c8c0	thumb	sub_814C8C0
0814c8e4	thumb	sub_814C8E4
0814c908	thumb	sub_814C908
0814c96c	thumb	sub_814C96C
0814ca18	thumb	sub_814CA18
0814ca44	thumb	sub_814CA44
0814cb1c	thumb	sub_814CB1C
0814cb90	thumb	sub_814CB90
0814cc10	thumb	sub_814CC10
0814cc48	thumb	sub_814CC48
0814ccfc	thumb	sub_814CCFC
0814cd70	thumb	sub_814CD70
0814ce64	thumb	sub_814CE64
0814d8b4	thumb	SWI_CpuFastSet
0814d8b8	thumb	SWI_CpuSet
0814d8bc	thumb	SWI_Div
0814d8c0	thumb	SWI_LZ77UnCompReadNormalWrite16bit
0814d8c4	thumb	SWI_LZ77UnCompReadNormalWrite8bit
0814d8c8	thumb	SWI_Sqrt
0814d8cc	thumb	sub_814D8CC
0814d8f0	thumb	sub_814D8F0
0814d954	thumb	libSave_CopyToGamePak
0814d994	thumb	sub_814D994
0814d9c4	thumb	sub_814D9C4
0814da28	thumb	sub_814DA28
0814da64	thumb	sub_814DA64
0814da68	thumb	sub_814DA68
0814da6c	thumb	sub_814DA6C
0814da9c	thumb	sub_814DA9C
0814db30	thumb	nullsub_1
0814db34	thumb	__umodsi3
0814dbf4	thumb	umul3232H32
0814dc04	thumb	SoundMain
0814dc88	thumb	SoundMainRAM
0814dc94	arm	sub_814DC94
0814dce8	thumb	sub_814DCE8
0814de20	arm	sub_814DE20
0814e008	thumb	sub_814E008
0814e02c	thumb	SoundMainBTM
0814e044	thumb	RealClearChain
0814e064	thumb	ply_fine
0814e09c	thumb	sub_814E09C
0814e0b4	thumb	sub_814E0B4
0814e0b6	thumb	sub_814E0B6
0814e0d0	thumb	sub_814E0D0
0814e0dc	thumb	ply_goto
0814e0fc	thumb	ply_patt
0814e118	thumb	ply_pend
0814e12c	thumb	sub_814E12C
0814e15c	thumb	sub_814E15C
0814e168	thumb	sub_814E168
0814e17c	thumb	sub_814E17C
0814e190	thumb	sub_814E190
0814e1c0	thumb	sub_814E1C0
0814e1d4	thumb	sub_814E1D4
0814e1e8	thumb	sub_814E1E8
0814e1fc	thumb	sub_814E1FC
0814e210	thumb	sub_814E210
0814e21c	thumb	sub_814E21C
0814e234	thumb	sub_814E234
0814e248	thumb	sub_814E248
0814e260	thumb	sub_814E260
0814e4cc	thumb	sub_814E4CC
0814e4dc	thumb	sub_814E4DC
0814e528	thumb	sub_814E528
0814e558	thumb	sub_814E558
0814e758	thumb	sub_814E758
0814e7a4	thumb	sub_814E7A4
0814e7c0	thumb	sub_814E7C0
0814e7cc	thumb	sub_814E7CC
0814e7e0	thumb	sub_814E7E0
0814e7f4	thumb	sub_814E7F4
0814e85c	thumb	sub_814E85C
0814e87c	thumb	sub_814E87C
0814e8a0	thumb	sub_814E8A0
0814e918	thumb	m4aSoundMain
0814e924	thumb	m4a_SongNumStart
0814e950	thumb	sub_814E950
0814e99c	thumb	sub_814E99C
0814e9f0	thumb	sub_814E9F0
0814ea24	thumb	sub_814EA24
0814ea58	thumb	sub_814EA58
0814ea84	thumb	sub_814EA84
0814ea90	thumb	sub_814EA90
0814eabc	thumb	sub_814EABC
0814eacc	thumb	sub_814EACC
0814eaf0	thumb	sub_814EAF0
0814eb1c	thumb	sub_814EB1C
0814eb84	thumb	sub_814EB84
0814eca0	thumb	sub_814ECA0
0814ecb4	thumb	sub_814ECB4
0814ecc8	thumb	sub_814ECC8
0814edc0	thumb	sub_814EDC0
0814ee2c	thumb	sub_814EE2C
0814eec0	thumb	sub_814EEC0
0814ef14	thumb	sub_814EF14
0814ef94	thumb	sub_814EF94
0814f00c	thumb	m4a_2_814F00C
0814f08c	thumb	sub_814F08C
0814f104	thumb	sound_814F104
0814f1e8	thumb	sub_814F1E8
0814f228	thumb	sub_814F228
0814f2f0	thumb	sub_814F2F0
0814f3a4	thumb	sub_814F3A4
0814f44c	thumb	sub_814F44C
0814f4a0	thumb	sub_814F4A0
0814f508	thumb	CgbSound
0814f988	thumb	sub_814F988
0814f9ac	thumb	sub_814F9AC
0814fa14	thumb	sub_814FA14
0814fa88	thumb	sub_814FA88
0814faf0	thumb	sub_814FAF0
0814fb14	thumb	sub_814FB14
0814fb88	thumb	sub_814FB88
0814fbfc	thumb	sub_814FBFC
0814fd54	thumb	sub_814FD54
0814fd74	thumb	sub_814FD74
0814fd88	thumb	sub_814FD88
0814fdd0	thumb	sub_814FDD0
0814fde4	thumb	sub_814FDE4
0814fdf8	thumb	sub_814FDF8
0814fe0c	thumb	sub_814FE0C
0814fe20	thumb	sub_814FE20
0814fe34	thumb	sub_814FE34
0814fe40	thumb	sub_814FE40
0814fe4c	thumb	sub_814FE4C
0814fe60	thumb	sub_814FE60
0814fe74	thumb	nullsub_23
